frames,seed,steps,guide,strength,tag,channels,guide_start,x0_only,velocity_source,sample_time_s,run,calibration.rollout_paper_h1,calibration.rollout_paper_h5,calibration.gt_error,calibration.rollout_h1,calibration.rollout_h5,calibration.invalid_frame_rate,holdout.rollout_paper_h1,holdout.rollout_paper_h5,holdout.gt_error,holdout.rollout_h1,holdout.rollout_h5,holdout.invalid_frame_rate,all.rollout_paper_h1,all.rollout_paper_h5,all.gt_error,all.rollout_h1,all.rollout_h5,all.invalid_frame_rate
25,0,100,none,0.0,,all,0.0,False,generated,7.497311115264893,out/runs/25f_seed0_steps100/none,0.13081361070977615,0.6534201478327193,1.230139879394982,0.05778755738487664,0.42127571152057286,0.13671875,0.14573548756754076,0.705725369809245,1.337053030795708,0.06473762802915764,0.46572210236668216,0.15256696428571428,0.1438702529603202,0.6991872170621793,1.3236888868706171,0.06386886919862253,0.4601663035109184,0.1505859375
25,0,100,oracle,0.03,,all,0.0,False,generated,17.43803596496582,out/runs/25f_seed0_steps100/oracle_s0.03,0.12634272845232342,0.6335359076793354,1.1665467413840167,0.0565821212712322,0.4082722889758221,0.1375,0.14284640364521076,0.6868080552315805,1.2676403818736177,0.06332964176108966,0.4554295396771519,0.14659598214285716,0.14078344424609981,0.6801490367875498,1.2550036768124175,0.06248620169985747,0.4495348833394857,0.145458984375
25,0,100,oracle,0.1,,all,0.0,False,generated,17.46490454673767,out/runs/25f_seed0_steps100/oracle_s0.1,0.12338129486249237,0.5941468079241417,0.9945434633160259,0.05565090303811908,0.3907578168263049,0.12578125,0.1341421596159124,0.6442446865693908,1.1048546052850703,0.05949759251949605,0.4243970673733793,0.1375,0.13279705152173488,0.6379824517387347,1.0910657125389398,0.05901675633432393,0.420192161054995,0.13603515625
25,0,100,oracle,0.3,,all,0.0,False,generated,17.45766544342041,out/runs/25f_seed0_steps100/oracle_s0.3,0.0900456385686002,0.4355392191900503,0.5355121186656832,0.04117989711761831,0.2738848232970858,0.07695312500000001,0.11201833802032089,0.5261410649866645,0.6411350173394277,0.0513259809304786,0.3433762418987461,0.11088169642857142,0.10927175058885578,0.5148158342620877,0.6279321550052096,0.050057720453871066,0.3346898145735385,0.106640625
25,0,100,oracle,1.0,,all,0.0,False,generated,17.428067684173584,out/runs/25f_seed0_steps100/oracle_s1,0.014745487007258033,0.09883136184471446,0.015527298607210785,0.008770407650318342,0.03093626328526281,0.0023437500000000003,0.018705863322030593,0.11882377953981389,0.02150758401132961,0.010350013526514604,0.04115784157820478,0.003683035714285714,0.018210816282684027,0.11632472732792645,0.020760048335814758,0.010152562791990073,0.03988014429158703,0.0035156250000000005
25,0,100,oracle,10.0,,all,0.0,False,generated,17.43421721458435,out/runs/25f_seed0_steps100/oracle_s10,0.048719752209562775,0.2023655448596021,0.11096855036102013,0.03213135014042472,0.09362574045510881,0.005859375,0.049748513884666834,0.21218576368510275,0.11058897744575093,0.0326250835832707,0.09484324846604017,0.010156250000000002,0.04961991867527883,0.21095823633191516,0.11063642406015958,0.032563366902914954,0.09469105996467375,0.009619140625000001
25,0,100,oracle,3.0,,all,0.0,False,generated,17.42768168449402,out/runs/25f_seed0_steps100/oracle_s3,0.017473517069542543,0.10662097421420969,0.02915052652808974,0.010787525948952222,0.033878907982061654,0.00078125,0.01760281361711391,0.1086544090962703,0.02981192383433079,0.010912543157321139,0.03401168506694788,0.0015625,0.017586651548667488,0.10840022973601271,0.029729249171050656,0.010896916006275023,0.0339950879313371,0.0014648437500000002
25,0,100,rollout1,0.03,,all,0.0,False,generated,40.923694133758545,out/runs/25f_seed0_steps100/rollout1_s0.03,0.12696600861686835,0.647942008030544,1.2235618184306607,0.054526538980768355,0.413611009492741,0.13242187500000002,0.14117922260594687,0.6957170204884976,1.328763738774121,0.06147381990588461,0.4542020842090236,0.1455357142857143,0.13940257085731206,0.6897451439312535,1.3156134987311883,0.06060540979024508,0.44912819986948826,0.143896484375
25,0,100,rollout1,0.1,,all,0.0,False,generated,40.343717098236084,out/runs/25f_seed0_steps100/rollout1_s0.1,0.12157969891247418,0.6389642866012991,1.2028115862531892,0.050560331787290795,0.40637616781994534,0.11757812500000002,0.12966519999496467,0.665919349058487,1.3084932408444772,0.054044917933805614,0.429412950239715,0.12276785714285714,0.12865451235965336,0.6625499662513388,1.295283034020566,0.05360934466549126,0.42653335243724383,0.122119140625
25,0,100,rollout1,0.3,,all,0.0,False,generated,36.10694193840027,out/runs/25f_seed0_steps100/rollout1_s0.3,0.1083698054917834,0.5868991738761342,1.1671932619217054,0.04377241819164707,0.3710192506349951,0.089453125,0.10755304770293247,0.6018619212493664,1.2719270596268621,0.0428120927550208,0.37904371174097407,0.07968750000000001,0.10765514242653883,0.5999915778277125,1.2588353349137176,0.042932133434599076,0.37804065410272675,0.080908203125
25,0,100,rollout1,1.0,,all,0.0,False,generated,36.11124277114868,out/runs/25f_seed0_steps100/rollout1_s1,0.08835661312867098,0.49012017773903616,1.1133340936445566,0.04003383384844066,0.321110681148171,0.050390625,0.0977053804855221,0.551262765798685,1.2106981457254555,0.042902163073776485,0.3583222262969266,0.06322544642857143,0.09653678456591572,0.543619942291229,1.198527639215343,0.04254362192060951,0.3536707831533321,0.06162109375000001
25,0,100,rollout1,10.0,,all,0.0,False,generated,35.39017581939697,out/runs/25f_seed0_steps100/rollout1_s10,0.1635577099215511,0.8004463926787881,1.3112659860664337,0.13319601952181548,0.6998246829952917,0.037890625,0.15918897708990007,0.7927674957050012,1.382219129002394,0.12924172204524487,0.6842292211762947,0.03236607142857143,0.15973506869385645,0.7937273578267247,1.3733499861353988,0.1297360092298162,0.6861786539036694,0.033056640624999994
25,0,100,rollout1,3.0,,all,0.0,False,generated,37.426172971725464,out/runs/25f_seed0_steps100/rollout1_s3,0.10248880973299081,0.5749398442484293,1.1460529996058435,0.05783716674477654,0.41178253124674363,0.051171875000000006,0.11291618714295715,0.6184237807458077,1.2499409248648838,0.06183822426445618,0.44570745345927315,0.05987723214285715,0.11161276496671135,0.6129882886836353,1.2369549342075037,0.061338092074496225,0.44146683818270693,0.0587890625
25,0,100,rollout5,0.03,,all,0.0,False,generated,93.56150031089783,out/runs/25f_seed0_steps100/rollout5_s0.03,0.1252137473530539,0.6368636792252094,1.2114318245569127,0.055561947231998574,0.40801838531650064,0.133984375,0.1399446831286697,0.6815256090580276,1.316721014792678,0.061974794864495975,0.4460984777208968,0.14603794642857146,0.13810331615671773,0.6759428678289253,1.3035598660132073,0.061173188910433794,0.4413384661703473,0.14453125
25,0,100,rollout5,0.1,,all,0.0,False,generated,92.49565505981445,out/runs/25f_seed0_steps100/rollout5_s0.1,0.11410828362328827,0.5789636553022486,1.1563136531927247,0.05055798576856098,0.371266126019684,0.11250000000000002,0.12484829994102371,0.6267347032663881,1.273507841821736,0.05436355148349119,0.40229951775906103,0.1256138392857143,0.12350579790130677,0.6207633222708706,1.2588585682431095,0.053887855769124915,0.39842034379163893,0.12397460937499999
25,0,100,rollout5,0.3,,all,0.0,False,generated,92.00892877578735,out/runs/25f_seed0_steps100/rollout5_s0.3,0.08491493128765545,0.4663776736306836,1.0470419474640646,0.036792247524647895,0.2832810907312458,0.06640625,0.09452582288752283,0.5086195100298054,1.1798447591806511,0.04101712699329282,0.3101332567755734,0.07834821428571428,0.09332446143753939,0.5033392804799153,1.1632444077160775,0.0404890170597122,0.30677673602003247,0.07685546875
25,0,100,rollout5,1.0,,all,0.0,False,generated,90.91713905334473,out/runs/25f_seed0_steps100/rollout5_s1,0.08011480842203994,0.4034844893667852,0.8954188580751192,0.038596343135401806,0.24547726471057257,0.05468750000000001,0.09146053509514188,0.45871676813213375,1.043759210172689,0.04216576413684342,0.28345192615129455,0.05825892857142857,0.09004231926100413,0.4518127332864652,1.0252166661604925,0.041719586511663215,0.2787050934712043,0.0578125
25,0,100,rollout5,10.0,,all,0.0,False,generated,91.04653096199036,out/runs/25f_seed0_steps100/rollout5_s10,0.2717208120804324,0.7710135278039931,1.1074011862211695,0.18300821527958824,0.46788121126767523,0.06523437500000001,0.28506412694575356,0.7950496451570138,1.1643031922689946,0.192331491093271,0.5005092301463384,0.06651785714285716,0.2833962125875884,0.7920451304878863,1.1571904415130165,0.19116608161656065,0.49643072778650554,0.066357421875
25,0,100,rollout5,3.0,,all,0.0,False,generated,92.50965976715088,out/runs/25f_seed0_steps100/rollout5_s3,0.12386398778131344,0.5109843429492705,1.0318872728200796,0.07169960429788963,0.33785191992649005,0.06523437500000001,0.1355382640638986,0.5596965454411821,1.1145628470165907,0.07532997516513361,0.367777729149043,0.07232142857142858,0.13407897952857545,0.5536075201296932,1.1042284002420268,0.0748761788067281,0.3640370029962238,0.071435546875
25,0,20,none,0.0,,all,0.0,False,generated,1.6755611896514893,out/runs/25f_seed0_steps20/none,0.13673191780290517,0.6624929776540642,1.219564476558459,0.06351035748694961,0.42249341774574234,0.136328125,0.15031750170639846,0.707080525723329,1.3283594182873733,0.07014559289464473,0.4666830016457193,0.15072544642857144,0.14861930371846183,0.701507082214671,1.3147600505712589,0.06931618846868282,0.4611593036582222,0.14892578125
25,0,20,oracle,0.03,,all,0.0,False,generated,3.6303985118865967,out/runs/25f_seed0_steps20/oracle_s0.03,0.13223048879477478,0.6463550550318603,1.1581962297792239,0.06203419189213333,0.41344797492763435,0.13046875,0.14778229181140595,0.6921042877650646,1.2627529923075087,0.06858254961042329,0.4586761594568479,0.14469866071428572,0.14583831643432704,0.6863856336734139,1.2496833969914731,0.06776400489563703,0.4530226363906962,0.14291992187500002
25,0,20,oracle,0.1,,all,0.0,False,generated,3.6804022789001465,out/runs/25f_seed0_steps20/oracle_s0.1,0.1294587678983282,0.6032930022650306,0.9984785765119542,0.062057983978681085,0.394238468421547,0.1328125,0.14030137944239573,0.6525333160740595,1.110316895220599,0.06527898957963758,0.4300338403432504,0.13604910714285715,0.13894605299938728,0.6463782768479309,1.0963371053820186,0.06487636387951802,0.4255594188530374,0.13564453124999998
25,0,20,oracle,0.3,,all,0.0,False,generated,3.628541946411133,out/runs/25f_seed0_steps20/oracle_s0.3,0.10184048097167203,0.46442804153338224,0.5696242214312647,0.049565777822758984,0.2896445594550478,0.08085937500000001,0.12215201827757059,0.5513298469302927,0.6771866037217252,0.059114608077445015,0.3572073209880511,0.11456473214285715,0.11961307611433328,0.5404671212556789,0.6637413059354178,0.057921004295609264,0.3487619757964257,0.1103515625
25,0,20,oracle,1.0,,all,0.0,False,generated,3.6201517581939697,out/runs/25f_seed0_steps20/oracle_s1,0.05353185476200764,0.24706977947767322,0.06273768591554116,0.032112358515153164,0.11234111041511678,0.0140625,0.058870388745018536,0.2721992190490531,0.07364895112923163,0.034468356809024034,0.12784989438429875,0.018303571428571426,0.05820307199714217,0.2690580391026306,0.07228504297752034,0.03417385702229017,0.12591129638815102,0.0177734375
25,0,20,oracle,10.0,,all,0.0,False,generated,3.599423885345459,out/runs/25f_seed0_steps20/oracle_s10,0.4371512899767478,1.182489705768147,0.5466035486208306,0.2887808265221581,0.7420077832925572,0.319921875,0.44093196126530876,1.202608232167037,0.5548772287599947,0.2912518470826592,0.7598805386156252,0.31367187499999993,0.4404593773542386,1.200093416367176,0.5538430187425992,0.29094296951259657,0.7576464442002417,0.314453125
25,0,20,oracle,3.0,,all,0.0,False,generated,3.6369569301605225,out/runs/25f_seed0_steps20/oracle_s3,0.095166908744393,0.3761298913481409,0.17571945523783822,0.060144367070945934,0.1890308203315334,0.05468750000000001,0.09756987102828048,0.3945905924896752,0.17416714320338597,0.06155876583497772,0.19324278871058836,0.05167410714285714,0.09726950074279453,0.3922830048469835,0.17436118220769248,0.06138196598947374,0.1927162926632065,0.052050781250000004
25,0,20,rollout1,0.03,,all,0.0,False,generated,8.043931484222412,out/runs/25f_seed0_steps20/rollout1_s0.03,0.1317161048015748,0.6489680139776989,1.2112967650481221,0.06030183691406714,0.4132763689536912,0.12851562500000002,0.14600459413289618,0.6958697495555055,1.3208444089836093,0.06654866023686463,0.4561587233893724,0.14135044642857142,0.144218532966481,0.6900070326082797,1.3071509534916732,0.06576780732151495,0.4507984290849123,0.13974609375000002
25,0,20,rollout1,0.1,,all,0.0,False,generated,8.029182434082031,out/runs/25f_seed0_steps20/rollout1_s0.1,0.12712041575091718,0.6471128244607116,1.1939633222850135,0.05638161756337608,0.4095130765261165,0.115234375,0.1349368843235135,0.6680706823811882,1.3029216653364841,0.05995417325542909,0.431838565055708,0.12154017857142858,0.13395982575193896,0.6654509501411285,1.2893018724550505,0.05950760379392246,0.4290478789895091,0.120751953125
25,0,20,rollout1,0.3,,all,0.0,False,generated,7.685077428817749,out/runs/25f_seed0_steps20/rollout1_s0.3,0.1160754449224188,0.5972937363124686,1.1609888226568348,0.05153227969398765,0.3770308480339414,0.09609375,0.11682501658914439,0.6159495070675552,1.2691241689371213,0.050751010153148764,0.38757080459736637,0.08493303571428572,0.1167313201308037,0.6136175357231693,1.2556072506520852,0.050848668845753626,0.3862533100269383,0.086328125
25,0,20,rollout1,1.0,,all,0.0,False,generated,7.930602312088013,out/runs/25f_seed0_steps20/rollout1_s1,0.11132770615669137,0.5498337897087093,1.1289292900744463,0.05666536708054352,0.35118070314967326,0.06992187500000001,0.11776139863014944,0.5930513414210553,1.2381652690840876,0.059382752337339535,0.37653719336129216,0.08387276785714286,0.1169571870709672,0.5876491474570122,1.2245107717078825,0.05904307918024003,0.37336763208483986,0.08212890625000001
25,0,20,rollout1,10.0,,all,0.0,False,generated,8.457531452178955,out/runs/25f_seed0_steps20/rollout1_s10,0.48405863194337606,1.3300936227194022,1.6622504689408448,0.34242533632771077,0.9819866280253726,0.30859375000000006,0.4688084173085887,1.3191759800330551,1.7195998896510258,0.34535810164160125,0.995852912438429,0.3092633928571429,0.4707146941379371,1.3205406853688488,1.7124312120622531,0.34499150597736494,0.9941196268867969,0.3091796875
25,0,20,rollout1,3.0,,all,0.0,False,generated,8.14833402633667,out/runs/25f_seed0_steps20/rollout1_s3,0.19777686442961287,0.7720170069692405,1.258115090285896,0.11856329515568592,0.5085447666095844,0.183203125,0.19990250576133947,0.8020604969535859,1.3627977185473164,0.12000330896163049,0.538532234952183,0.1787388392857143,0.19963680059487363,0.7983050607055427,1.3497123900146386,0.11982330723588741,0.5347838014093582,0.17929687500000002
25,0,20,rollout5,0.03,,all,0.0,False,generated,18.33055090904236,out/runs/25f_seed0_steps20/rollout5_s0.03,0.1302475161022586,0.6373012727493454,1.1989231538504488,0.060808377624693016,0.4070635846277254,0.1296875,0.14558525820994458,0.6875361493314804,1.3095238992191252,0.06726441189439829,0.44899026046079343,0.1435825892857143,0.14366804044648382,0.6812567897587136,1.2956988060480406,0.06645740761068514,0.44374942598165995,0.141845703125
25,0,20,rollout5,0.1,,all,0.0,False,generated,18.21011734008789,out/runs/25f_seed0_steps20/rollout5_s0.1,0.12053885563179717,0.594967516326524,1.1510716184095056,0.056428391597974296,0.3796325402555299,0.11249999999999999,0.13220708638929307,0.6393333769029991,1.2704934919941695,0.060944357764538694,0.4095591735936962,0.12544642857142857,0.13074855754460607,0.6337876443309397,1.2555657577960864,0.06037986199371814,0.4058183444264254,0.12382812500000001
25,0,20,rollout5,0.3,,all,0.0,False,generated,18.136619806289673,out/runs/25f_seed0_steps20/rollout5_s0.3,0.09438102365671024,0.48651614466203597,1.0529254241526735,0.04439913890660301,0.2935107585701159,0.066796875,0.10363296382041898,0.528808256303034,1.1846329036766992,0.04833574143330081,0.32054941782179025,0.07901785714285715,0.1024764712999554,0.5235217423479093,1.168169468736196,0.04784366611746359,0.3171695854153309,0.07749023437500001
25,0,20,rollout5,1.0,,all,0.0,False,generated,17.935370206832886,out/runs/25f_seed0_steps20/rollout5_s1,0.10435069980844283,0.4590193742537724,0.928935017858889,0.0555344860967692,0.2695545456484768,0.07734375,0.1131108093409112,0.5093753327662889,1.0707906363723063,0.05989697569296896,0.3057704222294474,0.08242187499999999,0.11201579564935263,0.5030808379522244,1.053058684058129,0.059351664493443985,0.30124343765682615,0.08178710937500001
25,0,20,rollout5,10.0,,all,0.0,False,generated,18.104135274887085,out/runs/25f_seed0_steps20/rollout5_s10,0.5514698497017969,1.2825709447523561,1.332278664149234,0.40202974460043917,0.9052979363691339,0.276953125,0.5672663391306464,1.342519312766543,1.4072404567117356,0.4161313331353294,0.9538104259338837,0.283203125,0.5652917779520403,1.3350257667647698,1.397870232641423,0.4143686345684682,0.94774636473829,0.282421875
25,0,20,rollout5,3.0,,all,0.0,False,generated,18.63002061843872,out/runs/25f_seed0_steps20/rollout5_s3,0.2089584852224185,0.6917069339499802,1.0806163100000152,0.12959457231931018,0.43130981560202386,0.14492187500000003,0.21597359491348816,0.7440221857126524,1.155527296547127,0.1339010785371977,0.4637882047213563,0.16724330357142855,0.21509670620210444,0.7374827792423184,1.146163423228738,0.13336276525996177,0.4597284060814397,0.164453125
25,0,50,none,0.0,,all,0.0,False,generated,3.8308753967285156,out/runs/25f_seed0_steps50/none,0.1324844245346798,0.6539278931635496,1.2283013421087468,0.05882235294607486,0.4204242143146438,0.1390625,0.14672622279462302,0.7060613536745599,1.3342781300959292,0.06575280598430402,0.4648129512991107,0.15267857142857144,0.1449459980121301,0.6995446711106836,1.3210310315975313,0.06488649935452538,0.45926435917605235,0.15097656250000002
25,0,50,oracle,0.03,,all,0.0,False,generated,8.834635257720947,out/runs/25f_seed0_steps50/oracle_s0.03,0.1277323464552851,0.6361306340916366,1.164171939188214,0.05760081777363722,0.40819770472329053,0.13671875,0.14404027320799967,0.6890730133370103,1.2662636845858815,0.06448224425179652,0.4553635699934765,0.1465401785714286,0.14200178236391037,0.6824552159313386,1.2535022164111727,0.06362206594202661,0.44946783683470326,0.1453125
25,0,50,oracle,0.1,,all,0.0,False,generated,8.80082631111145,out/runs/25f_seed0_steps50/oracle_s0.1,0.12455322304315952,0.5947558145161728,0.9950800707879521,0.05728954098286344,0.3900892628624856,0.13125,0.13521077050661687,0.6441725534807817,1.1063392258352827,0.06062743074861697,0.42464351653340643,0.13666294642857144,0.1338785770736847,0.6379954611102057,1.0924318314543662,0.060210194527897776,0.4203242348245413,0.13598632812500003
25,0,50,oracle,0.3,,all,0.0,False,generated,8.809428453445435,out/runs/25f_seed0_steps50/oracle_s0.3,0.09167366672507601,0.43779016353562117,0.544195601128537,0.04252142891903524,0.27555289081717055,0.076171875,0.11394273098851837,0.5311189326907011,0.6495955176981381,0.05280002910780955,0.34537130997744503,0.11305803571428572,0.11115909795558808,0.519452836546316,0.6364205281269378,0.05151520408421276,0.33664400758241064,0.10844726562500001
25,0,50,oracle,1.0,,all,0.0,False,generated,8.787880182266235,out/runs/25f_seed0_steps50/oracle_s1,0.02448037609447937,0.13966798282977488,0.027128415696023197,0.01438400644946563,0.05410040644005221,0.003515625,0.027560106640452522,0.15422215285167168,0.033410226853756386,0.015830265327074457,0.05982494222647589,0.005524553571428572,0.027175140322205873,0.1524028815989346,0.03262500045903974,0.015649482967373354,0.05910937525317293,0.0052734375
25,0,50,oracle,10.0,,all,0.0,False,generated,8.798590660095215,out/runs/25f_seed0_steps50/oracle_s10,0.11828124920285195,0.3990374421598515,0.23249620967573661,0.07984904166747005,0.20066892738791134,0.06953125,0.11791929092620468,0.4073911633092941,0.2306270838674729,0.07917253517454362,0.20432651349498565,0.05714285714285715,0.11796453571078558,0.4063469481656138,0.23086072459350587,0.07925709848615942,0.2038693152316014,0.05869140625000001
25,0,50,oracle,3.0,,all,0.0,False,generated,8.856302976608276,out/runs/25f_seed0_steps50/oracle_s3,0.03442181561659208,0.1738520701031796,0.06638782460979419,0.021866316526486046,0.06944245968739249,0.004687500000000001,0.034878620767476755,0.17466850037213102,0.06478134437770192,0.022075719595850606,0.06784208023914697,0.005022321428571429,0.03482152012361617,0.17456644658851211,0.06498215440671345,0.022049544212180035,0.06804212767017767,0.0049804687500000005
25,0,50,rollout1,0.03,,all,0.0,False,generated,19.642027378082275,out/runs/25f_seed0_steps50/rollout1_s0.03,0.12758270108578973,0.6477217849547248,1.2204679767712676,0.05611104465096561,0.4119627160570617,0.131640625,0.14232873881996133,0.6956074911166805,1.326983488765103,0.06253473191143975,0.4533075091150071,0.14441964285714287,0.14048548410318987,0.689621777846436,1.3136690497658738,0.061731771003880484,0.4481394099827639,0.142822265625
25,0,50,rollout1,0.1,,all,0.0,False,generated,19.87381410598755,out/runs/25f_seed0_steps50/rollout1_s0.1,0.12164716055242522,0.6396712777563875,1.2015545340719576,0.05185991520932834,0.40693033770792775,0.11445312500000002,0.13110180396175591,0.6676257255600484,1.3069409301671062,0.05522455768853387,0.428928363749627,0.12349330357142858,0.12991997353558957,0.6641314195845907,1.2937676306552124,0.054803977378633184,0.4261786104944146,0.12236328125000001
25,0,50,rollout1,0.3,,all,0.0,False,generated,19.041287183761597,out/runs/25f_seed0_steps50/rollout1_s0.3,0.11104176472354145,0.5941714273581578,1.1663489333289458,0.045175394344203895,0.37487213340590647,0.091796875,0.10942391631695411,0.6051795142247448,1.2706659788611343,0.04426148676719909,0.378807012163341,0.08186383928571428,0.10962614736777752,0.6038035033664213,1.257626348169611,0.04437572521432469,0.3783151523186617,0.08310546875
25,0,50,rollout1,1.0,,all,0.0,False,generated,18.56794261932373,out/runs/25f_seed0_steps50/rollout1_s1,0.09472900627244749,0.5141805684089492,1.11245126044555,0.04302436570987424,0.3311671786108765,0.05585937500000002,0.10045712380979192,0.5564882101344909,1.2202655674990817,0.04505475877325112,0.35830706871547985,0.06417410714285714,0.09974110911762386,0.5511997549187981,1.2067887791173901,0.04480095964032901,0.3549145824524045,0.063134765625
25,0,50,rollout1,10.0,,all,0.0,False,generated,18.478830337524414,out/runs/25f_seed0_steps50/rollout1_s10,0.21850084699821612,0.8970056344119774,1.3447691670461168,0.1648898059619061,0.7120853351970752,0.09726562500000001,0.2241293357093664,0.9192181034977951,1.4696429570120968,0.1694445983611194,0.7401686364059346,0.09698660714285715,0.22342577462047264,0.9164415448620679,1.4540337332663493,0.16887524931121772,0.7366582237548271,0.09702148437500001
25,0,50,rollout1,3.0,,all,0.0,False,generated,18.5451021194458,out/runs/25f_seed0_steps50/rollout1_s3,0.11936274418170321,0.6092061608685104,1.1950581268246578,0.06681288977204444,0.42068704109394306,0.07539062500000002,0.12862323963060454,0.6522487229033632,1.2796698696222866,0.07088762751752212,0.45695787226087964,0.08465401785714287,0.12746567769949185,0.6468684026490065,1.2690934017725828,0.0703782852993374,0.45242401836501256,0.08349609375
25,0,50,rollout5,0.03,,all,0.0,False,generated,46.90598511695862,out/runs/25f_seed0_steps50/rollout5_s0.03,0.1261154167819687,0.6347150945546949,1.208804690292975,0.05655063956233519,0.4056336804974021,0.13203125000000002,0.14113349907603545,0.6837181443985748,1.3146844714407533,0.06298782106058684,0.4451052966478595,0.1465401785714286,0.13925623878927712,0.6775927631680898,1.301449498797281,0.06218317337330538,0.4401713446290524,0.1447265625
25,0,50,rollout5,0.1,,all,0.0,False,generated,46.68220663070679,out/runs/25f_seed0_steps50/rollout5_s0.1,0.11527083600364268,0.5806365158845802,1.1536201083576967,0.05178866564394345,0.37012963802341786,0.11484375,0.12649026153823223,0.6292865922058898,1.2730384513482942,0.05554895822582068,0.4027385281945946,0.125390625,0.12508783334640855,0.6232053326657261,1.2581111584744695,0.05507892165308602,0.3986624169231975,0.12407226562500001
25,0,50,rollout5,0.3,,all,0.0,False,generated,46.59222197532654,out/runs/25f_seed0_steps50/rollout5_s0.3,0.08665840789145471,0.47361491539971534,1.0499147536215414,0.0378668629095143,0.28578637762616566,0.06562500000000002,0.09683169517508829,0.5130411685857323,1.181001447290523,0.042427792323484224,0.31150157590304645,0.08186383928571428,0.0955600342646341,0.5081128869374802,1.1646156105819003,0.041857676146737986,0.3082871761184363,0.079833984375
25,0,50,rollout5,1.0,,all,0.0,False,generated,45.75776934623718,out/runs/25f_seed0_steps50/rollout5_s1,0.0832906380756063,0.40414525046661764,0.9102222177990751,0.04188388940832265,0.2461299891318419,0.058984375000000006,0.09485093648915645,0.4624656517544347,1.0501519659916838,0.045141823027492964,0.282267709349248,0.06183035714285715,0.09340589918746268,0.4551756015934576,1.0326607474676077,0.04473458132509667,0.27775049432207227,0.061474609375
25,0,50,rollout5,10.0,,all,0.0,False,generated,46.038033962249756,out/runs/25f_seed0_steps50/rollout5_s10,0.2955323949176808,0.8529611415540173,1.2203161738361494,0.20894881940701912,0.5671077842447259,0.09140625000000001,0.3117855738233666,0.8961385211542595,1.2410096515342157,0.21728692234838604,0.588477035626988,0.10044642857142858,0.30975392646015587,0.8907413487042292,1.2384229668219575,0.2162446594807152,0.5858058792042053,0.09931640625000002
25,0,50,rollout5,3.0,,all,0.0,False,generated,45.64471435546875,out/runs/25f_seed0_steps50/rollout5_s3,0.13991564281826907,0.5537687368790711,1.0321128562118962,0.08144108265914365,0.3519387850415657,0.08085937500000001,0.15022856999010167,0.5963588263787403,1.1222556970592812,0.08523184841697307,0.3838582055962227,0.09285714285714287,0.14893945409362264,0.5910350651912816,1.110987841953358,0.08475800269724439,0.3798682780268906,0.09135742187500001
25,1,100,none,0.0,,all,0.0,False,generated,7.481125831604004,out/runs/25f_seed1_steps100/none,0.12527410008405973,0.6269156124810835,1.2211375015195318,0.055586140905823526,0.40777355431008366,0.133984375,0.1380221986000904,0.6796293290121364,1.3174303065654416,0.060823325970384076,0.4445214317969007,0.14425223214285715,0.13642868628558658,0.6730401144457548,1.305393705934703,0.060168677837314014,0.43992794711104855,0.14296874999999998
25,1,100,oracle,0.03,,all,0.0,False,generated,17.455808401107788,out/runs/25f_seed1_steps100/oracle_s0.03,0.12124192294769062,0.6079500514167253,1.1559546447369708,0.05369189651610182,0.39377630068240604,0.127734375,0.13402615719247576,0.659365702627041,1.2486464660856689,0.059527585585507144,0.42984030351159774,0.1380580357142857,0.13242812791187764,0.6529387462257514,1.2370599884170816,0.05879812445183148,0.4253323031579488,0.136767578125
25,1,100,oracle,0.1,,all,0.0,False,generated,17.441349506378174,out/runs/25f_seed1_steps100/oracle_s0.1,0.11348111780876267,0.5572079949112403,0.9841704302442671,0.05080734377738066,0.36018730053956494,0.11445312500000002,0.128471907153395,0.6269487703429435,1.0877557150622066,0.05754082504339391,0.40700198335232957,0.13175223214285717,0.12659805848531597,0.6182311734139805,1.0748075544599642,0.056699139885142254,0.401150148000734,0.12958984375
25,1,100,oracle,0.3,,all,0.0,False,generated,17.43518328666687,out/runs/25f_seed1_steps100/oracle_s0.3,0.0845394142931319,0.4146096767151294,0.5502003796161348,0.040152432783041564,0.2695574783191796,0.07304687500000001,0.10626177975403599,0.5058580979212524,0.6279333763006717,0.048076240578396275,0.32625379518041353,0.10279017857142858,0.10354648407142299,0.494452045270487,0.6182167517151045,0.04708576460397694,0.31916675557275925,0.09907226562500002
25,1,100,oracle,1.0,,all,0.0,False,generated,17.42641282081604,out/runs/25f_seed1_steps100/oracle_s1,0.01689228300303812,0.10396737638394936,0.017318488893364868,0.010171124510775025,0.03394847317077777,0.0023437500000000003,0.01798983761024574,0.11344782852635227,0.01994157379261601,0.010341487170250465,0.03673689845629892,0.002232142857142857,0.01785264328434479,0.11226277200855192,0.019613688180209615,0.010320191837816035,0.03638834529560876,0.00224609375
25,1,100,oracle,10.0,,all,0.0,False,generated,17.714937686920166,out/runs/25f_seed1_steps100/oracle_s10,0.04703765457286466,0.1905164258251052,0.11425501727719828,0.03229477291663677,0.08818670705885756,0.01015625,0.04629137972934943,0.19012103728647434,0.1100459737964355,0.03138958577155895,0.08452731364917762,0.008258928571428572,0.046384664084788835,0.19017046085380318,0.11057210423153083,0.03150273416469368,0.08498473782538762,0.00849609375
25,1,100,oracle,3.0,,all,0.0,False,generated,17.458426475524902,out/runs/25f_seed1_steps100/oracle_s3,0.016872142844693957,0.10171987842699809,0.028737898136158683,0.010609073577589436,0.030078428767009953,0.00078125,0.016923150621707104,0.10309374876696029,0.029319872419649194,0.010750776133359981,0.03015015443406977,0.0006138392857142858,0.016916774649580458,0.10292201497446501,0.029247125634212882,0.010733063313888664,0.030141188725687294,0.0006347656250000001
25,1,100,rollout1,0.03,,all,0.0,False,generated,37.269071102142334,out/runs/25f_seed1_steps100/rollout1_s0.03,0.11978546318023012,0.615378438090707,1.2127029692890439,0.05184242908892001,0.39522686389630785,0.12382812500000001,0.13258984689792142,0.6625530966658878,1.3081363799335566,0.05743394864337625,0.4308741582295011,0.13141741071428573,0.13098929893321,0.6566562643439903,1.2962072036029926,0.056735008699069216,0.42641824643785187,0.13046875000000002
25,1,100,rollout1,0.1,,all,0.0,False,generated,37.389705657958984,out/runs/25f_seed1_steps100/rollout1_s0.1,0.1077502364009787,0.5835617938600155,1.1932686321275479,0.045620983059658456,0.36695594354931793,0.09531250000000002,0.1211102576024683,0.6336814800688426,1.2941311201744878,0.0506289848443246,0.40394903131739623,0.11138392857142856,0.11944025495228208,0.6274165192927393,1.2815233091686205,0.05000298462124133,0.3993248953463865,0.109375
25,1,100,rollout1,0.3,,all,0.0,False,generated,38.15958762168884,out/runs/25f_seed1_steps100/rollout1_s0.3,0.08875998520184764,0.5123225412020787,1.1550995219081575,0.03681389551117999,0.3152992139638813,0.060546875,0.10279036560685853,0.578457937322214,1.2562687710514988,0.04119143282943832,0.36200786212466535,0.07187500000000001,0.10103656805623218,0.5701910128071971,1.2436226149085812,0.04064424066465602,0.35616928110456736,0.070458984375
25,1,100,rollout1,1.0,,all,0.0,False,generated,38.35401272773743,out/runs/25f_seed1_steps100/rollout1_s1,0.07896603538484268,0.4680390204438729,1.1289027357312982,0.03660947160134269,0.3033211110208992,0.037890625000000004,0.09538240657844102,0.5448821495358513,1.2188947618373842,0.042491249090049484,0.3555491344114385,0.05915178571428572,0.09333036017924123,0.5352767583993541,1.2076457585741234,0.04175602690396114,0.3490206314876211,0.05649414062500001
25,1,100,rollout1,10.0,,all,0.0,False,generated,35.457045793533325,out/runs/25f_seed1_steps100/rollout1_s10,0.1638439678703908,0.808039353946627,1.2888797400696725,0.13828075719510394,0.6999839929757596,0.033984375,0.17208372935079716,0.8622819940721287,1.4087774448128296,0.1450868142159916,0.7416121541279848,0.04587053571428572,0.1710537591657464,0.855501664056441,1.3937902317199353,0.14423605708838064,0.7364086339839566,0.044384765625
25,1,100,rollout1,3.0,,all,0.0,False,generated,38.14196729660034,out/runs/25f_seed1_steps100/rollout1_s3,0.10316325347702447,0.5809560546874994,1.1664767192708474,0.05813724186940601,0.41587279581522135,0.049609375000000004,0.11662025254349435,0.647637289755212,1.2933726775725316,0.0662057931626875,0.4719334390996735,0.06584821428571429,0.1149381276601856,0.6393021353717478,1.277510682784821,0.06519722425102732,0.46492585868911696,0.06381835937500001
25,1,100,rollout5,0.03,,all,0.0,False,generated,91.34885668754578,out/runs/25f_seed1_steps100/rollout5_s0.03,0.11843129179337156,0.5984326028650422,1.1975764430758695,0.05229836723598256,0.38590363356372265,0.123046875,0.13016020113762516,0.6500128123261764,1.2972146022080417,0.05735576338099922,0.42097641993875207,0.1328125,0.12869408746959346,0.6435652861435345,1.2847598323165201,0.05672358886287214,0.41659232164187343,0.131591796875
25,1,100,rollout5,0.1,,all,0.0,False,generated,91.19615912437439,out/runs/25f_seed1_steps100/rollout5_s0.1,0.10509624674784238,0.5456369888603445,1.1532884409623465,0.04593005819746056,0.34142900900149953,0.10039062500000001,0.11723074589753867,0.5970108415184165,1.257886501866754,0.05169489724728838,0.380164804507937,0.1178013392857143,0.11571393350382662,0.5905891099361574,1.244811744253703,0.0509742923660599,0.3753228300696323,0.115625
25,1,100,rollout5,0.3,,all,0.0,False,generated,86.0958149433136,out/runs/25f_seed1_steps100/rollout5_s0.3,0.07759360174717952,0.427282641015132,1.0510791568678197,0.03459368009196987,0.2548708876818965,0.058984375000000006,0.08815693684793231,0.48258824242983483,1.165627964408926,0.038533077790386824,0.28975262183331324,0.0701450892857143,0.0868365199603382,0.475675042252997,1.1513093634662874,0.0380406530780847,0.2853924050643861,0.06875
25,1,100,rollout5,1.0,,all,0.0,False,generated,86.88590836524963,out/runs/25f_seed1_steps100/rollout5_s1,0.08073619984103264,0.40406237001925177,0.9868175464065718,0.03821825909244676,0.24653928771733954,0.04609375,0.08888182073287007,0.44024160315128186,1.0686759831583752,0.04279189373445965,0.27594960025116705,0.06071428571428572,0.08786361812139037,0.4357191990097781,1.0584436785643998,0.04222018940420805,0.27227331118443865,0.058886718750000004
25,1,100,rollout5,10.0,,all,0.0,False,generated,83.3202874660492,out/runs/25f_seed1_steps100/rollout5_s10,0.2606471477710126,0.7299871104787243,1.0915987649352301,0.1779050813599125,0.45690719519120643,0.06171875,0.2883676587806656,0.7790186756612659,1.152866255147345,0.19562178871587182,0.4963175197762704,0.06629464285714286,0.284902594904459,0.7728897300134481,1.1452078188708306,0.19340720029637692,0.4913912292031374,0.06572265625000001
25,1,100,rollout5,3.0,,all,0.0,False,generated,78.37290596961975,out/runs/25f_seed1_steps100/rollout5_s3,0.12620387949229364,0.5323120730902633,1.0768109707603584,0.0747034132085148,0.3622603756152014,0.07890625,0.12941030934961076,0.5422206817901912,1.1155618686167048,0.07490472312704474,0.3629558047760124,0.07354910714285715,0.12900950561744612,0.5409821057027002,1.1107180063846616,0.0748795593872285,0.362868876130911,0.07421875
25,1,20,none,0.0,,all,0.0,False,generated,1.6196279525756836,out/runs/25f_seed1_steps20/none,0.12825015034741477,0.6254725953115932,1.2111942957545354,0.0593676809568396,0.4071967900818755,0.129296875,0.14083816676489444,0.6784578733669867,1.3085827300798871,0.06489197348217615,0.4434847414597994,0.14246651785714287,0.13926466471270946,0.6718347136100626,1.296409175789218,0.06420143691650909,0.43894874753755886,0.14082031250000002
25,1,20,oracle,0.03,,all,0.0,False,generated,3.636209487915039,out/runs/25f_seed1_steps20/oracle_s0.03,0.12730708970296026,0.6133946266664562,1.1469765947887698,0.05863282038626769,0.3994461088431174,0.130078125,0.1380888286802516,0.6625073745220209,1.245086727023002,0.06407871718166326,0.43363787996616093,0.1376674107142857,0.1367411113080902,0.6563682810400753,1.2328229604937226,0.06339798008223882,0.42936390857578055,0.13671875
25,1,20,oracle,0.1,,all,0.0,False,generated,3.6056630611419678,out/runs/25f_seed1_steps20/oracle_s0.1,0.11748626840245566,0.5595861212887667,0.9867995776031586,0.0555128893475717,0.36236132038909585,0.11835937500000002,0.13278310011784514,0.6329902894758549,1.0926325160137638,0.06209514664175576,0.4122101834705955,0.13275669642857144,0.13087099615342146,0.6238147684524689,1.0794033987124378,0.06127236447998275,0.405979075585408,0.13095703125
25,1,20,oracle,0.3,,all,0.0,False,generated,3.6040337085723877,out/runs/25f_seed1_steps20/oracle_s0.3,0.09456697729886807,0.4438467420459668,0.5863834871869298,0.04705366907554001,0.28841823793609844,0.08671875,0.1144034001228914,0.5291493282081957,0.6651640500882647,0.05484073822907725,0.3404530034650148,0.10758928571428572,0.11192384726988848,0.5184865049379171,0.6553164797255978,0.0538673545848851,0.3339486577739003,0.10498046875000001
25,1,20,oracle,1.0,,all,0.0,False,generated,3.6129181385040283,out/runs/25f_seed1_steps20/oracle_s1,0.05115891246905594,0.23141450925857232,0.06636871313364012,0.0313247794596118,0.10832420282612672,0.021484375,0.05464470170726136,0.2522982191328887,0.07285548224593427,0.03304668498022325,0.12084794720258932,0.02265625,0.054208978052485673,0.24968775539859914,0.0720446361068975,0.032831446790146816,0.1192824791555315,0.022509765625
25,1,20,oracle,10.0,,all,0.0,False,generated,3.6443426609039307,out/runs/25f_seed1_steps20/oracle_s10,0.4097093202792883,1.0726847705535565,0.5312105833098666,0.28472724443455066,0.7288363291779465,0.29921875,0.4177475819777228,1.0990930164530965,0.5244380373041791,0.28340338871853493,0.7267359854826895,0.29581473214285714,0.41674279926541846,1.0957919857156542,0.5252846055548901,0.28356887068303693,0.7269985284445964,0.296240234375
25,1,20,oracle,3.0,,all,0.0,False,generated,3.6195590496063232,out/runs/25f_seed1_steps20/oracle_s3,0.08031192312604088,0.3202844606283816,0.17076078298129996,0.05271611752511641,0.1586344002017237,0.043750000000000004,0.08370724523754355,0.3373105910492425,0.16907808227660276,0.05406842473189834,0.1695700894192103,0.04296875,0.08328282997360571,0.33518232474663495,0.16928841986468993,0.053899386331050604,0.1682031282670245,0.04306640625
25,1,20,rollout1,0.03,,all,0.0,False,generated,7.812636613845825,out/runs/25f_seed1_steps20/rollout1_s0.03,0.1236565918920724,0.6190147902301264,1.206715498686978,0.056557549743785455,0.400028426090733,0.12421875000000002,0.13568727528532162,0.6643824916000142,1.3012371091225978,0.06161588694211178,0.43166205466203555,0.13270089285714287,0.1341834398611655,0.6587115289287783,1.2894219078181455,0.060983594792320996,0.4277078510906227,0.131640625
25,1,20,rollout1,0.1,,all,0.0,False,generated,7.642644882202148,out/runs/25f_seed1_steps20/rollout1_s0.1,0.11497531985074717,0.5948685344013855,1.188760455969759,0.05076917684440546,0.37405683940184176,0.09570312500000001,0.12666346917273433,0.6419756369879812,1.287968484801239,0.05583611989257443,0.4101307779847706,0.11361607142857144,0.1252024505074859,0.6360872491646568,1.275567481197304,0.05520275201155331,0.4056215356619045,0.11137695312500001
25,1,20,rollout1,0.3,,all,0.0,False,generated,7.503011465072632,out/runs/25f_seed1_steps20/rollout1_s0.3,0.09359963272291659,0.5210773937282758,1.1510567792080413,0.04325429967759068,0.31975711983854566,0.07187500000000001,0.1086077128560052,0.5873030685694294,1.255113096909891,0.047532451158777446,0.36735884684228315,0.08119419642857142,0.10673170283936911,0.5790248592142853,1.2421060571971596,0.0469976822236291,0.36140863096681597,0.08002929687500002
25,1,20,rollout1,1.0,,all,0.0,False,generated,7.599881410598755,out/runs/25f_seed1_steps20/rollout1_s1,0.10548181344814661,0.5340047474320486,1.1505973906917228,0.05588462649763134,0.33819615632668243,0.08046875,0.11417692292249607,0.5882287118568642,1.23379435979396,0.058202863057161824,0.3755024682650201,0.08699776785714287,0.11309003423820238,0.5814507163037622,1.2233947386561803,0.05791308348722052,0.3708391792727279,0.086181640625
25,1,20,rollout1,10.0,,all,0.0,False,generated,8.161327362060547,out/runs/25f_seed1_steps20/rollout1_s10,0.45355795151190337,1.3122418254065524,1.6233474185195016,0.34030231576773085,1.0126440954699807,0.32539062500000004,0.46677005878389244,1.3641992196498234,1.7537827034610214,0.35203593259324373,1.0553949082679812,0.33242187500000003,0.46511854537489383,1.3577045453694145,1.7374782928433312,0.3505692304900546,1.050051056668231,0.33154296875
25,1,20,rollout1,3.0,,all,0.0,False,generated,7.57586669921875,out/runs/25f_seed1_steps20/rollout1_s3,0.1926287074036903,0.7914455654494605,1.2783397459022874,0.11945677192401064,0.5393150917503142,0.20195312499999998,0.19891938144110957,0.8255480339306592,1.3715447401804874,0.12328083302181882,0.5723517613761488,0.20457589285714287,0.19813304718643215,0.8212852253705094,1.3598941158957123,0.12280282538459279,0.5682221776729195,0.204248046875
25,1,20,rollout5,0.03,,all,0.0,False,generated,17.155231714248657,out/runs/25f_seed1_steps20/rollout5_s0.03,0.12360601606079313,0.6065490352479399,1.1909280481303561,0.057254901091737066,0.39109768804740763,0.126171875,0.13511210349681282,0.6563450067351856,1.290350051960242,0.061734163384250626,0.42463673803270335,0.13297991071428572,0.13367384256731035,0.6501205102992798,1.2779223014815062,0.061174255597686425,0.4204443567845414,0.13212890625
25,1,20,rollout5,0.1,,all,0.0,False,generated,17.50017786026001,out/runs/25f_seed1_steps20/rollout5_s0.1,0.10933156128224307,0.5519310376699091,1.1497676007023117,0.051100751240116274,0.34591983343314403,0.10820312500000001,0.12185830095789345,0.6034332223129268,1.2518129083974106,0.056524573882587345,0.38427555565167826,0.11930803571428572,0.12029245849843717,0.5969954492325495,1.2390572449355233,0.05584659605227846,0.3794810903743615,0.117919921875
25,1,20,rollout5,0.3,,all,0.0,False,generated,17.04361844062805,out/runs/25f_seed1_steps20/rollout5_s0.3,0.08492096734833846,0.44434933369529084,1.0558500847469006,0.040926945457671476,0.2651663759757463,0.06796875000000001,0.09563214190914911,0.4978028963934893,1.1709463457747646,0.04514693268695489,0.2996124592269857,0.0779575892857143,0.09429324508904775,0.4911212010562145,1.156559313146282,0.04461943428329446,0.2953066988205808,0.07670898437500001
25,1,20,rollout5,1.0,,all,0.0,False,generated,17.031887531280518,out/runs/25f_seed1_steps20/rollout5_s1,0.10398599609215492,0.4573670048507744,1.0244965223177842,0.05792293399936689,0.27720487672250926,0.07773437500000001,0.11010703421760847,0.4966238938445124,1.094534090224224,0.0597899441071129,0.3022645249109014,0.09157366071428573,0.10934190445192678,0.49171678272029506,1.085779394235919,0.05955656784364466,0.29913206888735233,0.08984375000000001
25,1,20,rollout5,10.0,,all,0.0,False,generated,16.87381911277771,out/runs/25f_seed1_steps20/rollout5_s10,0.5295691554585352,1.2435226052729116,1.3512299320151433,0.396372771464954,0.908763976056794,0.29765625,0.5499831009842238,1.3007496421138574,1.4018191003360347,0.405699095872032,0.9417146895257508,0.3073102678571429,0.5474313577935128,1.293596262508739,1.3954954542959235,0.4045333053211473,0.9375958503421312,0.30610351562500004
25,1,20,rollout5,3.0,,all,0.0,False,generated,16.940410375595093,out/runs/25f_seed1_steps20/rollout5_s3,0.20699585915100926,0.7022064068838485,1.1225628211651735,0.13092583594668167,0.45137412970864904,0.19921875,0.2115431638687209,0.7264541917843258,1.1756876823897795,0.13443302553705544,0.46596234356412175,0.1849330357142857,0.21097475077900696,0.7234232186717662,1.1690470747367034,0.13399462683825875,0.46413881683218766,0.18671875
25,1,50,none,0.0,,all,0.0,False,generated,3.8258848190307617,out/runs/25f_seed1_steps50/none,0.12487828728946973,0.6224105735434928,1.2189662270131534,0.05609651686510196,0.4068885240336414,0.13632812500000002,0.13864941968547406,0.6786086182273462,1.3146745511049196,0.061713378603441046,0.44361235595544357,0.14514508928571426,0.13692802813597355,0.6715838626418646,1.3027110105934487,0.06101127088614866,0.4390218769652183,0.14404296875
25,1,50,oracle,0.03,,all,0.0,False,generated,8.788965463638306,out/runs/25f_seed1_steps50/oracle_s0.03,0.12304401130267187,0.6082824937264825,1.1527479303433288,0.054342573646431414,0.394166687763689,0.1296875,0.1345327546762239,0.6588292899931868,1.2476569689228003,0.06011850012749934,0.42955647916003276,0.1385044642857143,0.1330966617545299,0.6525109404598488,1.2357933391003662,0.059396509317365856,0.4251327552354899,0.13740234375000002
25,1,50,oracle,0.1,,all,0.0,False,generated,8.814329862594604,out/runs/25f_seed1_steps50/oracle_s0.1,0.11330066172390443,0.5529020947083596,0.9845940502654499,0.05163258564351325,0.35839335189863397,0.11679687500000001,0.12897780118499688,0.6258691870768855,1.0882205094761546,0.058229969244799104,0.4066515035221852,0.13130580357142857,0.12701815875236033,0.6167483005308199,1.0752672020748164,0.05740529629463837,0.40061923456924126,0.12949218750000002
25,1,50,oracle,0.3,,all,0.0,False,generated,8.813339948654175,out/runs/25f_seed1_steps50/oracle_s0.3,0.08578777558153255,0.4196786073894327,0.5588119570030803,0.04092508156964136,0.27088685397637124,0.07773437500000001,0.10754781323339935,0.5102854925877683,0.6370504732724577,0.04913510756759604,0.3282967883619667,0.10552455357142858,0.104827808526916,0.4989596319379764,0.6272706587387854,0.048108854317851696,0.3211205465637672,0.10205078125000001
25,1,50,oracle,1.0,,all,0.0,False,generated,8.783664464950562,out/runs/25f_seed1_steps50/oracle_s1,0.02402446305918024,0.1348561828498571,0.028220084521549206,0.014658002913197698,0.05131970712998395,0.003125,0.025709647145906234,0.1448809813176816,0.03160129792278803,0.015225318189592366,0.055602763837645605,0.004129464285714286,0.025498999135065484,0.14362788150920353,0.031178646247633172,0.015154403780043032,0.05506738174918789,0.00400390625
25,1,50,oracle,10.0,,all,0.0,False,generated,8.798088073730469,out/runs/25f_seed1_steps50/oracle_s10,0.10852341110135542,0.3517243139160221,0.22359201575907306,0.07543377895523531,0.18185738799283657,0.04960937500000001,0.11127947951144732,0.35994017455419847,0.22531937030004934,0.0774286484181347,0.18793642540976765,0.04938616071428571,0.11093497096018581,0.35891319197442645,0.2251034509824273,0.07717928973527227,0.18717654573265124,0.04941406250000001
25,1,50,oracle,3.0,,all,0.0,False,generated,8.789347410202026,out/runs/25f_seed1_steps50/oracle_s3,0.03040383940475775,0.150149032844512,0.061415155006947955,0.01994312925481203,0.05894561096256837,0.0027343750000000003,0.03161342917270673,0.1581290567072385,0.06392978179097016,0.020369148764896084,0.06043137426983613,0.003738839285714286,0.03146223045171311,0.1571315537243977,0.06361545344296737,0.020315896326135577,0.06024565385642766,0.00361328125
25,1,50,rollout1,0.03,,all,0.0,False,generated,18.52564024925232,out/runs/25f_seed1_steps50/rollout1_s0.03,0.11988146233550405,0.6129540363070022,1.210811894920226,0.05247731149921811,0.3945039427302196,0.126953125,0.13249326864303135,0.661344307256221,1.306483341636966,0.05796876233182074,0.42890807519894275,0.13297991071428572,0.13091679285459046,0.6552955233875686,1.2945244107973735,0.05728233097774541,0.4246075586403523,0.1322265625
25,1,50,rollout1,0.1,,all,0.0,False,generated,18.47920513153076,out/runs/25f_seed1_steps50/rollout1_s0.1,0.10896687834958921,0.5859340222704104,1.1921925148201828,0.04604509165938073,0.36801826565224727,0.09765625000000001,0.12265028763710537,0.635311181387097,1.2916653661376472,0.05150786741656529,0.4036603340860774,0.1142857142857143,0.12093986147616584,0.6291390364975111,1.2792312597229643,0.05082502044691721,0.39920507553184864,0.11220703125
25,1,50,rollout1,0.3,,all,0.0,False,generated,17.947305917739868,out/runs/25f_seed1_steps50/rollout1_s0.3,0.08871068658872716,0.5156785945130571,1.1519789714817301,0.03775925389726375,0.31769818704027186,0.06015625000000001,0.10389046445842233,0.5800527870251493,1.255184985651921,0.04238114752767636,0.3627013587100475,0.07466517857142858,0.10199299222471044,0.5720060129611377,1.2422842338806472,0.04180341082387479,0.35707596225132554,0.0728515625
25,1,50,rollout1,1.0,,all,0.0,False,generated,18.098105907440186,out/runs/25f_seed1_steps50/rollout1_s1,0.08285104048204506,0.4757953341604289,1.128311121941907,0.03900288108328108,0.3059847360486907,0.04101562500000001,0.09763481278985485,0.5495438858100362,1.2222708177755368,0.04467288607246434,0.35458619821228854,0.06138392857142857,0.09578684125137864,0.5403253168538352,1.210525855796333,0.04396413544881644,0.3485110154418388,0.05883789062500001
25,1,50,rollout1,10.0,,all,0.0,False,generated,18.40194845199585,out/runs/25f_seed1_steps50/rollout1_s10,0.2338024245735179,0.9760642847842809,1.4261597584413455,0.18252306745684832,0.7883866128515179,0.12421875000000002,0.24281185577056055,1.0280299637205819,1.4871041198017525,0.1900371712629372,0.8378749467007572,0.11964285714285715,0.24168567687093023,1.021534253853544,1.4794860746317016,0.1890979082871761,0.8316889049696023,0.12021484375
25,1,50,rollout1,3.0,,all,0.0,False,generated,18.048710346221924,out/runs/25f_seed1_steps50/rollout1_s3,0.12803129722800705,0.6543403224675262,1.1870398590127826,0.07361830374499398,0.46609754626236666,0.10117187500000001,0.13493734630464085,0.6902928067298646,1.3032716152233073,0.0768045927920739,0.4939282683893926,0.10295758928571429,0.13407409017006167,0.6857987461970723,1.2887426456969915,0.07640630666118892,0.49044942812351433,0.102734375
25,1,50,rollout5,0.03,,all,0.0,False,generated,45.444143533706665,out/runs/25f_seed1_steps50/rollout5_s0.03,0.11931981304871385,0.6013367113170955,1.1953506117636095,0.05302758539702908,0.3854562459324722,0.126953125,0.13074369384279708,0.6507794169411909,1.2954871719274252,0.05798036457536526,0.4213416866001679,0.13286830357142856,0.12931570874353665,0.644599078738179,1.2829701019069484,0.057361267178073244,0.416856006516706,0.13212890625
25,1,50,rollout5,0.1,,all,0.0,False,generated,45.284461975097656,out/runs/25f_seed1_steps50/rollout5_s0.1,0.10542633877364338,0.5450243119723454,1.1518472438404512,0.04648166343674208,0.34114539189577453,0.10507812500000001,0.11795186802868853,0.5972741713045255,1.2556614288766563,0.05241851443147984,0.3794664708005437,0.11997767857142859,0.11638617687180788,0.590742938888003,1.242684655747131,0.05167640805713763,0.3746763359374475,0.11811523437500002
25,1,50,rollout5,0.3,,all,0.0,False,generated,44.666064500808716,out/runs/25f_seed1_steps50/rollout5_s0.3,0.07866952758143869,0.4268907451862284,1.0510416114483332,0.035763269537068224,0.25453297082987414,0.06054687500000001,0.0889878121508371,0.48251331910787254,1.1659276489751995,0.03949425924420237,0.28976150944708323,0.07209821428571428,0.08769802657966233,0.47556049736766703,1.1515668942843411,0.0390278855308106,0.28535794211993215,0.070654296875
25,1,50,rollout5,1.0,,all,0.0,False,generated,44.82147932052612,out/runs/25f_seed1_steps50/rollout5_s1,0.08415609622652741,0.40914198363194715,0.9926525783377325,0.041394184199703726,0.2470765502331679,0.051562500000000004,0.09294821605703499,0.4540185425027377,1.0732416591669156,0.04552390060820518,0.28285744414664327,0.06685267857142858,0.09184920107822153,0.4484089726438888,1.0631680240632677,0.045007686057142504,0.2783848324074588,0.06494140625
25,1,50,rollout5,10.0,,all,0.0,False,generated,44.21656155586243,out/runs/25f_seed1_steps50/rollout5_s10,0.28709834090725356,0.8396685796583441,1.201668947083188,0.20508952922925844,0.5621831593951522,0.09257812500000001,0.30302860875925675,0.8694765134340293,1.2159693378704566,0.21326063099363277,0.5878360551522788,0.10228794642857143,0.3010373252777564,0.8657505217120687,1.214181789022048,0.21223924327308596,0.584629443182638,0.10107421875
25,1,50,rollout5,3.0,,all,0.0,False,generated,45.13733196258545,out/runs/25f_seed1_steps50/rollout5_s3,0.13578579139979435,0.5511912711423741,1.0901788432154393,0.0800871129531175,0.36039499067481495,0.090625,0.14399871438888415,0.5778103506078099,1.1268085320256696,0.08525588606418322,0.3807289947498481,0.09966517857142858,0.1429720990152479,0.5744829656746304,1.1222298209243906,0.0846097894253,0.37818724424046896,0.09853515625
25,2,100,none,0.0,,all,0.0,False,generated,7.491593599319458,out/runs/25f_seed2_steps100/none,0.1326813121673937,0.6397409421391125,1.2489714780292132,0.0617080642158538,0.4218706569308913,0.15468749999999998,0.14198728769398933,0.6900108206251064,1.328977377189449,0.06515036644487458,0.4558977138797994,0.15111607142857145,0.14082404075316488,0.6837270858143573,1.3189766397944196,0.06472007866624699,0.45164433176118585,0.1515625
25,2,100,oracle,0.03,,all,0.0,False,generated,17.430347681045532,out/runs/25f_seed2_steps100/oracle_s0.03,0.13367699695936194,0.6336842876877389,1.1779565093499362,0.06275345640574286,0.41988471757245704,0.158203125,0.13903002313153448,0.6745354315219834,1.2544426432281601,0.06347898553766178,0.44355188306510634,0.14893973214285713,0.1383608948600129,0.6694290385427029,1.2448818764933822,0.06338829439617191,0.4405934873785253,0.15009765625
25,2,100,oracle,0.1,,all,0.0,False,generated,17.49362277984619,out/runs/25f_seed2_steps100/oracle_s0.1,0.1253638138640935,0.5915674018786109,1.002145834264912,0.05800400742449925,0.387427550887805,0.137890625,0.13373119473369716,0.636007836400403,1.0855961868769226,0.06127122593322175,0.41953674834363763,0.14207589285714287,0.1326852721249967,0.6304527820851789,1.0751648928004212,0.060862823619631426,0.4155230986616586,0.14155273437500002
25,2,100,oracle,0.3,,all,0.0,False,generated,17.634318590164185,out/runs/25f_seed2_steps100/oracle_s0.3,0.0913233082620001,0.43960890292790583,0.5068774132822036,0.042423808337051436,0.2852220478565951,0.08281250000000001,0.10933795921186842,0.5079785684066289,0.6009516380869305,0.05181039733286335,0.331653088410505,0.1140625,0.10708612784313488,0.4994323602217885,0.5891923599863397,0.050637073708386854,0.32584920834126624,0.11015625000000001
25,2,100,oracle,1.0,,all,0.0,False,generated,17.432447910308838,out/runs/25f_seed2_steps100/oracle_s1,0.014409920256948733,0.09354263686551703,0.01528229733961612,0.008510700604301579,0.027179031567499214,0.0011718750000000002,0.01647695389507045,0.10790010554416263,0.018513564874899975,0.009073476878602259,0.034237874264389935,0.0025669642857142857,0.016218574690305236,0.10610542195933194,0.018109656432989493,0.009003129844314672,0.033355518927278595,0.002392578125
25,2,100,oracle,10.0,,all,0.0,False,generated,17.577793836593628,out/runs/25f_seed2_steps100/oracle_s10,0.047308034937816566,0.19906578234456174,0.10661936152526583,0.03082001867806438,0.08669548435131283,0.010156250000000002,0.049285964995034195,0.20911923734153967,0.10870395183235486,0.03169054124416243,0.09152066053691466,0.00904017857142857,0.049038723737882,0.2078625554669174,0.10844337804396875,0.03158172592340018,0.09091751351371444,0.0091796875
25,2,100,oracle,3.0,,all,0.0,False,generated,17.621718645095825,out/runs/25f_seed2_steps100/oracle_s3,0.01723040126112324,0.10652483631970552,0.029191725381229158,0.010396177720198942,0.03272272211959275,0.0015625,0.01708800374002591,0.1060740368757535,0.028892535266419172,0.010423037595618483,0.031662870801479004,0.0013950892857142857,0.017105803430163075,0.10613038680624752,0.02892993403077042,0.01041968011119104,0.031795352216243224,0.001416015625
25,2,100,rollout1,0.03,,all,0.0,False,generated,39.21060633659363,out/runs/25f_seed2_steps100/rollout1_s0.03,0.12570296568245878,0.6264258218808849,1.2449404701431108,0.05729245512706069,0.40368523581547566,0.14140625,0.13722565166633133,0.6781033268317885,1.3191921502524013,0.061189561210971036,0.44219330027721526,0.14107142857142857,0.13578531591834725,0.6716436387129257,1.30991069023874,0.06070242295048224,0.4373797922194978,0.14111328125
25,2,100,rollout1,0.1,,all,0.0,False,generated,38.84939670562744,out/runs/25f_seed2_steps100/rollout1_s0.1,0.11757854574583311,0.6099569680062102,1.2286550679926982,0.051489369146535485,0.3846852620842274,0.12226562499999999,0.12537261557447596,0.6422884842562783,1.2971098651489028,0.05426151459535592,0.4154127633427624,0.12092633928571428,0.12439835684589559,0.6382470447250197,1.2885530155043772,0.05391499641425336,0.41157182568544554,0.12109375
25,2,100,rollout1,0.3,,all,0.0,False,generated,38.35415554046631,out/runs/25f_seed2_steps100/rollout1_s0.3,0.09713110870675982,0.5312777600887428,1.1814754464105235,0.03997928437876249,0.32938254746758877,0.07421875,0.10403838864474532,0.5773466888777061,1.2533619434732788,0.04299485876753644,0.36055711023094805,0.08080357142857143,0.10317497865249714,0.5715880727790857,1.2443761313404345,0.0426179119689397,0.3566602898855282,0.07998046875
25,2,100,rollout1,1.0,,all,0.0,False,generated,37.99163627624512,out/runs/25f_seed2_steps100/rollout1_s1,0.09186127532356511,0.5222373760998785,1.141908242253559,0.041462288970535756,0.348703649202713,0.05390625000000001,0.09418368811089196,0.5363245399875635,1.202054228664595,0.04293502442365722,0.34999274788300283,0.05625000000000001,0.09389338651247611,0.5345636445016029,1.1945359803632156,0.042750932492017044,0.3498316105479665,0.05595703125000001
25,2,100,rollout1,10.0,,all,0.0,False,generated,38.161089181900024,out/runs/25f_seed2_steps100/rollout1_s10,0.16589669011328656,0.7918572844072458,1.3635391253258116,0.13282860952487063,0.6676963908436866,0.030859374999999994,0.17128073234138566,0.8244092366951762,1.392599788407258,0.13915613095672683,0.7053498824397545,0.039843750000000004,0.1706077270628733,0.8203402426591848,1.3889672055220774,0.13836519077774478,0.7006431959902462,0.038720703125000006
25,2,100,rollout1,3.0,,all,0.0,False,generated,37.55397987365723,out/runs/25f_seed2_steps100/rollout1_s3,0.1078048054911454,0.5871024856757183,1.228601837919967,0.06055145716048553,0.4270247399987591,0.06484375,0.11247994531120209,0.6185129697042052,1.2538374774117789,0.06400139159944808,0.4476075486020589,0.05954241071428572,0.11189555283369501,0.6145866592006445,1.2506830224753025,0.06357014979457776,0.4450346975266465,0.060205078125000006
25,2,100,rollout5,0.03,,all,0.0,False,generated,84.81616544723511,out/runs/25f_seed2_steps100/rollout5_s0.03,0.12583162461667657,0.6222806754566705,1.2302278330213197,0.0582838387882892,0.402533894828957,0.1421875,0.13607079130419156,0.665258790136728,1.3057543931734377,0.06173194501595251,0.43378570121434984,0.14386160714285715,0.13479089546825218,0.6598865258017208,1.296313573154423,0.06130093173749459,0.42987922541617574,0.14365234375000002
25,2,100,rollout5,0.1,,all,0.0,False,generated,92.37863874435425,out/runs/25f_seed2_steps100/rollout5_s0.1,0.11537522974374004,0.579588946337384,1.1822716186453883,0.05341479039489415,0.363060268797736,0.12773437499999998,0.12093372986987183,0.6042966563244686,1.2595429694776314,0.05454057757202089,0.38562317590490724,0.12393973214285714,0.12023891735410536,0.601208192576083,1.249884050623601,0.05439985417488004,0.38280281251651077,0.1244140625
25,2,100,rollout5,0.3,,all,0.0,False,generated,82.260080575943,out/runs/25f_seed2_steps100/rollout5_s0.3,0.0837994972282212,0.45495332689962903,1.084185448251758,0.03792726473442472,0.2761375851754988,0.065625,0.08993749035957858,0.4850140905887961,1.1575834858767156,0.03997787823056753,0.29351406543785913,0.07578125000000001,0.08917024121815892,0.48125649512765023,1.1484087311735958,0.03972155154354967,0.29134200540506405,0.07451171875000001
25,2,100,rollout5,1.0,,all,0.0,False,generated,91.54322719573975,out/runs/25f_seed2_steps100/rollout5_s1,0.07977314068222986,0.3983731063755469,0.9714691918369098,0.03973637251143974,0.247715394048646,0.06171875000000001,0.08793052732070104,0.436830105439721,1.0366499260221895,0.04228759307440598,0.2703484636685041,0.058314732142857144,0.08691085399089216,0.4320229805566992,1.0285023342490298,0.0419686905040352,0.26751932996602185,0.058740234375000006
25,2,100,rollout5,10.0,,all,0.0,False,generated,92.13771605491638,out/runs/25f_seed2_steps100/rollout5_s10,0.2642530123611789,0.7233984779973033,1.0932176292222122,0.17894273802200145,0.46623117768864397,0.0703125,0.27726106719687543,0.7616560831855964,1.136283179554942,0.1863794530011351,0.4828856741704423,0.06579241071428572,0.27563506034241336,0.7568738825370597,1.1308999857633508,0.18544986362874338,0.4808038621102176,0.06635742187500002
25,2,100,rollout5,3.0,,all,0.0,False,generated,92.6660475730896,out/runs/25f_seed2_steps100/rollout5_s3,0.11975447403790149,0.5012019725614976,1.052060863349948,0.06955387620483572,0.33138412853971244,0.06718750000000001,0.13165935402470424,0.5420277991366923,1.110672598962472,0.07558888045157565,0.3591935102651669,0.075,0.1301712440263539,0.536924570814793,1.1033461320109064,0.07483450492073314,0.3557173375494851,0.07402343750000001
25,2,20,none,0.0,,all,0.0,False,generated,1.7393431663513184,out/runs/25f_seed2_steps20/none,0.13669547238023255,0.6432762189044369,1.2385999712944995,0.06606237806168677,0.4209186453331595,0.1484375,0.1467548127340982,0.6929991076260885,1.316553860140625,0.06965590470433557,0.45524744558149566,0.14871651785714285,0.145497395189865,0.6867837465358819,1.3068096240348592,0.06920671387400446,0.4509563455504536,0.148681640625
25,2,20,oracle,0.03,,all,0.0,False,generated,3.6057207584381104,out/runs/25f_seed2_steps20/oracle_s0.03,0.13617806085697515,0.6348409058284044,1.1698562067798504,0.06583165297616421,0.4185934709824346,0.148046875,0.14272085788511818,0.6753311662645581,1.247574526995321,0.06782897918756674,0.44310311216522863,0.14497767857142857,0.1419030082566003,0.6702698837100388,1.237859736968387,0.06757931341114143,0.4400394070173794,0.14536132812499997
25,2,20,oracle,0.1,,all,0.0,False,generated,3.612874746322632,out/runs/25f_seed2_steps20/oracle_s0.1,0.13196708927548068,0.6000637423203591,1.004498188646072,0.06254972989054815,0.39192613152918476,0.13632812500000002,0.1379895073853363,0.639628740774455,1.0889679978313205,0.0660915323705801,0.41998393934354245,0.1406808035714286,0.13723670512160435,0.6346831159676929,1.0784092716831646,0.0656488070605761,0.41647671336674774,0.14013671875
25,2,20,oracle,0.3,,all,0.0,False,generated,3.633831739425659,out/runs/25f_seed2_steps20/oracle_s0.3,0.10260974809399759,0.46255526645936756,0.5416009551304244,0.05040637313323817,0.2957873940775788,0.091015625,0.11818430152622823,0.5286945708285693,0.6363126262100242,0.05879073102998172,0.3432666585137366,0.11344866071428572,0.11623748234719941,0.5204271577824191,0.6244736673250741,0.057742686292888784,0.3373317504592169,0.11064453125000001
25,2,20,oracle,1.0,,all,0.0,False,generated,3.5978288650512695,out/runs/25f_seed2_steps20/oracle_s1,0.048682875001523594,0.21632019948713044,0.06515590796459929,0.02994227052873854,0.10012968442125267,0.01796875,0.054079591989011126,0.25330856972909227,0.06830692261490792,0.032209219217601164,0.11782614112339353,0.018805803571428574,0.05340500236557518,0.24868502344884702,0.06791304578361934,0.031925850631493335,0.11561408403562592,0.018701171875
25,2,20,oracle,10.0,,all,0.0,False,generated,3.5949647426605225,out/runs/25f_seed2_steps20/oracle_s10,0.4287889749594159,1.1391648826866865,0.5300770790994804,0.2839603576926489,0.7334330259214692,0.30351562499999996,0.4320694215396825,1.146012395385625,0.5410190564511687,0.2896270437756999,0.7506701068924163,0.30256696428571433,0.43165936571714913,1.1451564562982577,0.5396513092822077,0.2889187080153185,0.7485154717710478,0.302685546875
25,2,20,oracle,3.0,,all,0.0,False,generated,3.693570852279663,out/runs/25f_seed2_steps20/oracle_s3,0.0913542054671326,0.36619454408291785,0.17600837904818092,0.05798761283361817,0.18423471488007287,0.051953125,0.08972065035144909,0.3666328407160587,0.17192040855353977,0.05692352997019796,0.18359207122506932,0.048549107142857144,0.08992484474090955,0.36657805363691615,0.1724314048653699,0.05705654032812549,0.18367240168194476,0.048974609375000006
25,2,20,rollout1,0.03,,all,0.0,False,generated,7.758151292800903,out/runs/25f_seed2_steps20/rollout1_s0.03,0.13143683888544683,0.6286743929795545,1.2308699946912398,0.06251027141956586,0.4070818117626896,0.13828125,0.14147289718972414,0.6778053661679161,1.307319506779142,0.06600837874191476,0.44324100810338635,0.13973214285714286,0.1402183899016895,0.671663994519371,1.2977633177681542,0.06557111532662115,0.4387211085607992,0.13955078125
25,2,20,rollout1,0.1,,all,0.0,False,generated,7.762731552124023,out/runs/25f_seed2_steps20/rollout1_s0.1,0.12177163301479257,0.6043184922164101,1.2161927664513237,0.05605732801328793,0.3799506478382458,0.12890625,0.13076187828779112,0.6476572868892578,1.287856887824238,0.0595101165135434,0.4191403958243049,0.11863839285714287,0.12963809762866635,0.642239937555152,1.2788988726526234,0.059078517951011475,0.41424167732604744,0.11992187500000001
25,2,20,rollout1,0.3,,all,0.0,False,generated,7.743769407272339,out/runs/25f_seed2_steps20/rollout1_s0.3,0.10594292469513644,0.5498834768878234,1.178011964091658,0.04791203768423453,0.3383337547962277,0.08476562500000001,0.11246971146521953,0.5900477137202376,1.2522462743781781,0.05047306029797578,0.36950144604441526,0.08353794642857142,0.11165386311895914,0.5850271841161858,1.2429669855923633,0.05015293247125813,0.3656054846383918,0.08369140625000002
25,2,20,rollout1,1.0,,all,0.0,False,generated,8.100220441818237,out/runs/25f_seed2_steps20/rollout1_s1,0.11082164036565771,0.5590847850679167,1.1777029539734305,0.05796523464802773,0.3577086235554384,0.07890625000000001,0.11386989967122395,0.576320155072417,1.2281995124402414,0.05897435518288951,0.3676432385449399,0.08470982142857143,0.11348886725802818,0.5741657338218544,1.22188744263189,0.05884821511603179,0.3664014116712522,0.08398437500000001
25,2,20,rollout1,10.0,,all,0.0,False,generated,7.600420951843262,out/runs/25f_seed2_steps20/rollout1_s10,0.4928396131371954,1.3416091496624452,1.6956364357583364,0.36312863775046694,1.0205787172329392,0.346875,0.48617470938498053,1.338253031889418,1.738228683331568,0.3614694286263303,1.017615022068486,0.33956473214285715,0.48700782235400736,1.3386725466110465,1.732904652384914,0.36167682976684734,1.0179854839640425,0.340478515625
25,2,20,rollout1,3.0,,all,0.0,False,generated,7.689610958099365,out/runs/25f_seed2_steps20/rollout1_s3,0.18879506519643002,0.7474086997296023,1.300502448221129,0.11747035693270956,0.5111805753567962,0.18632812499999998,0.1985542461975036,0.8016076080000504,1.3672336271101402,0.1231290414371142,0.5475522663437521,0.1953125,0.19733434857236937,0.7948327444662444,1.3588922297490136,0.12242170587406362,0.5430058049703826,0.19418945312500002
25,2,20,rollout5,0.03,,all,0.0,False,generated,17.491932153701782,out/runs/25f_seed2_steps20/rollout5_s0.03,0.13192811664046655,0.6285024683312677,1.2199037923417086,0.06361512631694893,0.40620419916940564,0.142578125,0.14027247510188418,0.666797932981374,1.2959576060788038,0.06617146289074924,0.43470117157293825,0.140625,0.13922943029420698,0.6620109999001107,1.286450879361667,0.0658519208190242,0.43113905002249675,0.140869140625
25,2,20,rollout5,0.1,,all,0.0,False,generated,17.466744899749756,out/runs/25f_seed2_steps20/rollout5_s0.1,0.12034396621232094,0.5812176175521904,1.1773635603110422,0.05864791671880884,0.36653887783566663,0.1296875,0.12622539978394345,0.6099522378930082,1.2526054170323992,0.05977056686653089,0.3890546118671751,0.12460937500000001,0.12549022058749063,0.6063604103504059,1.2432001849422298,0.059630235598065635,0.38624014511323657,0.125244140625
25,2,20,rollout5,0.3,,all,0.0,False,generated,17.085678100585938,out/runs/25f_seed2_steps20/rollout5_s0.3,0.09410212992044029,0.4750739230891705,1.089301264845537,0.04629427229116658,0.29214421710248756,0.071484375,0.09865538099690041,0.5041493692588517,1.1630495562831045,0.047395932825907185,0.3050189666249306,0.07762276785714287,0.09808622461234291,0.5005149384876415,1.1538310198534085,0.04725822525906461,0.3034096229346252,0.07685546875000002
25,2,20,rollout5,1.0,,all,0.0,False,generated,17.32538866996765,out/runs/25f_seed2_steps20/rollout5_s1,0.1050978061311553,0.45667114584604707,0.998642821766805,0.05758206709658645,0.279094365542251,0.08398437500000001,0.10905017355204238,0.4870971032939367,1.0656599249078365,0.05945604675501738,0.29357816765441325,0.08337053571428572,0.1085561276244315,0.4832938586129505,1.0572827870152075,0.05922179929771352,0.29176769239039296,0.08344726562500002
25,2,20,rollout5,10.0,,all,0.0,False,generated,17.414357662200928,out/runs/25f_seed2_steps20/rollout5_s10,0.566791722390687,1.295344310197617,1.3412272658490514,0.41089858967434134,0.9135705641538049,0.30703125,0.5838240455857598,1.3383087461048022,1.412151300451683,0.4268341645724661,0.9504639849463289,0.30920758928571423,0.5816950051863758,1.332938191616404,1.403285796126354,0.4248422177102005,0.9458523073472633,0.308935546875
25,2,20,rollout5,3.0,,all,0.0,False,generated,17.244124174118042,out/runs/25f_seed2_steps20/rollout5_s3,0.212657786565903,0.715592202851394,1.1499823374143263,0.13327466067141874,0.440430213328432,0.165234375,0.21856194023031136,0.7275967383518325,1.1630035668753658,0.13694323833417393,0.4586409627185188,0.1767857142857143,0.2178239210222603,0.7260961714142777,1.1613759131927357,0.1364846661263295,0.4563646190447579,0.175341796875
25,2,50,none,0.0,,all,0.0,False,generated,3.818939447402954,out/runs/25f_seed2_steps50/none,0.13315940594118464,0.6401858176342923,1.2465514249963796,0.06283798245677154,0.42070685106191236,0.155078125,0.14325962553536936,0.6893328426520375,1.3257707445328453,0.06609074050396277,0.4546087957079409,0.1513950892857143,0.14199709808609629,0.6831894645248194,1.3158683295907871,0.06568414574806386,0.4503710526271873,0.15185546875
25,2,50,oracle,0.03,,all,0.0,False,generated,8.831539630889893,out/runs/25f_seed2_steps50/oracle_s0.03,0.1329977844548094,0.6306928804487411,1.176103092673126,0.06357082891074645,0.4206752928594869,0.15703125,0.13946390388703947,0.6720774260413369,1.2523098420488366,0.06436542267663466,0.44180566158547646,0.15055803571428572,0.1386556389580107,0.6669043578422624,1.2427839983768725,0.06426609845589862,0.43916436549472776,0.1513671875
25,2,50,oracle,0.1,,all,0.0,False,generated,8.781513214111328,out/runs/25f_seed2_steps50/oracle_s0.1,0.1259953845149285,0.5925633159377126,1.0024039484085083,0.05893903901608567,0.38686310995635687,0.138671875,0.13450666082247126,0.6355637711782994,1.086372532284914,0.062180129784792114,0.41832296959008747,0.14185267857142855,0.1334427512840284,0.6301887142732261,1.0758764593003634,0.06177499343870381,0.4143904871358711,0.14145507812499997
25,2,50,oracle,0.3,,all,0.0,False,generated,8.82125973701477,out/runs/25f_seed2_steps50/oracle_s0.3,0.09345368910568608,0.4429079623357187,0.5155197849672271,0.04389251004333959,0.2837491685861064,0.08593750000000001,0.11071431559584119,0.5101681201254545,0.6099829897375179,0.053399182734960846,0.3329823249818943,0.1138950892857143,0.1085567372845718,0.5017606004017374,0.5981750891412314,0.05221084864850819,0.3268281804324208,0.110400390625
25,2,50,oracle,1.0,,all,0.0,False,generated,8.806565999984741,out/runs/25f_seed2_steps50/oracle_s1,0.022925309989429765,0.12947682952821996,0.026239417475219094,0.013636993669801997,0.045105602501412746,0.00390625,0.024522641350793357,0.1415688750760019,0.029989561360505162,0.014207794723642827,0.05228151705661309,0.003683035714285714,0.02432297493062291,0.14005736938252916,0.02952079337484441,0.014136444591912725,0.05138452773721304,0.0037109375
25,2,50,oracle,10.0,,all,0.0,False,generated,8.782954454421997,out/runs/25f_seed2_steps50/oracle_s10,0.11204863598851678,0.37120173803616635,0.2268566935177832,0.07636381444081178,0.18844803634692137,0.049218750000000006,0.11395008076652632,0.3901167735991061,0.22604472938707523,0.07646076435950379,0.19974279357842442,0.05719866071428571,0.11371240016927511,0.38775239415373863,0.22614622490341368,0.07644864561966729,0.19833094892448652,0.056201171875000004
25,2,50,oracle,3.0,,all,0.0,False,generated,8.82850170135498,out/runs/25f_seed2_steps50/oracle_s3,0.03124317765298744,0.15973492875716566,0.06112040392902626,0.02004491141580575,0.05941851030586333,0.0015625,0.03261262098377878,0.16571598517010214,0.062214379134771125,0.02046900404739984,0.0632114523578298,0.004352678571428572,0.03244144056742987,0.16496835311848507,0.062077632234053014,0.020415992468450578,0.06273733460133399,0.0040039062500000005
25,2,50,rollout1,0.03,,all,0.0,False,generated,19.355572938919067,out/runs/25f_seed2_steps50/rollout1_s0.03,0.1257613232230896,0.6242681988212435,1.2398971366714062,0.058234405616774995,0.40252823497299745,0.14218750000000002,0.1379319846097547,0.6760382188931068,1.3159275080325443,0.06222009530627548,0.4413618817068999,0.14246651785714284,0.13641065193642155,0.6695669663841239,1.306423711612402,0.06172188409508792,0.43650767586516204,0.142431640625
25,2,50,rollout1,0.1,,all,0.0,False,generated,19.44577693939209,out/runs/25f_seed2_steps50/rollout1_s0.1,0.11833228697250758,0.6092144141366949,1.2251266166842338,0.05158766908321703,0.38205735497693255,0.12187500000000001,0.126192530681374,0.6418782099553217,1.2944430549276085,0.05520375684591351,0.4150455710719543,0.11958705357142858,0.1252100002177657,0.6377952354779934,1.2857785001471866,0.05475174587557646,0.41092204406007654,0.119873046875
25,2,50,rollout1,0.3,,all,0.0,False,generated,18.79907989501953,out/runs/25f_seed2_steps50/rollout1_s0.3,0.09768812834180135,0.5365633771626587,1.1815976316620012,0.04119002255413135,0.3301055640004174,0.0734375,0.10513205638313458,0.5780115339089803,1.2525539298297854,0.04431451530872167,0.36053713367157825,0.08197544642857144,0.10420156537796793,0.5728305143156901,1.2436843925588126,0.04392395371439788,0.3567331874626832,0.080908203125
25,2,50,rollout1,1.0,,all,0.0,False,generated,18.565195083618164,out/runs/25f_seed2_steps50/rollout1_s1,0.09405703715467544,0.5227926452529761,1.1435543863440443,0.044528445373049425,0.34616961925968787,0.05742187500000001,0.09780354092722263,0.5451313211664035,1.2100502783572338,0.04553718911757332,0.35284087155849964,0.05859375000000001,0.09733522795565423,0.542338986677225,1.201738291855585,0.045411096149507835,0.35200696502114814,0.05844726562500001
25,2,50,rollout1,10.0,,all,0.0,False,generated,18.435457706451416,out/runs/25f_seed2_steps50/rollout1_s10,0.2391377159018664,0.9347625486814783,1.4774305416881617,0.176559802433229,0.7442796876974094,0.106640625,0.24481835160958412,0.9660687929715618,1.46888673654712,0.18352019117835552,0.7715066885771954,0.11110491071428573,0.2441082721461194,0.9621555124353013,1.4699547121897505,0.1826501425852147,0.7681033134672222,0.11054687500000002
25,2,50,rollout1,3.0,,all,0.0,False,generated,18.6055326461792,out/runs/25f_seed2_steps50/rollout1_s3,0.12382820255867034,0.6217333386801953,1.250208080800593,0.0708353535454011,0.43660164741934127,0.08320312500000002,0.1267804016601551,0.6522790147637091,1.2838690541513422,0.07310651136007854,0.4609623745592405,0.08504464285714286,0.1264113767724695,0.6484608052532699,1.2796614324824984,0.07282261663324387,0.4579172836667531,0.08481445312500001
25,2,50,rollout5,0.03,,all,0.0,False,generated,42.00981259346008,out/runs/25f_seed2_steps50/rollout5_s0.03,0.12732490025801446,0.623284604272505,1.227650579823559,0.05949083433731013,0.4020552405610295,0.1453125,0.13683434330799124,0.6648822313260399,1.3029486642287313,0.06268241052828626,0.4326509011527203,0.14386160714285715,0.13564566292674413,0.659682527944348,1.2935364036780848,0.062283463504414244,0.428826443578759,0.14404296875
25,2,50,rollout5,0.1,,all,0.0,False,generated,43.943355560302734,out/runs/25f_seed2_steps50/rollout5_s0.1,0.116228632307447,0.5805051219654358,1.1808264186344053,0.05442002549316096,0.36273270261789214,0.1296875,0.12203979398856515,0.6040262953883165,1.2576073405855523,0.05586592576182327,0.3853661089445945,0.12427455357142858,0.1213133987784254,0.6010861487104564,1.2480097253416589,0.05568518822824048,0.3825369331537567,0.124951171875
25,2,50,rollout5,0.3,,all,0.0,False,generated,41.45302700996399,out/runs/25f_seed2_steps50/rollout5_s0.3,0.08687355296538839,0.4575878755898681,1.0851426552854668,0.040509746859776534,0.28008232338206096,0.070703125,0.09188551197293937,0.48772860010851576,1.1591155776205315,0.04168611681398363,0.2956157148804922,0.07684151785714285,0.09125901709699549,0.4839610095436847,1.1498689623286484,0.04153907056970774,0.29367404094318833,0.07607421875
25,2,50,rollout5,1.0,,all,0.0,False,generated,45.341307640075684,out/runs/25f_seed2_steps50/rollout5_s1,0.08499495289473644,0.4084320763793945,0.9788698299421005,0.04319534724601784,0.24656905371851967,0.067578125,0.09087859369347236,0.44210710340880105,1.043374077301425,0.04519084311149335,0.27104908344826983,0.06344866071428572,0.09014313859363035,0.43789772503012525,1.0353110463815094,0.04494140612830891,0.26798907973205105,0.06396484375
25,2,50,rollout5,10.0,,all,0.0,False,generated,44.06530785560608,out/runs/25f_seed2_steps50/rollout5_s10,0.3000404072533366,0.8457307725913383,1.2076582467342887,0.20680278158283827,0.5552965709237114,0.107421875,0.3167171963519949,0.8784358746336699,1.2172131329935554,0.22002260548658287,0.5831245184006828,0.11300223214285714,0.3146325977146627,0.8743477368783785,1.216018772211147,0.21837012749861484,0.5796460249660613,0.1123046875
25,2,50,rollout5,3.0,,all,0.0,False,generated,42.251097679138184,out/runs/25f_seed2_steps50/rollout5_s3,0.14076801377193526,0.549372106266437,1.0766232360925598,0.08147463191428939,0.34738213054314127,0.084765625,0.14759609840617674,0.5793308383134426,1.1143357801602722,0.08567107832695967,0.3710140927287321,0.09464285714285715,0.14674258782689653,0.575585996807567,1.109621712151808,0.08514652252537588,0.36806009745553325,0.093408203125
33,0,100,none,0.0,,all,0.0,False,generated,10.084920167922974,out/runs/33f_seed0_steps100/none,0.15525496824046392,0.8378339114728283,2.1323616337419473,0.06465524703973594,0.5157127529303844,0.1534598214285714,0.16397008535150098,0.8647187206616049,2.1093850037625215,0.06911184582400012,0.5399208265391782,0.17582110969387754,0.16288069571262137,0.8613581195130078,2.1122570825099496,0.0685547709759671,0.536894817338079,0.17302594866071427
33,0,100,oracle,0.03,,all,0.0,False,generated,23.614647388458252,out/runs/33f_seed0_steps100/oracle_s0.03,0.1586898366256721,0.845508218319924,2.0401142921242617,0.06695768650271394,0.5233743555668033,0.1587611607142857,0.16258100829821265,0.8530669547210044,2.009683666256573,0.06871130652126964,0.5343137109624814,0.17263233418367344,0.1620946118391451,0.8521221126708692,2.0134874944900343,0.06849210401895017,0.5329462915380216,0.1708984375
33,0,100,oracle,0.1,,all,0.0,False,generated,23.658031702041626,out/runs/33f_seed0_steps100/oracle_s0.1,0.15285047544603592,0.7996221880273209,1.7986800330355637,0.06575147228124326,0.5071235814418509,0.15625,0.15913464810454145,0.822839571569521,1.7771217388556368,0.06749797610630877,0.518726179958481,0.16729113520408162,0.15834912652222827,0.8199373986267461,1.7798165256281275,0.06727966312817557,0.5172758551439023,0.16591099330357142
33,0,100,oracle,0.3,,all,0.0,False,generated,23.682616472244263,out/runs/33f_seed0_steps100/oracle_s0.3,0.15314706396419325,0.7657524097535863,1.1214415064288965,0.06517351987523301,0.4877781764180567,0.1529017857142857,0.14943090206387957,0.7448150444631241,1.104174568153307,0.06477285675952414,0.4756546301041095,0.15752551020408162,0.14989542230141878,0.7474322151244319,1.1063329354377558,0.06482293964898775,0.47717007339335293,0.15694754464285715
33,0,100,oracle,1.0,,all,0.0,False,generated,23.64691925048828,out/runs/33f_seed0_steps100/oracle_s1,0.01995596638470776,0.12413964654010423,0.021520852908906207,0.010506958502044077,0.046796214646453366,0.006975446428571428,0.020390097378241823,0.12661317003940195,0.02118922611532945,0.010850172683348397,0.05175241350005424,0.0033482142857142855,0.020335831004050064,0.12630397960198972,0.021230679464526548,0.010807270910685358,0.05113288864335412,0.003801618303571428
33,0,100,oracle,10.0,,all,0.0,False,generated,23.604292154312134,out/runs/33f_seed0_steps100/oracle_s10,0.05346749802960775,0.22953364266039777,0.1167263118451267,0.033245212768695964,0.10200619065935246,0.006696428571428571,0.05152272850165806,0.22117275496364924,0.11760048777580913,0.03293074686561652,0.09632694998961454,0.008171237244897957,0.05176582469265177,0.2222178659257428,0.11749121578447383,0.03297005510350145,0.09703685507333179,0.007986886160714284
33,0,100,oracle,3.0,,all,0.0,False,generated,23.608378171920776,out/runs/33f_seed0_steps100/oracle_s3,0.01800334987402802,0.11044577699102688,0.031125324995869327,0.010386509980451812,0.03756821792035082,0.0005580357142857143,0.01773391468579517,0.10701505469186487,0.03078201722580837,0.010449237983742813,0.0363378682143312,0.0010363520408163264,0.01776759408432428,0.10744389497926013,0.03082493069706599,0.010441396983331437,0.03649166192758364,0.0009765625
33,0,100,rollout1,0.03,,all,0.0,False,generated,49.58579921722412,out/runs/33f_seed0_steps100/rollout1_s0.03,0.15012537347180116,0.8194578223676512,2.119909790994228,0.06273483658627632,0.5006450882384671,0.1459263392857143,0.15939159675409265,0.8498124610600637,2.1014358903259347,0.06605811937476612,0.5273740819874055,0.16649394132653064,0.1582333188438062,0.8460181312235122,2.1037451279094714,0.0656427090262049,0.5240329577687883,0.16392299107142855
33,0,100,rollout1,0.1,,all,0.0,False,generated,50.319010972976685,out/runs/33f_seed0_steps100/rollout1_s0.1,0.14211221194043616,0.8007718762198248,2.0916020788940455,0.05721085842491588,0.48764230404564535,0.12862723214285715,0.14835363500010518,0.81136042733106,2.085966819679971,0.05953704857819904,0.4992413715857685,0.14831792091836735,0.14757345711764652,0.8100368584421557,2.0866712270817303,0.05924627480903864,0.497791488143253,0.14585658482142855
33,0,100,rollout1,0.3,,all,0.0,False,generated,51.18854236602783,out/runs/33f_seed0_steps100/rollout1_s0.3,0.126727465271467,0.7326230611101436,2.037388961438958,0.0492215880567607,0.447164417442797,0.09905133928571427,0.12724129041816312,0.7353161129371141,2.035540334054343,0.050175626910767525,0.4508903593718139,0.11116868622448979,0.1271770622748261,0.7349794814587427,2.0357714124774198,0.05005637205401667,0.4504246166306867,0.10965401785714285
33,0,100,rollout1,1.0,,all,0.0,False,generated,48.97858905792236,out/runs/33f_seed0_steps100/rollout1_s1,0.11021643496837882,0.6675220199817653,1.9352337400328021,0.049001434782814095,0.4381545960141592,0.07170758928571427,0.11214418615275092,0.6685900865898746,1.985615035021148,0.049633157865341594,0.4355208600562307,0.08585778061224489,0.1119032172547044,0.6684565782638607,1.9793173731476046,0.04955419248002565,0.4358500770509718,0.08408900669642858
33,0,100,rollout1,10.0,,all,0.0,False,generated,51.966333866119385,out/runs/33f_seed0_steps100/rollout1_s10,0.1930898578273868,1.015916574600218,2.173439492361064,0.16397183575762125,0.8799846518210388,0.05468749999999999,0.19457306175886616,1.0293577718426756,2.191948658436337,0.16642968912899822,0.9000653013878284,0.05564413265306122,0.19438766126743126,1.0276776221873682,2.189635012676928,0.16612245745757614,0.8975552201919796,0.05552455357142856
33,0,100,rollout1,3.0,,all,0.0,False,generated,51.987675189971924,out/runs/33f_seed0_steps100/rollout1_s3,0.12144315667815295,0.7059506865403875,2.0372103166765654,0.06991467645205066,0.5202079940162231,0.0747767857142857,0.1193056997211868,0.7076115306703554,2.063110660542438,0.06863596776519558,0.5188411639120586,0.06548947704081633,0.11957288184080757,0.7074039251541093,2.059873117559204,0.06879580635105248,0.5190120176750791,0.066650390625
33,0,100,rollout5,0.03,,all,0.0,False,generated,115.59102249145508,out/runs/33f_seed0_steps100/rollout5_s0.03,0.15023555087855733,0.8135729069116161,2.111030186595916,0.06390255846677749,0.5003652446938621,0.15318080357142855,0.15837722864325682,0.8390798318764475,2.090830813947585,0.06630381117073324,0.5205780549736679,0.16533801020408162,0.1573595189226694,0.8358914662558437,2.0933557355286263,0.06600365458273878,0.5180514536886922,0.163818359375
33,0,100,rollout5,0.1,,all,0.0,False,generated,125.65102958679199,out/runs/33f_seed0_steps100/rollout5_s0.1,0.14167166125614888,0.770914320882866,2.0585394152511602,0.05964443045758652,0.47141137552559215,0.14815848214285715,0.14277172092772394,0.7688453642451388,2.0523056609325114,0.05920186901632568,0.4716879806455313,0.146484375,0.14263421346877705,0.7691039838248547,2.0530848802223423,0.05925718919648329,0.47165340500553893,0.14669363839285715
33,0,100,rollout5,0.3,,all,0.0,False,generated,123.43228197097778,out/runs/33f_seed0_steps100/rollout5_s0.3,0.11226486091378066,0.6472178197488856,1.9524620322486073,0.045710203102405506,0.3887716269866206,0.08900669642857142,0.11571349533858223,0.6480312525227946,1.9585374886026656,0.04750560443662264,0.3876669969846254,0.10881696428571427,0.11528241603548203,0.6479295734260561,1.9577780565584084,0.0472811792698455,0.3878050757348748,0.10634068080357142
33,0,100,rollout5,1.0,,all,0.0,False,generated,122.17653346061707,out/runs/33f_seed0_steps100/rollout5_s1,0.11213255010834684,0.5874466859779565,1.791908717700876,0.050743775245592995,0.3583511298747406,0.08621651785714285,0.10716940731348523,0.5630361303740132,1.8063934959602155,0.048543771518230715,0.34814013577877606,0.07760682397959184,0.10778980016284294,0.5660874498245061,1.8045828986777983,0.04881877198415101,0.34941651004077157,0.0786830357142857
33,0,100,rollout5,10.0,,all,0.0,False,generated,120.87899041175842,out/runs/33f_seed0_steps100/rollout5_s10,0.2655864518573223,0.8806179985764331,1.7502177805528278,0.18502835889701486,0.5940067932492411,0.08649553571428571,0.27890268387598177,0.9106723263818529,1.8011521097870877,0.19259832989170705,0.6116115621166978,0.07609215561224489,0.2772381548736494,0.9069155354061754,1.794785318632805,0.19165208351737056,0.6094109660082656,0.077392578125
33,0,100,rollout5,3.0,,all,0.0,False,generated,121.77779603004456,out/runs/33f_seed0_steps100/rollout5_s3,0.14458242900248977,0.6432285343034165,1.717074376975654,0.08204783118946485,0.432960882155566,0.08231026785714286,0.14364654732026802,0.6463999176320261,1.7474680741705286,0.08155138147844146,0.43408942445934845,0.08278858418367345,0.14376353253054575,0.6460034947159499,1.743668862021169,0.08161343769231938,0.43394835667137566,0.08272879464285715
33,0,20,none,0.0,,all,0.0,False,generated,2.1290106773376465,out/runs/33f_seed0_steps20/none,0.16463456390850645,0.8564355486665293,2.1171125058898514,0.07135584120027977,0.5268852726463593,0.14704241071428573,0.16827258702129827,0.8667826517051941,2.094554645996419,0.07423620767529017,0.5439748822325955,0.17295121173469388,0.1678178341321993,0.8654892638253608,2.097374378483098,0.07387616186591386,0.5418386810343159,0.16971261160714285
33,0,20,oracle,0.03,,all,0.0,False,generated,4.84198784828186,out/runs/33f_seed0_steps20/oracle_s0.03,0.16422171430229449,0.8487906707703192,2.0303850487100203,0.07141621325346377,0.5288636038733574,0.15066964285714285,0.16715625625915884,0.8547618776242426,2.0013468404396084,0.0741828322460419,0.538391767373273,0.17139668367346936,0.16678943851455078,0.8540154767675022,2.00497661647341,0.07383700487196963,0.5372007469357836,0.16880580357142858
33,0,20,oracle,0.1,,all,0.0,False,generated,4.9205217361450195,out/runs/33f_seed0_steps20/oracle_s0.1,0.1560788096642818,0.8010447428669365,1.8022375243461308,0.07095244119279262,0.5084754027989109,0.15150669642857142,0.1646546028091798,0.8278471996826614,1.7800799091318724,0.07353100270546088,0.5250405081178089,0.16501913265306123,0.16358262866606754,0.8244968925806958,1.7828496110336547,0.07320868251637735,0.5229698699529466,0.163330078125
33,0,20,oracle,0.3,,all,0.0,False,generated,4.85468316078186,out/runs/33f_seed0_steps20/oracle_s0.3,0.15994212798136506,0.7834238671248152,1.1831812089975944,0.07123084939755381,0.5004678618857039,0.1515066964285714,0.1565563345296754,0.7592013144260995,1.1566626263719348,0.07187527172561922,0.48630956777983947,0.15509406887755103,0.1569795587111366,0.762229133513439,1.1599774492001425,0.07179471893461105,0.4880793545430725,0.15464564732142858
33,0,20,oracle,1.0,,all,0.0,False,generated,4.938778877258301,out/runs/33f_seed0_steps20/oracle_s1,0.0704269460781714,0.33390299124456124,0.08224009768862495,0.03807706278033543,0.17206998125778802,0.02678571428571428,0.07148963259217275,0.33809813258789373,0.08624026173945284,0.03913253664771329,0.17085571749236617,0.03021364795918367,0.07135679677792259,0.3375737399199772,0.08574024123309937,0.039000602414291055,0.1710075004630439,0.029785156249999993
33,0,20,oracle,10.0,,all,0.0,False,generated,4.837201356887817,out/runs/33f_seed0_steps20/oracle_s10,0.46138689901705743,1.3056973517554047,0.5273651710890097,0.2916607235436737,0.7908746632328784,0.2974330357142857,0.45356852508895446,1.2871019782619162,0.5361404143671473,0.2943569219841705,0.791662219753886,0.3000637755102041,0.45454582182996733,1.289426399948602,0.5350435089573802,0.29401989717910837,0.7915637751887601,0.2997349330357143
33,0,20,oracle,3.0,,all,0.0,False,generated,4.861459493637085,out/runs/33f_seed0_steps20/oracle_s3,0.08951931814028577,0.3736484370114451,0.1757144659467883,0.054670413652281834,0.1840467972242632,0.04101562499999999,0.09053499368084623,0.3758336191417103,0.17369882071755033,0.056299893322014016,0.18486617302178038,0.04894770408163264,0.09040803423827617,0.37556047137542714,0.1739507763712051,0.0560962083632975,0.18476375104709072,0.04795619419642856
33,0,20,rollout1,0.03,,all,0.0,False,generated,10.592271566390991,out/runs/33f_seed0_steps20/rollout1_s0.03,0.1606102596015275,0.8365540057994549,2.106934122299628,0.06982427298303903,0.5174678155142669,0.14732142857142858,0.16343490760599716,0.8490623536875478,2.0860161999529963,0.07140173876216949,0.5311542250218462,0.16485969387755103,0.1630818266054385,0.8474988102015362,2.088630940246325,0.07120455553977817,0.5294434238333987,0.16266741071428573
33,0,20,rollout1,0.1,,all,0.0,False,generated,10.569253921508789,out/runs/33f_seed0_steps20/rollout1_s0.1,0.15043978950279988,0.8122052569627567,2.0853380466070424,0.06335494250870514,0.49575984988147914,0.1294642857142857,0.15336391482333522,0.8146806451628467,2.0729621495141246,0.06557245867533348,0.507402503248732,0.14564732142857142,0.1529983991582683,0.8143712216378354,2.074509136650739,0.06529526915450494,0.5059471715778254,0.1436244419642857
33,0,20,rollout1,0.3,,all,0.0,False,generated,10.385571718215942,out/runs/33f_seed0_steps20/rollout1_s0.3,0.1370107505305958,0.7579027692515931,2.028045036603467,0.05780041564098439,0.4604339348290548,0.11160714285714285,0.13387014686047255,0.7430684338620155,2.027716198646902,0.05700826667916633,0.45652077354009357,0.11443718112244897,0.13426272231923797,0.7449227257857125,2.0277573033914726,0.05710728529939359,0.45700991870121366,0.11408342633928571
33,0,20,rollout1,1.0,,all,0.0,False,generated,9.865952014923096,out/runs/33f_seed0_steps20/rollout1_s1,0.13219474318274077,0.7133740854857186,1.9706083127425575,0.06527347235828071,0.458592199050489,0.10853794642857142,0.13431875769895157,0.7189064287683965,1.9962825480179376,0.06584605821021741,0.45468682889736883,0.11228475765306123,0.1340532558844252,0.7182148858580617,1.993073268608515,0.06577448497872532,0.45517500016650886,0.11181640625
33,0,20,rollout1,10.0,,all,0.0,False,generated,10.886631727218628,out/runs/33f_seed0_steps20/rollout1_s10,0.5311046004124228,1.6755590212840983,2.611410516720678,0.38960262353175135,1.2787677953335705,0.4681919642857143,0.5353299120471291,1.6941083881344705,2.625129247516543,0.3907821638404895,1.2889389580344532,0.4730548469387755,0.5348017480927908,1.6917897172781742,2.62341440616706,0.3906347213018973,1.2876675626968428,0.47244698660714285
33,0,20,rollout1,3.0,,all,0.0,False,generated,9.647120952606201,out/runs/33f_seed0_steps20/rollout1_s3,0.210537188813982,0.9083770186903021,2.114593418800312,0.12653556147730327,0.6116862966218877,0.21819196428571425,0.21884610466181773,0.9488113744865482,2.1569949963514174,0.12930008044760175,0.6355744100071955,0.23325892857142858,0.21780749018083828,0.9437570800120174,2.1516947991575295,0.12895451557631443,0.632588395834032,0.23137555803571427
33,0,20,rollout5,0.03,,all,0.0,False,generated,23.727567672729492,out/runs/33f_seed0_steps20/rollout5_s0.03,0.1576925966595918,0.8273194457732782,2.0947883000193093,0.0688980084075431,0.5114076924980578,0.14481026785714285,0.16309323143530538,0.8418078797587475,2.0773586451904054,0.07165853832886716,0.5260285138347532,0.16250797193877548,0.1624181520883412,0.8399968255105638,2.0795373520440186,0.07131347208870165,0.5242009111676664,0.1602957589285714
33,0,20,rollout5,0.1,,all,0.0,False,generated,23.119112014770508,out/runs/33f_seed0_steps20/rollout5_s0.1,0.14791167022166773,0.7857215519908234,2.052576271367983,0.06571197294384094,0.47966905873254306,0.14453125,0.14938427372568883,0.7782750735295532,2.04275734168669,0.06596110007337201,0.48080559023438124,0.14783960459183673,0.1492001982876862,0.779205883337212,2.0439847078968514,0.06592995918218064,0.48066352379665145,0.14742606026785715
33,0,20,rollout5,0.3,,all,0.0,False,generated,23.691807508468628,out/runs/33f_seed0_steps20/rollout5_s0.3,0.12132076441054723,0.6632115535401902,1.9454140155523272,0.05330926824478564,0.3972265018250604,0.10100446428571427,0.12491879916687276,0.6667274582499573,1.9602294516323486,0.055547281824185404,0.40076076276068173,0.11336096938775511,0.12446904482233206,0.6662879701612363,1.958377522122346,0.055267530126760445,0.400318980143729,0.11181640625
33,0,20,rollout5,1.0,,all,0.0,False,generated,23.715665340423584,out/runs/33f_seed0_steps20/rollout5_s1,0.1327693519479652,0.6451801584351066,1.842995073106926,0.0680799573898945,0.39178070334154463,0.11188616071428571,0.12938777913358618,0.6212327765713929,1.8510039534210705,0.06626000194013777,0.3773378390636018,0.11172672193877552,0.12981047573538357,0.6242261993043572,1.8500028433818023,0.06648749637135737,0.37914319709834465,0.11174665178571429
33,0,20,rollout5,10.0,,all,0.0,False,generated,24.365201950073242,out/runs/33f_seed0_steps20/rollout5_s10,0.6250552543390927,1.6155943023677417,2.1255801966314447,0.46060926788176215,1.1810368040471038,0.3412388392857143,0.6240440339782374,1.6008821456164573,2.0692819813222245,0.4584421905978641,1.1738371161035321,0.3432716836734694,0.6241704365233441,1.6027211652103674,2.076319258235877,0.45871307525835137,1.1747370770964787,0.343017578125
33,0,20,rollout5,3.0,,all,0.0,False,generated,23.793120622634888,out/runs/33f_seed0_steps20/rollout5_s3,0.23142041938463714,0.8543698824998223,1.8174898434044497,0.14271509862530762,0.5478542192414213,0.17801339285714285,0.23200963713190056,0.8528557212846412,1.8817942364009905,0.14268348121332944,0.5440414543260624,0.19734534438775508,0.23193598491349265,0.8530449914365388,1.8737561872764226,0.1426874333898267,0.5445180499404823,0.19492885044642855
33,0,50,none,0.0,,all,0.0,False,generated,5.099508285522461,out/runs/33f_seed0_steps50/none,0.15721543017910095,0.843329508990964,2.1290569145218576,0.06655322801832425,0.5182875506523921,0.1534598214285714,0.165160771438053,0.8654999907284179,2.105944159201249,0.07015765643266854,0.539567719414367,0.17637914540816327,0.16416760378068398,0.8627286805112362,2.1088332536163255,0.0697071028808755,0.5369076983191201,0.1735142299107143
33,0,50,oracle,0.03,,all,0.0,False,generated,11.877737998962402,out/runs/33f_seed0_steps50/oracle_s0.03,0.16135505314476878,0.8464961546675397,2.036881656442308,0.06811629363925581,0.5227728229272507,0.16015624999999997,0.16302371219046946,0.8524497367759285,2.007242014020851,0.06987628594878943,0.5330730950784722,0.17271205357142858,0.16281512980975688,0.85170553901238,2.010946969323533,0.06965628691009773,0.5317855610595694,0.171142578125
33,0,50,oracle,0.1,,all,0.0,False,generated,11.884835243225098,out/runs/33f_seed0_steps50/oracle_s0.1,0.1536637238646873,0.7955722682120765,1.7998527908535396,0.06621311615344162,0.502745449981884,0.15457589285714285,0.16001205169157012,0.8230274399079003,1.7785878953782286,0.06863607524440497,0.519008303865153,0.16836734693877548,0.15921851071320975,0.8195955434459223,1.7812460073126428,0.06833320535803455,0.5169754471297443,0.16664341517857142
33,0,50,oracle,0.3,,all,0.0,False,generated,11.897576093673706,out/runs/33f_seed0_steps50/oracle_s0.3,0.15586394559927336,0.7718087400696252,1.1388713225007505,0.06662482438097024,0.4906537552160664,0.15066964285714285,0.15074984646067463,0.7466909592905281,1.1177508256239337,0.0661742732372617,0.4773737440510858,0.1570073341836735,0.15138910885299944,0.7498306818879152,1.1203908877335358,0.06623059213022527,0.47903374544670835,0.15621512276785715
33,0,50,oracle,1.0,,all,0.0,False,generated,11.911852836608887,out/runs/33f_seed0_steps50/oracle_s1,0.030164034043288317,0.17076127034459324,0.034237989618269335,0.016058313154861642,0.07164660112473764,0.006975446428571427,0.031631472861408994,0.1777774748828432,0.03504460648266727,0.01698707445412814,0.07791610979705428,0.006218112244897959,0.03144804300914391,0.17690044931556198,0.034943779374617526,0.01687097929171983,0.0771324212130147,0.006312779017857142
33,0,50,oracle,10.0,,all,0.0,False,generated,11.918856143951416,out/runs/33f_seed0_steps50/oracle_s10,0.12026857965578339,0.4141052711183355,0.2296162634915483,0.07912308616871559,0.1974738009372698,0.04938616071428571,0.12014000982668781,0.4157568299703733,0.23569757973236388,0.08003137523991748,0.20423151910551388,0.05066167091836734,0.12015608105532477,0.41555038511386855,0.2349374152022619,0.07991783910601724,0.20338680433448336,0.05050223214285714
33,0,50,oracle,3.0,,all,0.0,False,generated,11.918462753295898,out/runs/33f_seed0_steps50/oracle_s3,0.03499980864364424,0.18230473049586374,0.06604359036157709,0.02034712043116369,0.07270942959741886,0.004185267857142856,0.034261127912958676,0.17630528347269317,0.06663152785360395,0.02074146514043751,0.07016333268441802,0.003627232142857143,0.03435346300429437,0.1770552143505895,0.06655803566710058,0.020692172051778285,0.07048159479854313,0.0036969866071428566
33,0,50,rollout1,0.03,,all,0.0,False,generated,25.43669056892395,out/runs/33f_seed0_steps50/rollout1_s0.03,0.15306410418754962,0.824699183436713,2.1172373174122416,0.06416879556087002,0.5053155555625477,0.14564732142857145,0.1601669172043859,0.8488197270118611,2.0970681712842016,0.0671623050835342,0.5269427771054891,0.16645408163265304,0.1592790655772814,0.8458046590649677,2.0995893145502063,0.06678811639320117,0.5242393744126215,0.16385323660714285
33,0,50,rollout1,0.1,,all,0.0,False,generated,24.843160390853882,out/runs/33f_seed0_steps50/rollout1_s0.1,0.14319987601912715,0.7999161028740054,2.092953419958922,0.057343604379225255,0.4837856690754152,0.1263950892857143,0.14926007156631535,0.8117935602862583,2.0818758920631204,0.06071351114526434,0.5000727823570542,0.14676339285714285,0.14850254712291683,0.8103088781097267,2.0832605830500954,0.06029227279950945,0.4980368931968493,0.1442173549107143
33,0,50,rollout1,0.3,,all,0.0,False,generated,25.056950569152832,out/runs/33f_seed0_steps50/rollout1_s0.3,0.12619479490191143,0.7303983010245015,2.0365102385400737,0.05067590751693557,0.4457102788030728,0.10128348214285715,0.12826518567812015,0.7350074456367973,2.03491914080048,0.05142182610256939,0.4499186550517037,0.11208545918367348,0.12800638683109405,0.7344313025602605,2.0351180280179295,0.051328586279365165,0.44939260802062486,0.11073521205357142
33,0,50,rollout1,1.0,,all,0.0,False,generated,24.446367502212524,out/runs/33f_seed0_steps50/rollout1_s1,0.11261801315187223,0.6762815824600422,1.9462989721478239,0.05086605774072517,0.4389161508049999,0.07505580357142858,0.1169316418626981,0.6804151081081304,1.9902225670887517,0.052513348258860414,0.43925488804036666,0.08808992346938775,0.11639243827384488,0.6798984174021194,1.9847321177211357,0.052307436944093504,0.43921254588594577,0.08646065848214285
33,0,50,rollout1,10.0,,all,0.0,False,generated,25.652649879455566,out/runs/33f_seed0_steps50/rollout1_s10,0.2749340436930017,1.2240263051560334,2.377737544850727,0.20940976317604443,0.9972289256969457,0.19029017857142858,0.2700918372335034,1.1865025946271637,2.3247153677681722,0.20898330688639666,0.9831507091725479,0.17873086734693877,0.2706971130409407,1.1911930584432726,2.331343139903492,0.2090366139226026,0.9849104862380975,0.18017578125
33,0,50,rollout1,3.0,,all,0.0,False,generated,24.532137155532837,out/runs/33f_seed0_steps50/rollout1_s3,0.13663277998728943,0.7500711800268703,2.0626573662854053,0.07647796285290376,0.5297001497729011,0.1015625,0.1424066948408492,0.7707182019260355,2.0904906734767468,0.07964457090647169,0.5461933467045446,0.10925542091836735,0.14168495548415422,0.7681373241886399,2.0870115100778293,0.07924874489977571,0.5441316970880892,0.10829380580357142
33,0,50,rollout5,0.03,,all,0.0,False,generated,56.360600233078,out/runs/33f_seed0_steps50/rollout5_s0.03,0.1523436698838976,0.8184578726610336,2.1086019743537245,0.06463193326423482,0.499525076685743,0.15262276785714285,0.15917620283507564,0.8395881300974111,2.0875554413544806,0.06725436492698124,0.5201201313549052,0.16529815051020405,0.1583221362161784,0.8369468479178639,2.090186257979386,0.06692656096913793,0.5175457495212599,0.16371372767857142
33,0,50,rollout5,0.1,,all,0.0,False,generated,59.0287230014801,out/runs/33f_seed0_steps50/rollout5_s0.1,0.1428749820102723,0.7704727790293997,2.0543604721065853,0.0616476607693415,0.4722021993179162,0.15206473214285715,0.14483662326694063,0.7749416619106457,2.0501199273313513,0.060727554932990646,0.4727655971512385,0.14807876275510207,0.1445914181098571,0.7743830515504899,2.0506499954282558,0.0608425681625345,0.47269517242207315,0.14857700892857145
33,0,50,rollout5,0.3,,all,0.0,False,generated,57.60738563537598,out/runs/33f_seed0_steps50/rollout5_s0.3,0.11576180192114999,0.6531949725318509,1.950785351989039,0.048055858768032325,0.39418966725145715,0.10044642857142856,0.11745907543390678,0.652803702090151,1.9583592876814426,0.04903041373801596,0.39082409224145687,0.1114875637755102,0.1172469162448122,0.6528526108953636,1.957412545719892,0.04890859436676801,0.3912447891177069,0.110107421875
33,0,50,rollout5,1.0,,all,0.0,False,generated,58.90416383743286,out/runs/33f_seed0_steps50/rollout5_s1,0.11552071494885686,0.595965891795355,1.794250311696215,0.05391256181186291,0.3619856617253928,0.08844866071428573,0.11181556938250943,0.5737569071743509,1.8192479774931194,0.05195615714093464,0.3535362357113402,0.08318718112244897,0.11227871257830285,0.5765330302519763,1.8161232692685063,0.05220070772480068,0.35459241396309676,0.08384486607142858
33,0,50,rollout5,10.0,,all,0.0,False,generated,59.398335218429565,out/runs/33f_seed0_steps50/rollout5_s10,0.29912336916571075,0.9926677855672346,1.8474627886564374,0.21642936364887866,0.6998890370271813,0.11272321428571429,0.3125648033438191,1.029368130707923,1.86211303477659,0.2260897992615489,0.7298794302662053,0.12300701530612246,0.31088462407155554,1.024780587565337,1.860281754011571,0.2248822448099651,0.7261306311113271,0.12172154017857142
33,0,50,rollout5,3.0,,all,0.0,False,generated,59.23163032531738,out/runs/33f_seed0_steps50/rollout5_s3,0.15967960967183326,0.6862474476835524,1.7350205000128405,0.09177936349029486,0.44922479943678273,0.10267857142857142,0.1593861238166341,0.6887035613845409,1.7688790221216146,0.09183550722549019,0.4530860199607581,0.1037547831632653,0.15942280954853402,0.6883965471719173,1.7646467068580178,0.09182848925859077,0.4526033673952612,0.10362025669642858
33,1,100,none,0.0,,all,0.0,False,generated,10.066207885742188,out/runs/33f_seed1_steps100/none,0.1494234576104786,0.813069118180749,2.062103385665669,0.06263747292284486,0.50455174525465,0.14676339285714285,0.14923577740525978,0.8043366321417811,2.084200037304554,0.0633362856634295,0.5036008575360362,0.15174585459183673,0.14925923743091216,0.8054281928966522,2.081437955849693,0.06324893407085641,0.5037197185008631,0.151123046875
33,1,100,oracle,0.03,,all,0.0,False,generated,23.668888092041016,out/runs/33f_seed1_steps100/oracle_s0.03,0.14894507187781242,0.8040812788097822,1.9560775381704403,0.06167924475084224,0.5035013291863736,0.15206473214285715,0.14804503671320374,0.7952612780997497,1.98004126292277,0.06295717814657883,0.4995162019584112,0.14740114795918366,0.14815754110877977,0.7963637781885038,1.9770457973287288,0.06279743647211176,0.5000143428619064,0.14798409598214285
33,1,100,oracle,0.1,,all,0.0,False,generated,23.659489154815674,out/runs/33f_seed1_steps100/oracle_s0.1,0.14658235084637755,0.7771780646092519,1.6908836147964301,0.06075411924329408,0.48156435531479586,0.1400669642857143,0.14581500328411198,0.7738071389934428,1.7222584901896885,0.061853076972882684,0.4874201210509708,0.1502311862244898,0.14591092172939518,0.7742285046954189,1.718336630765531,0.06171570725668411,0.48668815033394897,0.14896065848214285
33,1,100,oracle,0.3,,all,0.0,False,generated,23.623933792114258,out/runs/33f_seed1_steps100/oracle_s0.3,0.13022940050142548,0.6634538264283039,0.9788498010914917,0.05798137941670819,0.42555283680901634,0.1275111607142857,0.13711855896831696,0.6926832963678399,1.0278684681402763,0.059124848364302,0.44095316853178296,0.13879145408163265,0.13625741415995551,0.6890296126253979,1.0217411347591783,0.05898191474585278,0.4390281270664371,0.1373814174107143
33,1,100,oracle,1.0,,all,0.0,False,generated,23.61358618736267,out/runs/33f_seed1_steps100/oracle_s1,0.016781470354923157,0.10171060751822009,0.014455905896293258,0.00900991691934195,0.033119250313948655,0.0011160714285714285,0.01849380551380617,0.11449090473967859,0.01839557598622387,0.010049385573690625,0.04169735505655454,0.002431441326530612,0.018279763618945795,0.11289336758699627,0.017903117224982546,0.00991945199189704,0.04062509196372879,0.002267020089285714
33,1,100,oracle,10.0,,all,0.0,False,generated,23.62446665763855,out/runs/33f_seed1_steps100/oracle_s10,0.051156168787052946,0.2115864410763874,0.1169715071800215,0.032701018320637334,0.09152121859879588,0.005580357142857142,0.050962093451144705,0.21195696312279746,0.11592719034173145,0.033173163632977856,0.09133333319052048,0.008968431122448979,0.05098635286813323,0.2119106478669962,0.1160577299465177,0.0331141454689353,0.09135681886655489,0.008544921875
33,1,100,oracle,3.0,,all,0.0,False,generated,23.613043546676636,out/runs/33f_seed1_steps100/oracle_s3,0.018155593981420484,0.10796104769512045,0.030216191807473543,0.010785318370631888,0.034642676232342864,0.00027901785714285713,0.01801501198241201,0.10476291992025996,0.030187398172112516,0.010880408443085013,0.03421608908440764,0.0009964923469387755,0.01803258473228807,0.10516268589211751,0.030190997376532643,0.010868522184028373,0.03426941247789954,0.0009068080357142856
33,1,100,rollout1,0.03,,all,0.0,False,generated,50.34699988365173,out/runs/33f_seed1_steps100/rollout1_s0.03,0.14274644275624937,0.7871631174201299,2.0532603224015604,0.058657127124353434,0.48869335961418614,0.1333705357142857,0.14401040270983037,0.7888801423648469,2.0742714594271034,0.06048509049534932,0.48958161883556567,0.14205994897959182,0.14385240771563274,0.7886655142467573,2.0716450672989106,0.060256595073974836,0.4894705864328932,0.14097377232142855
33,1,100,rollout1,0.1,,all,0.0,False,generated,51.84179067611694,out/runs/33f_seed1_steps100/rollout1_s0.1,0.13318098628861458,0.753592410013724,2.032948261217375,0.054151254753612224,0.46856696030215683,0.125,0.13418768380720825,0.7492064920688551,2.0515558845497495,0.054794238428942134,0.4623884322903193,0.12464126275510203,0.13406184661738402,0.7497547318119637,2.049229931633203,0.05471386546952589,0.463160748291799,0.1246861049107143
33,1,100,rollout1,0.3,,all,0.0,False,generated,51.9633994102478,out/runs/33f_seed1_steps100/rollout1_s0.3,0.11836638290969226,0.6908620357727808,1.984686774272432,0.047867540262254316,0.4298242923209806,0.09877232142857142,0.11549480781137254,0.6793837876285026,1.9914786410777905,0.0465361065544838,0.41926489126098876,0.09745695153061226,0.11585375469866249,0.6808185686465373,1.9906296577271207,0.04670253576795512,0.42058481639348777,0.09762137276785715
33,1,100,rollout1,1.0,,all,0.0,False,generated,48.70009660720825,out/runs/33f_seed1_steps100/rollout1_s1,0.10504040681100299,0.6272081682270461,1.9553433996783607,0.04833915828096318,0.41375359843489545,0.07198660714285712,0.10600389012347246,0.6327255678293576,1.9278620871645902,0.04810850136295076,0.41510177910567553,0.07589285714285714,0.10588345470941377,0.6320358928790688,1.9312972512288118,0.04813733347770231,0.414933256521828,0.07540457589285712
33,1,100,rollout1,10.0,,all,0.0,False,generated,50.55990147590637,out/runs/33f_seed1_steps100/rollout1_s10,0.18645739900376518,1.013303829328824,2.1815746887471095,0.1666502957627071,0.9004158597512539,0.052176339285714274,0.18804035044650552,1.0182847728642301,2.219547737702903,0.16687419413988652,0.9077238139169044,0.06329719387755102,0.18784248151616295,1.0176621549223044,2.2148011065834288,0.1668462068427391,0.906810319646198,0.061907087053571425
33,1,100,rollout1,3.0,,all,0.0,False,generated,51.369245767593384,out/runs/33f_seed1_steps100/rollout1_s3,0.1171533912948445,0.6718119967111742,2.0533217976060207,0.07112044718545407,0.5096635381104302,0.08342633928571427,0.1197426350566896,0.696497520162865,2.0185125067574043,0.07090390369001183,0.5210637636707194,0.08019770408163264,0.11941897958645896,0.6934118297314037,2.0228636681134815,0.0709309716269421,0.5196387354756833,0.08060128348214285
33,1,100,rollout5,0.03,,all,0.0,False,generated,125.91863560676575,out/runs/33f_seed1_steps100/rollout5_s0.03,0.14137879277551124,0.7783186986620672,2.0427781225665997,0.05850486148748138,0.4783725823514128,0.13253348214285715,0.1436970294059414,0.7791558423860488,2.0630259444010446,0.06079218648769756,0.4832623865349089,0.1443718112244898,0.1434072498271376,0.7790511994205511,2.0604949666717394,0.06050627086267054,0.4826511610119719,0.1428920200892857
33,1,100,rollout5,0.1,,all,0.0,False,generated,126.416677236557,out/runs/33f_seed1_steps100/rollout5_s0.1,0.12796925667265535,0.7135116471112395,1.9964863752194402,0.05164522379110268,0.43282196487166513,0.11439732142857142,0.13085906370848516,0.7235161265040368,2.0134281382560184,0.05434531327520168,0.44202154028183654,0.1292251275510204,0.13049783782900642,0.7222655665799371,2.0113104178764463,0.054007802089689305,0.4408715933555651,0.1273716517857143
33,1,100,rollout5,0.3,,all,0.0,False,generated,124.09124732017517,out/runs/33f_seed1_steps100/rollout5_s0.3,0.10579578370726389,0.6031768152823967,1.8836893343655576,0.04434836033006167,0.3636581378169918,0.0904017857142857,0.10270277789032269,0.5878838206001414,1.9057996081742214,0.04345151866287864,0.3532626213348181,0.09159757653061222,0.10308940361744033,0.5897954449354235,1.9030358239481384,0.04356362387127652,0.3545620608950898,0.09144810267857142
33,1,100,rollout5,1.0,,all,0.0,False,generated,105.61698865890503,out/runs/33f_seed1_steps100/rollout5_s1,0.10033289179554988,0.5404790809547917,1.7727272581593123,0.0466278647532537,0.337581430217099,0.07310267857142858,0.09964107235385002,0.5313371364332353,1.7555282006863437,0.04633150385827934,0.3308793870255156,0.07314253826530612,0.09972754978406251,0.5324798794984299,1.7576780828704648,0.046368548970151136,0.3317171424244636,0.07313755580357142
33,1,100,rollout5,10.0,,all,0.0,False,generated,112.56353783607483,out/runs/33f_seed1_steps100/rollout5_s10,0.2346215293330433,0.8238470037967575,1.7713828749523324,0.16568836241085738,0.5930529092799227,0.09095982142857142,0.2562627422682428,0.866357221968271,1.7861159516648226,0.18282818269627815,0.6156625741948728,0.09773596938775508,0.2535575906513428,0.8610434446968318,1.7842743170757611,0.18068570516060056,0.6128363660805041,0.09688895089285715
33,1,100,rollout5,3.0,,all,0.0,False,generated,110.12711668014526,out/runs/33f_seed1_steps100/rollout5_s3,0.1462828083963021,0.661089238558527,1.7214840059684509,0.08238979370744416,0.45073587829187267,0.09123883928571427,0.1431317486651222,0.6436967541586035,1.7463196138354153,0.08235603210747493,0.44164383278104424,0.09446747448979591,0.14352563113151973,0.645870814708594,1.7432151628520447,0.0823602523074711,0.4427803384698978,0.09406389508928571
33,1,20,none,0.0,,all,0.0,False,generated,2.1351318359375,out/runs/33f_seed1_steps20/none,0.1529538577517653,0.814113002366747,2.0411578437953137,0.06610115918481707,0.5051632054568808,0.1392299107142857,0.15391782721684746,0.809971081750114,2.063674409389623,0.06826334667763265,0.5111964928248407,0.14760044642857142,0.15379733103371218,0.8104888218271931,2.060859838690334,0.06799307324103068,0.5104423319038457,0.1465541294642857
33,1,20,oracle,0.03,,all,0.0,False,generated,4.851269245147705,out/runs/33f_seed1_steps20/oracle_s0.03,0.1536509689950904,0.8177254358163688,1.9471844732329457,0.0663979718200559,0.5102818497578839,0.14341517857142858,0.15207854261736328,0.7984537334073131,1.9648713163023668,0.06780485203207923,0.5031256923025419,0.1447704081632653,0.15227509591457916,0.800862696208445,1.9626604609186895,0.06762899200557632,0.5040202119844595,0.1446010044642857
33,1,20,oracle,0.1,,all,0.0,False,generated,4.8468427658081055,out/runs/33f_seed1_steps20/oracle_s0.1,0.15204718396717937,0.7955260821700021,1.6972190237447509,0.06640592892467342,0.4938837602340519,0.13532366071428573,0.15161030506665935,0.7805168844399308,1.7230494437754456,0.06715331700691847,0.4932638011520495,0.14863679846938774,0.15166491492922438,0.7823930341561898,1.7198206412716086,0.06705989349663784,0.4933412960372998,0.14697265625
33,1,20,oracle,0.3,,all,0.0,False,generated,4.863706827163696,out/runs/33f_seed1_steps20/oracle_s0.3,0.13799036450636853,0.6807559213317725,1.035247777372343,0.06426582315458072,0.43935278333384664,0.12918526785714285,0.14349215584668773,0.7116840408730006,1.0782159649208267,0.06594396839957795,0.453161919642862,0.14026626275510204,0.14280443192914782,0.707818025930347,1.0728449414772663,0.0657342002439533,0.4514357776042351,0.13888113839285715
33,1,20,oracle,1.0,,all,0.0,False,generated,4.96502423286438,out/runs/33f_seed1_steps20/oracle_s1,0.0589920062687478,0.2910670047685435,0.06809927542520942,0.03326883443371613,0.1370576926580771,0.02734375,0.06252115277919086,0.30312968327192064,0.07794063565875829,0.03550973123772817,0.15072349932835546,0.027383609693877545,0.06208000946538547,0.3016218484589985,0.07671046562956468,0.035229619137226664,0.1490152734945707,0.027378627232142853
33,1,20,oracle,10.0,,all,0.0,False,generated,4.8510894775390625,out/runs/33f_seed1_steps20/oracle_s10,0.4206954733139565,1.2152084898274067,0.522680591285059,0.2750083901724347,0.7368396087989111,0.2932477678571429,0.43530283964030464,1.2479259719868063,0.5399955869139513,0.2827138658103333,0.772691014081137,0.2994658801020408,0.43347691884951123,1.2438362867168813,0.5378312124603397,0.281750681355596,0.7682095884208587,0.29868861607142855
33,1,20,oracle,3.0,,all,0.0,False,generated,4.83315110206604,out/runs/33f_seed1_steps20/oracle_s3,0.08384362835154,0.36858672377748825,0.16518872056437672,0.05150163463581281,0.17318738272896445,0.04464285714285714,0.0837081960261801,0.35511377036090036,0.1716870299343043,0.052223305362696204,0.17361320845048303,0.044443558673469385,0.08372512506685009,0.3567978895379738,0.17087474126306335,0.05213309652183577,0.1735599802352932,0.04446847098214285
33,1,20,rollout1,0.03,,all,0.0,False,generated,10.687044620513916,out/runs/33f_seed1_steps20/rollout1_s0.03,0.1444259326616098,0.7869957221081358,2.0348620444371357,0.0628595870236397,0.4890373944685227,0.126953125,0.1489956630015667,0.7923887859284305,2.0545938157850894,0.06517903605189732,0.49411852632963166,0.13747608418367346,0.14842444670907212,0.7917146529508937,2.0521273443665953,0.06488910492336514,0.493483384846993,0.1361607142857143
33,1,20,rollout1,0.1,,all,0.0,False,generated,10.379735708236694,out/runs/33f_seed1_steps20/rollout1_s0.1,0.1386469494862172,0.7596469595539788,2.019194287015548,0.059261686430719794,0.4727541676118005,0.1177455357142857,0.13872614881521167,0.7516449783417203,2.0331617405548967,0.05999943071703097,0.46772332149310236,0.12201052295918366,0.13871624889908737,0.7526452259932526,2.031415808862478,0.05990721268124207,0.46835217725793965,0.12147739955357142
33,1,20,rollout1,0.3,,all,0.0,False,generated,10.109802007675171,out/runs/33f_seed1_steps20/rollout1_s0.3,0.12350252313726079,0.6974262507562635,1.9697966709054886,0.05362371299410708,0.43243325223621165,0.09486607142857144,0.12153182945083033,0.6871700270172931,1.9845258111889688,0.05296854412962099,0.4257314953314958,0.09661989795918369,0.12177816616163414,0.6884520549846644,1.982684668653534,0.053050440237681754,0.4265692149445853,0.09640066964285715
33,1,20,rollout1,1.0,,all,0.0,False,generated,10.642221927642822,out/runs/33f_seed1_steps20/rollout1_s1,0.12819793706174823,0.6842880202605335,1.9601156917832012,0.0648886466185048,0.4420235094194186,0.09709821428571429,0.12572877627967674,0.6734683202974058,1.9466828981877187,0.06364237346259297,0.42938549371785595,0.10558832908163265,0.12603742137743568,0.6748207827927967,1.948361997387154,0.06379815760708195,0.4309652456805513,0.10452706473214285
33,1,20,rollout1,10.0,,all,0.0,False,generated,10.619823217391968,out/runs/33f_seed1_steps20/rollout1_s10,0.5307735982017057,1.7087268800602853,2.603612757791238,0.3897489489950279,1.295038063062415,0.4609375,0.5312120840433765,1.7427898532272006,2.661251925761657,0.39308494549858697,1.328806750615943,0.4677933673469387,0.5311572733131675,1.738531981581336,2.654047029765354,0.3926679459356421,1.324585664671752,0.4669363839285714
33,1,20,rollout1,3.0,,all,0.0,False,generated,10.508657932281494,out/runs/33f_seed1_steps20/rollout1_s3,0.2151040165223424,0.9500319581978316,2.1444908150173383,0.13227919483612263,0.6527292216571434,0.22600446428571427,0.215070900998011,0.932315905819518,2.117953582146483,0.13201657677642362,0.6415016687907615,0.24186862244897958,0.2150750404385524,0.9345304123668071,2.1212707362553402,0.132049404033886,0.6429051128990593,0.23988560267857142
33,1,20,rollout5,0.03,,all,0.0,False,generated,24.05911636352539,out/runs/33f_seed1_steps20/rollout5_s0.03,0.14480130131564292,0.7843760273168481,2.025813184830133,0.06311713371108524,0.482253745469616,0.1283482142857143,0.14790040072235927,0.7832868011008652,2.043571202215371,0.06497727043627768,0.4863404968182547,0.13871173469387754,0.14751301329651975,0.7834229543778632,2.0413514500422165,0.06474475334562864,0.48582965289967484,0.13741629464285712
33,1,20,rollout5,0.1,,all,0.0,False,generated,23.85752010345459,out/runs/33f_seed1_steps20/rollout5_s0.1,0.13447874699448675,0.7276762414747939,1.9774371661549752,0.0579383927569761,0.4485889366684158,0.10881696428571429,0.13505057755216243,0.7254554777054538,1.9999222582766005,0.059191787843546076,0.4466832376223812,0.12384406887755102,0.13497909873245295,0.7257330731766214,1.9971116217613973,0.05903511345772483,0.4469214500031356,0.12196568080357142
33,1,20,rollout5,0.3,,all,0.0,False,generated,24.001058340072632,out/runs/33f_seed1_steps20/rollout5_s0.3,0.11332861218602258,0.6187494379407876,1.8897097163850476,0.05127592397260457,0.3728881238290508,0.08816964285714285,0.11098709387847598,0.6049353997932195,1.9026231050824585,0.05057414678446875,0.3647012280343484,0.0956234056122449,0.11127978366691932,0.6066621545616657,1.9010089314952823,0.05066186893298573,0.3657245900086862,0.09469168526785715
33,1,20,rollout5,1.0,,all,0.0,False,generated,24.072880268096924,out/runs/33f_seed1_steps20/rollout5_s1,0.1199900754454297,0.5789916316210317,1.7926120131775192,0.06385979405836037,0.35510979671928555,0.10016741071428571,0.12096349983889268,0.5863372222420716,1.7847789687247817,0.06350000046125016,0.35685580400714617,0.1031967474489796,0.12084182178970981,0.5854190234144416,1.7857580992813742,0.06354497466088894,0.3566375530961636,0.10281808035714286
33,1,20,rollout5,10.0,,all,0.0,False,generated,24.08627462387085,out/runs/33f_seed1_steps20/rollout5_s10,0.6066996351973228,1.5963674565278383,2.0932243380928104,0.4416013727807387,1.1794014716709538,0.33119419642857145,0.6048860925263558,1.5875446671791005,2.1327117170299172,0.4423325741461351,1.173526354127873,0.3513233418367347,0.6051127853602266,1.5886475158476925,2.127775794662779,0.4422411739754606,1.1742607438207582,0.34880719866071425
33,1,20,rollout5,3.0,,all,0.0,False,generated,23.772433042526245,out/runs/33f_seed1_steps20/rollout5_s3,0.22793292803151965,0.8442338926775053,1.8340959439933546,0.14424497802143688,0.5486239370321198,0.21679687499999997,0.23016548523789299,0.8480382364576631,1.8580557727229565,0.14464930316736352,0.5507950741857319,0.2185108418367347,0.22988641558709633,0.8475626934851435,1.8550607941317563,0.14459876252412268,0.5505236820415305,0.21829659598214285
33,1,50,none,0.0,,all,0.0,False,generated,5.101330041885376,out/runs/33f_seed1_steps50/none,0.14931681079736014,0.8080721073448667,2.0580590857070495,0.06321143198952887,0.5056934622739913,0.14620535714285715,0.14993474123863398,0.8048955398850381,2.0783060749458513,0.06410960962175229,0.5038618691994051,0.15166613520408162,0.14985749993347475,0.8052926108175168,2.075775201291001,0.06399733741772436,0.5040908183337283,0.15098353794642855
33,1,50,oracle,0.03,,all,0.0,False,generated,12.065937280654907,out/runs/33f_seed1_steps50/oracle_s0.03,0.14941090981542682,0.8068203610445146,1.9536852801829925,0.06243674479273437,0.5039540714476711,0.150390625,0.14851958475448615,0.7947534267219811,1.976619717614993,0.06358157965815725,0.49817795024800743,0.14560746173469388,0.14863100038710375,0.7962617935122978,1.9737529129359932,0.0634384752999794,0.49889996539796533,0.14620535714285715
33,1,50,oracle,0.1,,all,0.0,False,generated,11.894530534744263,out/runs/33f_seed1_steps50/oracle_s0.1,0.14819151349087284,0.7845775462425081,1.6915747903364693,0.061809627004276266,0.4842039067968143,0.14090401785714285,0.14681041046916826,0.7750345612693579,1.72238819708666,0.06278544482786859,0.4874514406962308,0.15015146683673472,0.1469830483468813,0.7762274343910016,1.718536521242886,0.06266346759991955,0.4870454989588038,0.14899553571428573
33,1,50,oracle,0.3,,all,0.0,False,generated,11.883732557296753,out/runs/33f_seed1_steps50/oracle_s0.3,0.13133412648568604,0.6648584096612897,0.9934646573627226,0.059273556348413185,0.42629325019261316,0.13058035714285715,0.13800686745712357,0.6941356700389184,1.041033574978849,0.06031128974069739,0.4427266079201787,0.13958864795918366,0.13717277483569387,0.6904760124917148,1.0350874602768334,0.06018157306666187,0.4406724382042331,0.13846261160714285
33,1,50,oracle,1.0,,all,0.0,False,generated,11.991541147232056,out/runs/33f_seed1_steps50/oracle_s1,0.025152679087552535,0.147078054706938,0.026329123986547697,0.014117657918414583,0.05657453155944391,0.004743303571428571,0.02869968210055904,0.16175778495254178,0.03188773649290948,0.015623479788999237,0.06707493368012006,0.0058195153061224485,0.028256306723933228,0.15992281867184133,0.031192909929614255,0.015435252055176155,0.06576238341503553,0.005684988839285714
33,1,50,oracle,10.0,,all,0.0,False,generated,11.897750854492188,out/runs/33f_seed1_steps50/oracle_s10,0.11345272105875981,0.3839744493180066,0.23035772207198557,0.07567384789027103,0.18786725907178686,0.045479910714285705,0.11339326582647126,0.38577231242453475,0.23428549175175958,0.07624041018649762,0.19091919037761176,0.04870854591836734,0.11340069773050733,0.38554757953621877,0.23379452054178784,0.07616958989946929,0.19053769896438366,0.04830496651785714
33,1,50,oracle,3.0,,all,0.0,False,generated,11.892651319503784,out/runs/33f_seed1_steps50/oracle_s3,0.033148039061856135,0.17133061998676308,0.06533232508826593,0.020189221432923444,0.06843552054219015,0.0019531249999999998,0.03317327727919024,0.16762443375333164,0.06572016291242773,0.02039668894347826,0.06537082281511408,0.004105548469387756,0.03317012250202348,0.16808770703251058,0.06567168318440748,0.02037075550465891,0.06575391003099859,0.0038364955357142855
33,1,50,rollout1,0.03,,all,0.0,False,generated,24.687317848205566,out/runs/33f_seed1_steps50/rollout1_s0.03,0.1434420533533946,0.792028462262637,2.0475847250210677,0.05949144348680733,0.48727082030296415,0.13811383928571427,0.14539949168061056,0.7886808827903977,2.069197669490239,0.06121072435768612,0.48835646561792206,0.1412627551020408,0.14515481188970858,0.7890993302244276,2.0664960514315927,0.060995814248826274,0.4882207599535523,0.140869140625
33,1,50,rollout1,0.1,,all,0.0,False,generated,24.189435243606567,out/runs/33f_seed1_steps50/rollout1_s0.1,0.13326892272708213,0.7519946927714853,2.0309690356909575,0.054640882815027894,0.46642656191577325,0.12332589285714285,0.13436316883643154,0.745446784283397,2.046654589158131,0.055612150999050716,0.46193115776638305,0.12340561224489796,0.13422638807276288,0.7462652728444081,2.044693894974734,0.05549074247604787,0.4624930832850568,0.12339564732142858
33,1,50,rollout1,0.3,,all,0.0,False,generated,25.76735281944275,out/runs/33f_seed1_steps50/rollout1_s0.3,0.1181940242324537,0.6866989230066534,1.9831882418891953,0.047734984883365444,0.42107043353281204,0.09347098214285715,0.11725245320268853,0.682883572906513,1.9902927901388097,0.048085862760616535,0.4215793717687414,0.0999282525510204,0.11737014958140918,0.6833604916690306,1.9894047216076078,0.04804200302596014,0.42151575448925016,0.09912109375
33,1,50,rollout1,1.0,,all,0.0,False,generated,24.88434147834778,out/runs/33f_seed1_steps50/rollout1_s1,0.10839758122892815,0.6375567428746127,1.9681343066463128,0.05077239990265178,0.41868077056432973,0.07533482142857142,0.10878471013912006,0.6371838897885344,1.9298665686950665,0.05007426583254299,0.41401149377397856,0.08282844387755102,0.10873631902534608,0.6372304964242941,1.9346500359389727,0.050161532591306596,0.4145951533727725,0.08189174107142858
33,1,50,rollout1,10.0,,all,0.0,False,generated,25.513583660125732,out/runs/33f_seed1_steps50/rollout1_s10,0.2766973203444133,1.252067113389517,2.337137347589527,0.21884954501839066,1.045269482816705,0.17243303571428573,0.27169250548105767,1.2285505481214343,2.3629520335200445,0.21650471666464569,1.0264172559192233,0.18128188775510204,0.2723181073389771,1.2314901187799447,2.35972519777873,0.2167978202088638,1.0287737842814084,0.18017578125
33,1,50,rollout1,3.0,,all,0.0,False,generated,25.49605703353882,out/runs/33f_seed1_steps50/rollout1_s3,0.13988304529960338,0.7510517788332589,2.0548456225260257,0.08193191446027634,0.5482564796911404,0.12276785714285715,0.14139913963385162,0.7622308993750588,2.057765067939945,0.08139625731374885,0.5460009070926242,0.12547831632653061,0.14120962784207058,0.760833509307334,2.057400137263205,0.08146321445706478,0.5462828536674387,0.12513950892857142
33,1,50,rollout5,0.03,,all,0.0,False,generated,56.5360791683197,out/runs/33f_seed1_steps50/rollout5_s0.03,0.14082975861930067,0.7722516125671419,2.0376463865515464,0.059463968476488716,0.4779921541882422,0.13253348214285715,0.1438061446697909,0.776764848022791,2.0586270789905283,0.06148670973759375,0.4815861324129361,0.14317602040816327,0.14343409641347962,0.776200693590835,2.0560044924356555,0.06123386707995562,0.4811368851348493,0.141845703125
33,1,50,rollout5,0.1,,all,0.0,False,generated,59.16260313987732,out/runs/33f_seed1_steps50/rollout5_s0.1,0.12918606314917852,0.7162123194081138,1.9924278991261546,0.05285605637076267,0.43332810721779713,0.11272321428571427,0.1309545738120575,0.7200384582804507,2.0104648835554464,0.05513661094090535,0.4407124633450482,0.1282684948979592,0.13073350997919764,0.7195601909214085,2.0082102605017846,0.054851541619637526,0.4397894188291418,0.12632533482142858
33,1,50,rollout5,0.3,,all,0.0,False,generated,55.974838733673096,out/runs/33f_seed1_steps50/rollout5_s0.3,0.1049936948788601,0.5979222447794805,1.883030520367871,0.04500278785251394,0.3627245843703242,0.08733258928571429,0.10458131546179006,0.589883055878156,1.904910121796706,0.044669754320611335,0.35408268587366687,0.09191645408163264,0.10463286288892382,0.5908879544908217,1.902175171618102,0.04471138351209917,0.35516292318574905,0.09134347098214285
33,1,50,rollout5,1.0,,all,0.0,False,generated,58.32318162918091,out/runs/33f_seed1_steps50/rollout5_s1,0.10417302140238306,0.5522163933993088,1.7796904704082173,0.0482094860623522,0.3378359520208438,0.08063616071428571,0.10310896644964929,0.5390810585747254,1.7640239177259223,0.04904850685417678,0.33214078435173483,0.07955994897959183,0.10324197331874102,0.5407229754277983,1.7659822368112092,0.0489436292551987,0.3328526803103735,0.07969447544642858
33,1,50,rollout5,10.0,,all,0.0,False,generated,58.39033341407776,out/runs/33f_seed1_steps50/rollout5_s10,0.28781197174912976,0.9827747077806841,1.8293527935685068,0.21189918369794325,0.7212571059787862,0.12862723214285712,0.297495941064337,0.9990553779368535,1.8534697474576192,0.21771069880841232,0.7282267260369365,0.1373565051020408,0.2962854448999361,0.9970202941673323,1.85045512822148,0.2169842594196037,0.7273555235296676,0.13626534598214285
33,1,50,rollout5,3.0,,all,0.0,False,generated,58.850205421447754,out/runs/33f_seed1_steps50/rollout5_s3,0.1632773677269238,0.6992162707323979,1.7474229324435013,0.09363850295450496,0.46817948977819224,0.12332589285714285,0.16022720825780373,0.6891263148871855,1.7800853924485334,0.09307572751488438,0.4588081596808397,0.12053571428571429,0.1606084781914437,0.6903875593678369,1.7760025849479042,0.09314607444483697,0.45997957594300876,0.12088448660714285
33,2,100,none,0.0,,all,0.0,False,generated,10.073933601379395,out/runs/33f_seed2_steps100/none,0.15752134558510883,0.8437344080024203,2.028771820627406,0.06645681224259592,0.525851715160745,0.15959821428571427,0.15926720804609942,0.8428633923276326,2.1156732140906684,0.06875041129393479,0.5270995270023818,0.17729591836734696,0.1590489752384756,0.842972269286981,2.104810539907761,0.06846371141251742,0.5269435505221773,0.17508370535714285
33,2,100,oracle,0.03,,all,0.0,False,generated,23.62262988090515,out/runs/33f_seed2_steps100/oracle_s0.03,0.16143797332472382,0.8467293271735081,1.9193692213174744,0.06733720139180968,0.5271799105973811,0.1685267857142857,0.15785431950700943,0.8290153636723777,2.010305338518388,0.06824942233390885,0.5187563159029056,0.1727917729591837,0.1583022762342237,0.8312296091100191,1.9989383238682739,0.06813539471614644,0.519809265239715,0.17225864955357142
33,2,100,oracle,0.1,,all,0.0,False,generated,23.620288610458374,out/runs/33f_seed2_steps100/oracle_s0.1,0.15282094639169674,0.7962429229076653,1.6702695983453348,0.06598752994113832,0.5082918609588241,0.15457589285714285,0.1529394642489129,0.7942013976786948,1.7610443729793415,0.06557355186832939,0.49841129396014733,0.16613520408163263,0.15292464951676088,0.7944565883323162,1.7496975261500904,0.06562529912743051,0.499646364834982,0.16469029017857142
33,2,100,oracle,0.3,,all,0.0,False,generated,23.611419439315796,out/runs/33f_seed2_steps100/oracle_s0.3,0.13497156424259152,0.6855815117486124,0.9752258164764251,0.0590729952532831,0.43473994960366324,0.14146205357142855,0.14000436086603743,0.7069573108793934,1.0659131962800517,0.06032285188990853,0.44711493301144717,0.14552774234693877,0.13937526128810668,0.7042853359880458,1.0545772738045984,0.060166619810330356,0.4455680600854741,0.14501953125
33,2,100,oracle,1.0,,all,0.0,False,generated,23.708380460739136,out/runs/33f_seed2_steps100/oracle_s1,0.01747734976442912,0.11154901518456085,0.02217343250134621,0.009296379579239357,0.0418354352951447,0.002790178571428571,0.018940343128235528,0.1191710159765225,0.02036400869102794,0.010185724245605573,0.047065654621475085,0.0029097576530612247,0.01875746895775973,0.11821826587752732,0.020590186667317725,0.010074556162309796,0.04641187720568378,0.002894810267857143
33,2,100,oracle,10.0,,all,0.0,False,generated,23.628273010253906,out/runs/33f_seed2_steps100/oracle_s10,0.04977628620080676,0.2101404561213886,0.1166504698195086,0.03207195355019874,0.09224873707507404,0.005580357142857142,0.050405651424227135,0.21359197528301704,0.11678244928351668,0.03249591767082182,0.09607569546278061,0.009446747448979591,0.05032698077129959,0.2131605353878135,0.11676595185051566,0.032442922155743945,0.09559732566431728,0.008963448660714284
33,2,100,oracle,3.0,,all,0.0,False,generated,23.617022037506104,out/runs/33f_seed2_steps100/oracle_s3,0.017667955016446836,0.10746456514560718,0.031009686726563228,0.010479106986900738,0.037126289294470295,0.0016741071428571428,0.017368164647464178,0.10451096146704211,0.030184556028519136,0.010433713038355314,0.035346234055250406,0.0011957908163265306,0.01740563844358701,0.10488016192686275,0.03028769736577465,0.010439387281923493,0.03556874096015289,0.001255580357142857
33,2,100,rollout1,0.03,,all,0.0,False,generated,52.419126749038696,out/runs/33f_seed2_steps100/rollout1_s0.03,0.15257257639221083,0.8191319240864126,2.0136904279906043,0.06363081391801297,0.5046226960155926,0.15625,0.15339371980641567,0.8191903217131562,2.1052349331576754,0.06545273964040073,0.5079716083680347,0.16936383928571427,0.15329107687964005,0.8191830220098133,2.093791870011792,0.06522499892510226,0.5075529943239795,0.167724609375
33,2,100,rollout1,0.1,,all,0.0,False,generated,51.73637318611145,out/runs/33f_seed2_steps100/rollout1_s0.1,0.13697715144296946,0.7605728752765368,1.9978396176205648,0.05490778810717476,0.46479682390284593,0.12918526785714285,0.1400922038075261,0.7735218602533341,2.0811469494880686,0.05793377723349103,0.47340853129408195,0.1467235331632653,0.13970282226195652,0.7719032371312344,2.0707335330046304,0.0575555285927015,0.47233206787017745,0.14453125
33,2,100,rollout1,0.3,,all,0.0,False,generated,48.289414167404175,out/runs/33f_seed2_steps100/rollout1_s0.3,0.11536533309391475,0.6750220036548137,1.9666539915698502,0.0470358160533541,0.41650808370859366,0.10379464285714286,0.11595928830984918,0.6817044315002926,2.0300578336129123,0.04698497953057955,0.4176353294746359,0.10371492346938775,0.1158850439078574,0.6808691280196079,2.0221323533575295,0.04699133409592636,0.4174944237538806,0.10372488839285714
33,2,100,rollout1,1.0,,all,0.0,False,generated,46.85887575149536,out/runs/33f_seed2_steps100/rollout1_s1,0.10127270229326468,0.6221762414046836,1.9514537914539463,0.04547292096732235,0.4081484386197595,0.06752232142857142,0.10233799522903113,0.6190366830948874,1.9692235141607353,0.04595714829104254,0.39754882983456036,0.07932079081632651,0.10220483361206034,0.6194291278836119,1.9670022988223868,0.04589661987557751,0.3988737809327103,0.07784598214285714
33,2,100,rollout1,10.0,,all,0.0,False,generated,50.824265003204346,out/runs/33f_seed2_steps100/rollout1_s10,0.17981404224798825,0.9465147120119217,2.133795304723936,0.16090420272758882,0.8577055401737907,0.03989955357142856,0.18696282746925144,0.9971303610507339,2.179748857073077,0.16489414477411982,0.8912687823981614,0.042330994897959176,0.18606922931659356,0.9908034049208825,2.174004663029434,0.16439540201830344,0.8870733771201149,0.04202706473214285
33,2,100,rollout1,3.0,,all,0.0,False,generated,49.62137985229492,out/runs/33f_seed2_steps100/rollout1_s3,0.11642969565718303,0.6966673103510965,2.0239550998115337,0.06816107833457266,0.5178758203658892,0.05719866071428571,0.11309573664966387,0.6803278947299944,2.0458803131480905,0.06834067925867236,0.5117528783843054,0.060227997448979574,0.11351248152560378,0.6823703216826322,2.043139661481021,0.06831822914315991,0.5125182461320035,0.05984933035714285
33,2,100,rollout5,0.03,,all,0.0,False,generated,120.30475091934204,out/runs/33f_seed2_steps100/rollout5_s0.03,0.1495861996421784,0.8035959767818254,2.00217833974234,0.062389461686709904,0.49676341348133274,0.15234375,0.15263384674266905,0.8087388533427043,2.0941937484615303,0.0656479591693383,0.50166024826681,0.1697624362244898,0.1522528908551077,0.8080959937725944,2.0826918223716318,0.06524064698400975,0.5010481439186253,0.16758510044642858
33,2,100,rollout5,0.1,,all,0.0,False,generated,124.31492829322815,out/runs/33f_seed2_steps100/rollout5_s0.1,0.13287343928631593,0.7362601485588017,1.9695790662430441,0.05576978950006395,0.4486310352098243,0.13643973214285712,0.13698523249026104,0.7405767847665585,2.0484319410821312,0.057661842641288416,0.4503159393742375,0.14401307397959182,0.13647125833976792,0.7400372052405889,2.0385753317272455,0.057425335998635356,0.4501053263536859,0.14306640625
33,2,100,rollout5,0.3,,all,0.0,False,generated,118.89802026748657,out/runs/33f_seed2_steps100/rollout5_s0.3,0.10500863470810874,0.5932640086454908,1.874379522159262,0.043245789905994564,0.3478096213677595,0.09737723214285712,0.1038211944295773,0.5944143345414931,1.9434080811870114,0.04368532438124182,0.35269375006124404,0.10012755102040816,0.10396962446439374,0.5942705438044928,1.9347795113085429,0.04363038257183591,0.35208323397455843,0.09978376116071429
33,2,100,rollout5,1.0,,all,0.0,False,generated,118.0014157295227,out/runs/33f_seed2_steps100/rollout5_s1,0.10158913473164313,0.5509227291748786,1.7088927119502868,0.04628303649928982,0.33937361010569,0.07645089285714285,0.09796315589317377,0.5249136811075413,1.7939590060788801,0.04474386406447543,0.3241620100528473,0.07126913265306122,0.09841640324798245,0.5281648121159584,1.7833257193128063,0.04493626061882723,0.3260634600594526,0.07191685267857142
33,2,100,rollout5,10.0,,all,0.0,False,generated,119.27525806427002,out/runs/33f_seed2_steps100/rollout5_s10,0.26402248627670344,0.9104295613323022,1.8175711740856788,0.18673545402912456,0.6335433016223675,0.09849330357142856,0.28489581402865216,0.93040476330178,1.7961332015846563,0.19916266664585155,0.6406290397301558,0.09239477040816325,0.28228664805965853,0.9279078630555951,1.798812948147284,0.1976092650687607,0.6397433224666823,0.09315708705357142
33,2,100,rollout5,3.0,,all,0.0,False,generated,117.07703709602356,out/runs/33f_seed2_steps100/rollout5_s3,0.1390131951696285,0.6196001633383916,1.6623399174820348,0.07911625840038486,0.4155069250178692,0.08314732142857142,0.13872371036107942,0.6314722478379446,1.7610666139094793,0.07897297389864942,0.42730372595210614,0.08518016581632651,0.13875989596214805,0.6299882372755006,1.7487257768560487,0.07899088446136635,0.4258291258353265,0.08492606026785715
33,2,20,none,0.0,,all,0.0,False,generated,2.120394706726074,out/runs/33f_seed2_steps20/none,0.16248770596803686,0.8446752036445813,2.0074486418264046,0.07141013410124589,0.5228611843987621,0.15931919642857142,0.16387862920058163,0.844790392543632,2.0964717474430032,0.07342904995813489,0.5284080175489008,0.17442602040816327,0.16370476379651352,0.8447759939312507,2.085343859240928,0.07317668547602377,0.5277146634051334,0.1725376674107143
33,2,20,oracle,0.03,,all,0.0,False,generated,4.833466053009033,out/runs/33f_seed2_steps20/oracle_s0.03,0.16256672399149752,0.8381861859272096,1.9055538074007923,0.07225068562561433,0.5263977844820542,0.15680803571428573,0.163278023496833,0.8335442541847983,1.9962348803643268,0.07320633068164344,0.5213040820920424,0.17299107142857142,0.16318911105866607,0.8341244956525997,1.9848997462438849,0.0730868750496398,0.5219407948907938,0.1709681919642857
33,2,20,oracle,0.1,,all,0.0,False,generated,4.850029468536377,out/runs/33f_seed2_steps20/oracle_s0.1,0.16030116098055786,0.8152472935640815,1.6764916806169108,0.07307410536667823,0.5219695666318968,0.15234375,0.1589808297713735,0.8034515547848774,1.7659007623525622,0.07130629082245463,0.5053425821120634,0.16649394132653064,0.15914587117252155,0.804926022132278,1.7547246271356058,0.07152726764048258,0.5074209551770426,0.1647251674107143
33,2,20,oracle,0.3,,all,0.0,False,generated,4.85878324508667,out/runs/33f_seed2_steps20/oracle_s0.3,0.1447640014526126,0.7118338436469753,1.031342631440307,0.06629210189245704,0.4497569844156182,0.13616071428571427,0.14823414698387236,0.7251371865137053,1.1157506608896257,0.06827725422129372,0.4592835039129988,0.1511479591836735,0.14780037879246488,0.7234742686553641,1.1051996572084608,0.06802911018018915,0.45809268897582617,0.1492745535714286
33,2,20,oracle,1.0,,all,0.0,False,generated,4.861888885498047,out/runs/33f_seed2_steps20/oracle_s1,0.06629923373443335,0.3157372520109287,0.08308051515603415,0.036196694239642044,0.1572603486548374,0.02873883928571428,0.06611694043316776,0.3153443918557656,0.08110771460346293,0.03703824253155653,0.15813018559221045,0.025749362244897954,0.06613972709582595,0.31539349937516103,0.08135431467253434,0.03693304899506722,0.15802145597503883,0.026123046874999997
33,2,20,oracle,10.0,,all,0.0,False,generated,4.883291006088257,out/runs/33f_seed2_steps20/oracle_s10,0.4282006752355958,1.223075831787411,0.5103800160818954,0.2757262431592326,0.7812591009530188,0.2879464285714286,0.4358320205061753,1.250519057179799,0.5227134884230167,0.28069672302249576,0.7774983600625058,0.2846779336734694,0.4348781023473528,1.2470886540057504,0.5211718043803765,0.28007541303958794,0.7779684526738199,0.2850864955357143
33,2,20,oracle,3.0,,all,0.0,False,generated,4.848915100097656,out/runs/33f_seed2_steps20/oracle_s3,0.08651154285812411,0.3643641068236957,0.16926027093069698,0.053303388992646805,0.17596882986798534,0.04241071428571428,0.08806116628997747,0.3666721005490469,0.17151544674073063,0.054525149342896935,0.17945306727923757,0.04464285714285714,0.0878674633609958,0.36638360133337805,0.17123354976447644,0.05437242929911566,0.17901753760283104,0.04436383928571428
33,2,20,rollout1,0.03,,all,0.0,False,generated,10.737502574920654,out/runs/33f_seed2_steps20/rollout1_s0.03,0.15807786871140192,0.819332030546873,1.9959867902088053,0.06982739490530177,0.5119417760838691,0.154296875,0.1580260736753046,0.822912529964837,2.0878290170012943,0.07045266630111843,0.5118181257933151,0.16589604591836735,0.15803254805481678,0.8224649675375915,2.076348738652233,0.07037450737664136,0.5118335820796343,0.16444614955357145
33,2,20,rollout1,0.1,,all,0.0,False,generated,10.880359411239624,out/runs/33f_seed2_steps20/rollout1_s0.1,0.14540866219900328,0.7789241808104147,1.9810648624368972,0.06145804082983092,0.47826991501727173,0.13058035714285712,0.14665561818919456,0.7830321149433394,2.064650367287676,0.06374420820751701,0.48294898342143017,0.14508928571428573,0.14649974869042065,0.7825186231767238,2.0542021791813285,0.06345843728530626,0.4823640998709104,0.14327566964285715
33,2,20,rollout1,0.3,,all,0.0,False,generated,10.543084144592285,out/runs/33f_seed2_steps20/rollout1_s0.3,0.12472399558715758,0.6896106930987419,1.9549871968174468,0.05406871939707392,0.42177694538743493,0.1015625,0.12417108291311371,0.694287888142688,2.02149148210567,0.05447861894371112,0.42622487370479073,0.10857780612244897,0.12424019699736918,0.6937032387621946,2.0131784464446425,0.05442738150038147,0.42566888266512126,0.10770089285714285
33,2,20,rollout1,1.0,,all,0.0,False,generated,10.336352109909058,out/runs/33f_seed2_steps20/rollout1_s1,0.12578262784824873,0.6844206305881695,1.9723972996842984,0.06216478729946235,0.4272087689941515,0.1021205357142857,0.12538275838850352,0.6683071632314618,1.9821447337491531,0.06303351993039676,0.41846071177197824,0.11053093112244897,0.12543274207097166,0.6703213466510503,1.980926304491046,0.06292492835152995,0.41955421892474987,0.10947963169642858
33,2,20,rollout1,10.0,,all,0.0,False,generated,11.021395683288574,out/runs/33f_seed2_steps20/rollout1_s10,0.5079088981396414,1.6003375141725529,2.5801615495609163,0.37228679520648933,1.2071205191731984,0.412109375,0.5108504772728157,1.6148162333653975,2.5942336279722618,0.37624594991962795,1.2272943600557489,0.40860172193877553,0.5104827798811689,1.613006393466292,2.5924746181708436,0.3757510555804857,1.22477262994543,0.4090401785714286
33,2,20,rollout1,3.0,,all,0.0,False,generated,10.596694469451904,out/runs/33f_seed2_steps20/rollout1_s3,0.21752648740477792,0.941689989351119,2.136547233478408,0.1280254086876666,0.6242138002933734,0.22823660714285715,0.20809359961428212,0.9097216656498783,2.13714334220933,0.12488374125069199,0.6063939025939619,0.21045918367346936,0.2092727105880941,0.9137177061125334,2.137068828617965,0.12527644968031382,0.6086213898063882,0.21268136160714285
33,2,20,rollout5,0.03,,all,0.0,False,generated,22.201531887054443,out/runs/33f_seed2_steps20/rollout5_s0.03,0.15521366488637814,0.8068610215660883,1.9872271662294363,0.06897025735947987,0.5001150816464598,0.15234375,0.1566905869753554,0.812055911348456,2.0764224609436543,0.07042532994611474,0.5038476889323837,0.16637436224489793,0.15650597171423325,0.81140655012566,2.065273049104377,0.07024344587278539,0.5033811130216432,0.16462053571428573
33,2,20,rollout5,0.1,,all,0.0,False,generated,22.34522557258606,out/runs/33f_seed2_steps20/rollout5_s0.1,0.14205178591821294,0.7583314091331859,1.956210187832645,0.06199259281563356,0.45650571120286076,0.13392857142857142,0.1422516340183385,0.7462355738508829,2.034463091795275,0.0631184755407923,0.45703472686354846,0.14385363520408162,0.14222665300582282,0.7477475532611707,2.0246814787999465,0.06297774020014746,0.45696859990596245,0.14261300223214285
33,2,20,rollout5,0.3,,all,0.0,False,generated,23.12860608100891,out/runs/33f_seed2_steps20/rollout5_s0.3,0.1107319807439505,0.6007153642736967,1.873663363365231,0.04994724437159538,0.351242006723971,0.09737723214285715,0.11482495394046957,0.6196004981288195,1.9394265181490848,0.05212797733158957,0.36740040584731043,0.10570790816326532,0.1143133322909047,0.617239856396929,1.931206123801103,0.05185538571159029,0.365380605956893,0.10466657366071429
33,2,20,rollout5,1.0,,all,0.0,False,generated,22.001238584518433,out/runs/33f_seed2_steps20/rollout5_s1,0.122126113221716,0.5867850941470124,1.7773500434718639,0.06276213350471012,0.35454055885318825,0.10212053571428573,0.11996990930695504,0.5796139295852498,1.823843750649171,0.06182988341727913,0.34846386670746426,0.09948979591836735,0.12023943479630017,0.5805103251554701,1.8180320372520073,0.061946414678208,0.3492234532256798,0.09981863839285714
33,2,20,rollout5,10.0,,all,0.0,False,generated,23.38424801826477,out/runs/33f_seed2_steps20/rollout5_s10,0.61308335046543,1.5637329022883149,2.0396812877519217,0.44356467369986485,1.1301858518359655,0.3130580357142857,0.6259084352055352,1.6004486249480883,2.0782384602490116,0.45814239813769,1.1720671157877989,0.32083067602040816,0.6243052996130221,1.5958591596156164,2.0734188136868754,0.45632018258296186,1.1668319577938195,0.3198590959821429
33,2,20,rollout5,3.0,,all,0.0,False,generated,23.7244815826416,out/runs/33f_seed2_steps20/rollout5_s3,0.23322250993889676,0.8553092024124849,1.8324176514059645,0.14568948685613411,0.5634648140169545,0.18498883928571425,0.22847459753340132,0.8441408014653861,1.8690146786829194,0.14137355368287713,0.5400539463776307,0.19029017857142858,0.22906808658408825,0.8455368515837733,1.8644400502733,0.14191304532953425,0.5429803048325461,0.18962751116071427
33,2,50,none,0.0,,all,0.0,False,generated,5.107743978500366,out/runs/33f_seed2_steps50/none,0.1589437554961594,0.8487724006602242,2.0216918268404402,0.06745975965897333,0.5253826714011156,0.1587611607142857,0.15973421684574873,0.842440712227158,2.1109613519210333,0.06972966428893164,0.5262034413925734,0.17793367346938774,0.15963540917705005,0.8432321732812913,2.099802661285959,0.06944592621018685,0.5261008451436411,0.175537109375
33,2,50,oracle,0.03,,all,0.0,False,generated,11.887131690979004,out/runs/33f_seed2_steps50/oracle_s0.03,0.16072886980403184,0.84334402159197,1.9147790653909729,0.06781772076177535,0.5252058842849945,0.16155133928571427,0.15908341244686067,0.8294522774622737,2.0067079697205368,0.06925552847830144,0.518616465190412,0.1730707908163265,0.15928909461650706,0.8311887454784856,1.9952168566793411,0.06907580251373567,0.5194401425772348,0.171630859375
33,2,50,oracle,0.1,,all,0.0,False,generated,11.884620428085327,out/runs/33f_seed2_steps50/oracle_s0.1,0.15281032390753496,0.7949538327827055,1.6725605279755773,0.06688586607323277,0.5069798049880496,0.1534598214285714,0.154224108910435,0.7952173388188183,1.762303670255871,0.06677815681670925,0.4988358895481983,0.16768973214285715,0.1540473857850725,0.7951844005643041,1.7510857774708344,0.06679162047377468,0.49985387897817973,0.16591099330357142
33,2,50,oracle,0.3,,all,0.0,False,generated,11.880168914794922,out/runs/33f_seed2_steps50/oracle_s0.3,0.13668052778670087,0.6897730024403212,0.9886394285382258,0.05996314530011643,0.4344880057474255,0.1358816964285714,0.14142825969156353,0.7091799877149226,1.0789833614336963,0.06160905836996909,0.44805317955755364,0.14756058673469388,0.14083479320345568,0.7067541145555973,1.0676903698217624,0.061403319236237514,0.44635753283128765,0.14610072544642855
33,2,50,oracle,1.0,,all,0.0,False,generated,11.897647857666016,out/runs/33f_seed2_steps50/oracle_s1,0.027908596567351184,0.16179767716911753,0.035673681518596914,0.015037753574557366,0.06913143586994282,0.005859375,0.029805885821672644,0.1689628897393019,0.03410700397349493,0.016097370784055785,0.07392287726199877,0.005699936224489796,0.02956872466488246,0.16806723816802888,0.03430283866663268,0.01596491863286848,0.07332394708799177,0.005719866071428571
33,2,50,oracle,10.0,,all,0.0,False,generated,11.95065426826477,out/runs/33f_seed2_steps50/oracle_s10,0.11617529100795412,0.40494095404384634,0.22706397906075865,0.07704404504974414,0.2018148574863468,0.061104910714285705,0.11608510378928963,0.40075725484096253,0.23304913948936665,0.07719652532200541,0.19950919232036693,0.052495216836734686,0.11609637719162269,0.401280217241323,0.23230099443579066,0.07717746528797276,0.1997974004661144,0.05357142857142857
33,2,50,oracle,3.0,,all,0.0,False,generated,11.8804030418396,out/runs/33f_seed2_steps50/oracle_s3,0.03220830731449173,0.16495680045952768,0.06495443368112738,0.01965831113554204,0.06599702854080572,0.001953125,0.03260697729837779,0.16523659314334166,0.06553398232728355,0.02009216131975611,0.06657797759787118,0.0037468112244897953,0.032557143550392034,0.1652016190578649,0.06546153874651403,0.020037930046729352,0.06650535896573799,0.003522600446428571
33,2,50,rollout1,0.03,,all,0.0,False,generated,26.11612558364868,out/runs/33f_seed2_steps50/rollout1_s0.03,0.15533727988278348,0.820721265403653,2.0088301091744643,0.06522653766357045,0.5074009575639404,0.15708705357142855,0.1537546743281564,0.8172771022289848,2.1005456777253917,0.06651585669840103,0.507348348028048,0.16788903061224492,0.1539525000224848,0.8177076226258182,2.0890812316565257,0.06635469181904723,0.5073549242200346,0.16653878348214285
33,2,50,rollout1,0.1,,all,0.0,False,generated,25.50790524482727,out/runs/33f_seed2_steps50/rollout1_s0.1,0.13770073942576638,0.7630077497701018,1.9966629555660853,0.0566945826039667,0.4683497916880397,0.13364955357142855,0.14173022193900756,0.7751473136892758,2.0768969595442957,0.05932360732628606,0.47542723137085857,0.14684311224489796,0.1412265366248524,0.7736298681993791,2.0668677090470196,0.05899497923599614,0.47454255141050616,0.1451939174107143
33,2,50,rollout1,0.3,,all,0.0,False,generated,25.30826997756958,out/runs/33f_seed2_steps50/rollout1_s0.3,0.1173176698157863,0.6751969759007858,1.963613919261244,0.04852510192360994,0.413486939029979,0.10518973214285715,0.11811952666872902,0.6856681258991271,2.0258716107355985,0.048478732608264234,0.41823639316228,0.10499043367346939,0.11801929456211117,0.6843592321493344,2.018089399301304,0.048484528772682445,0.4176427113957424,0.10501534598214285
33,2,50,rollout1,1.0,,all,0.0,False,generated,25.494685411453247,out/runs/33f_seed2_steps50/rollout1_s1,0.10639424248962762,0.640492657230549,1.9460043505670666,0.04823722453284521,0.41352310154192645,0.08035714285714285,0.10692633929652426,0.629110062401545,1.9738062632947897,0.04892962581317225,0.40224035749116477,0.08306760204081631,0.10685982719566217,0.6305328867551706,1.9703310242038243,0.048843075653131375,0.40365070049751,0.08272879464285715
33,2,50,rollout1,10.0,,all,0.0,False,generated,25.489471673965454,out/runs/33f_seed2_steps50/rollout1_s10,0.25921747888256125,1.1448058764219937,2.2456678597273525,0.19993026823098817,0.9295559726634888,0.1478794642857143,0.2594870270646682,1.1564344428060014,2.3145687604110057,0.20093316716417867,0.9566119202589233,0.14194036989795916,0.2594533335419048,1.1549808720080006,2.305956147825549,0.20080780479752985,0.9532299268094941,0.14268275669642858
33,2,50,rollout1,3.0,,all,0.0,False,generated,26.09289050102234,out/runs/33f_seed2_steps50/rollout1_s3,0.1315666627568784,0.7245014500246618,2.054892318056669,0.07408721575908073,0.5128369392333578,0.083984375,0.13250590309472218,0.7299251996277819,2.0676678053178077,0.07616587623342554,0.5222014732785496,0.09223533163265306,0.1323884980524917,0.729247230927392,2.066070869410165,0.07590604367413244,0.5210309065229006,0.09120396205357142
33,2,50,rollout5,0.03,,all,0.0,False,generated,60.629292488098145,out/runs/33f_seed2_steps50/rollout5_s0.03,0.15141780712870223,0.8049353565477089,1.9965083105479,0.06397974789345681,0.49781198144042693,0.154296875,0.15341856110780555,0.8098394635471884,2.089586988059468,0.06674651161902989,0.5012568738404214,0.169921875,0.15316846686041766,0.8092264501722534,2.0779521533705223,0.06640066615333325,0.5008262622904222,0.16796875
33,2,50,rollout5,0.1,,all,0.0,False,generated,59.6395742893219,out/runs/33f_seed2_steps50/rollout5_s0.1,0.13441977227895296,0.7439481543761642,1.9654445276255201,0.05651139122712215,0.45152577657107873,0.13504464285714285,0.13765338096439264,0.7405903680201565,2.0457785532447024,0.058615045311956174,0.45050940500934133,0.1457270408163265,0.13724917987871268,0.7410100913146576,2.0357368000423044,0.05835208855135193,0.4506364514545585,0.14439174107142858
33,2,50,rollout5,0.3,,all,0.0,False,generated,60.00192475318909,out/runs/33f_seed2_steps50/rollout5_s0.3,0.1058082419115017,0.5907471023870721,1.8747198827694984,0.04473213140886152,0.3479243372698795,0.09737723214285714,0.10626987734282482,0.5983563165510155,1.942170455821109,0.045556478995270884,0.35416474715652546,0.10391422193877552,0.10621217291390944,0.5974051647805225,1.9337391341896577,0.04545343554696971,0.3533846959206947,0.10309709821428571
33,2,50,rollout5,1.0,,all,0.0,False,generated,59.34093976020813,out/runs/33f_seed2_steps50/rollout5_s1,0.10792046166834406,0.5693399645484424,1.7265911104366962,0.04999028857914001,0.34299665018254294,0.09263392857142856,0.10282993364610284,0.5383576384064198,1.802458533987059,0.04797125034836206,0.3275050828250676,0.07896205357142858,0.10346624964888299,0.5422304291741726,1.7929751060432633,0.0482236301272093,0.3294415287447521,0.08067103794642856
33,2,50,rollout5,10.0,,all,0.0,False,generated,58.97908806800842,out/runs/33f_seed2_steps50/rollout5_s10,0.32484979351777504,1.0457216349676353,1.830604443738271,0.230493616737313,0.7407762018929296,0.11411830357142856,0.31534194703599344,1.0408973324848434,1.853866709547979,0.2282401132927374,0.7458197108721584,0.12464126275510203,0.31653042784621616,1.0415003702951924,1.8509589263217656,0.22852180122330934,0.7451892722497546,0.12332589285714285
33,2,50,rollout5,3.0,,all,0.0,False,generated,56.170005798339844,out/runs/33f_seed2_steps50/rollout5_s3,0.15478708399973237,0.6825832563053308,1.7152827309489065,0.0891100236350966,0.4552917345166292,0.09375,0.15658996157266783,0.680969130487245,1.7796275290421035,0.08946129846665547,0.4478985477761513,0.10730229591836735,0.1563646018760509,0.6811708962145056,1.7715844292804541,0.0894173891127106,0.448822696118711,0.10560825892857142
41,0,100,none,0.0,,all,0.0,False,generated,12.427270412445068,out/runs/41f_seed0_steps100/none,0.15766106586368775,0.8699268658940218,2.672182011193966,0.0628613740800133,0.5223396684792678,0.1558159722222222,0.155540267515027,0.869221006997151,2.6019867369233305,0.06393864770338975,0.5258175561425834,0.16238839285714285,0.15580536730860958,0.8693092393592599,2.61076114620716,0.0638039885004677,0.5253828201846689,0.1615668402777778
41,0,100,oracle,0.03,,all,0.0,False,generated,29.23846697807312,out/runs/41f_seed0_steps100/oracle_s0.03,0.1566244230627466,0.8717449538277171,2.5522614414405798,0.06333576786996671,0.5242820359517384,0.1560329861111111,0.15582348990037562,0.8655396957029008,2.4843777972738375,0.06378671309565186,0.5220721416567314,0.16331845238095236,0.155923606545672,0.8663153529685028,2.49286325279468,0.0637303449424412,0.5223483784436074,0.1624077690972222
41,0,100,oracle,0.1,,all,0.0,False,generated,29.29491639137268,out/runs/41f_seed0_steps100/oracle_s0.1,0.15773308232855288,0.8590546025048542,2.236857671903507,0.06428112860154903,0.5203100315345528,0.1558159722222222,0.1570754762597431,0.8609211200736634,2.19130681361646,0.06419352513172703,0.5201727058309995,0.1595672123015873,0.15715767701834432,0.8606878053775624,2.197000670902341,0.06420447556545479,0.5201898715439437,0.15909830729166666
41,0,100,oracle,0.3,,all,0.0,False,generated,29.24882674217224,out/runs/41f_seed0_steps100/oracle_s0.3,0.15432043523691305,0.7946611839125279,1.3919937943657925,0.06698285641012905,0.4960477832612633,0.16731770833333331,0.15536255336808427,0.8137574555584735,1.3784332741747907,0.06497135104844287,0.5032073989936791,0.16086929563492064,0.15523228860168786,0.8113704216027302,1.380128339198666,0.06522278921865364,0.5023124470271272,0.1616753472222222
41,0,100,oracle,1.0,,all,0.0,False,generated,29.26276469230652,out/runs/41f_seed0_steps100/oracle_s1,0.020020643012391606,0.11956358482143067,0.023927284279773635,0.010763687437778995,0.04966429751864728,0.003472222222222222,0.020521278651918457,0.12750875459484626,0.02253821923012223,0.01091902806937293,0.052380515084236516,0.0034722222222222225,0.020458699196977598,0.12651560837316927,0.022711852361328656,0.010899610490423685,0.05204098788853785,0.003472222222222222
41,0,100,oracle,10.0,,all,0.0,False,generated,29.246588468551636,out/runs/41f_seed0_steps100/oracle_s10,0.05170390025016554,0.21528624249390904,0.11325999633096079,0.032591686753741925,0.08899642430700183,0.007378472222222222,0.05402081345292047,0.22770291798299716,0.1170664729488423,0.033972225204220975,0.09547055383245066,0.008525545634920636,0.05373119930257611,0.22615083354686114,0.11659066337160712,0.0337996578979111,0.09466128764176956,0.008382161458333334
41,0,100,oracle,3.0,,all,0.0,False,generated,29.317501306533813,out/runs/41f_seed0_steps100/oracle_s3,0.018123421988244848,0.10393619284926806,0.03148960176806859,0.010548017912383264,0.03455953756332471,0.0013020833333333333,0.01826625125342643,0.10874705091166638,0.030625879769276266,0.010660215873281195,0.03641217093339931,0.0005890376984126984,0.01824839759527873,0.1081456936538666,0.030733845019125308,0.010646191128168954,0.036180591762139974,0.0006781684027777778
41,0,100,rollout1,0.03,,all,0.0,False,generated,61.1024751663208,out/runs/41f_seed0_steps100/rollout1_s0.03,0.1487068845845504,0.8390379724042893,2.658034177670423,0.05948411583237298,0.5042478042229352,0.14171006944444442,0.15269648727108337,0.8582946483752313,2.5929391418148207,0.06178405050902725,0.514773630580397,0.15687003968253968,0.15219778693526673,0.8558875638788636,2.6010760212967714,0.061496558674445465,0.5134579022857143,0.1549750434027778
41,0,100,rollout1,0.1,,all,0.0,False,generated,63.15865111351013,out/runs/41f_seed0_steps100/rollout1_s0.1,0.1433379625501575,0.8270983939167079,2.6222340631192536,0.05568123989454944,0.49421865604721343,0.13020833333333331,0.14163235259152884,0.8163204653404633,2.5701762011788563,0.05604285396229023,0.4873170097481228,0.13854786706349206,0.14184555383635744,0.8176677064124939,2.5766834339214055,0.055997652203822634,0.4881797155355091,0.1375054253472222
41,0,100,rollout1,0.3,,all,0.0,False,generated,64.18250608444214,out/runs/41f_seed0_steps100/rollout1_s0.3,0.12264390086439673,0.7444034095712488,2.54934106655479,0.04783592824525218,0.44496155163571754,0.10047743055555555,0.1216983968465657,0.7314978131563757,2.522322760242659,0.04780005952232334,0.4394612994937455,0.10605778769841269,0.1218165848487946,0.7331110127082348,2.525700048531675,0.047804543112689446,0.44014883101149205,0.10536024305555555
41,0,100,rollout1,1.0,,all,0.0,False,generated,65.28873991966248,out/runs/41f_seed0_steps100/rollout1_s1,0.11291486202101844,0.6877025585927345,2.5478237257039282,0.04934347819892251,0.43802608083148625,0.078125,0.11336632481083002,0.6921477104697935,2.5011049123580342,0.0495469608364883,0.4385514922853146,0.08370535714285714,0.11330989196210359,0.691592066485161,2.5069447640262705,0.04952152550679258,0.43848581585358604,0.0830078125
41,0,100,rollout1,10.0,,all,0.0,False,generated,61.47087597846985,out/runs/41f_seed0_steps100/rollout1_s10,0.1904229190644379,1.0265755302726416,2.7183880170055286,0.16238839371407665,0.903184433144294,0.06054687500000001,0.1945427267740613,1.0470976149426712,2.720677126186345,0.1638830916621796,0.9086054735748557,0.056733630952380945,0.19402775081035833,1.0445323543589173,2.7203909875387433,0.16369625441866673,0.9079278435210355,0.05721028645833334
41,0,100,rollout1,3.0,,all,0.0,False,generated,61.422236919403076,out/runs/41f_seed0_steps100/rollout1_s3,0.12406558257055274,0.7408296162709265,2.629291840996798,0.07449563237195961,0.55858940433599,0.07530381944444445,0.1254778734161552,0.7480360957651404,2.5890745110229956,0.07276818635358119,0.5501766779733975,0.07840401785714286,0.1253013370604549,0.7471352858283635,2.5941016772697205,0.07298411710587849,0.5512282687687216,0.07801649305555555
41,0,100,rollout5,0.03,,all,0.0,False,generated,153.60509276390076,out/runs/41f_seed0_steps100/rollout5_s0.03,0.14882294206036156,0.8384224684522619,2.6467755217940203,0.060042806938490394,0.49948825321372425,0.14756944444444445,0.1512805959419951,0.8489437541963453,2.585412674049814,0.061634508716673204,0.5100162215883184,0.15500992063492067,0.15097338920679093,0.8476285934783347,2.59308303001784,0.061435545994400355,0.5087002255414941,0.1540798611111111
41,0,100,rollout5,0.1,,all,0.0,False,generated,151.9815068244934,out/runs/41f_seed0_steps100/rollout5_s0.1,0.13437144962934616,0.7784922048083431,2.5848080605353267,0.054597044952360035,0.46028458424616603,0.12999131944444445,0.13631551706649772,0.779781713608593,2.5433278371701706,0.054673794188366896,0.46148827011988225,0.13588169642857142,0.13607250863685377,0.7796205250085618,2.548512865090815,0.05466420053386604,0.4613378093856677,0.13514539930555552
41,0,100,rollout5,0.3,,all,0.0,False,generated,154.5610110759735,out/runs/41f_seed0_steps100/rollout5_s0.3,0.1172442998655051,0.6915715206959878,2.4756154107938784,0.046974987559009335,0.3991401814740835,0.1052517361111111,0.11404224310537736,0.6682259925191827,2.4586768240586507,0.04582890298574887,0.38891706099931206,0.10543774801587302,0.11444250020039334,0.6711441835412832,2.460794147400555,0.04597216355740642,0.3901949510586585,0.10541449652777779
41,0,100,rollout5,1.0,,all,0.0,False,generated,138.64336609840393,out/runs/41f_seed0_steps100/rollout5_s1,0.11336527233935885,0.6138316832623548,2.3696909015041676,0.0513332129872205,0.37541293390127994,0.08268229166666667,0.11081654443971788,0.6042973986436905,2.3428215745627385,0.0506095312421081,0.36891306296839665,0.08255828373015874,0.11113513542717299,0.6054891842210235,2.3461802404304173,0.050699991460247146,0.369725546835007,0.08257378472222222
41,0,100,rollout5,10.0,,all,0.0,False,generated,136.82558012008667,out/runs/41f_seed0_steps100/rollout5_s10,0.2414284166530756,0.9097772743951063,2.3461898721009877,0.17833691246133226,0.6855481318462922,0.12109375,0.2442799849061749,0.9203725378860834,2.3373979817140955,0.1780530754742466,0.6854455402807444,0.10770089285714286,0.2439235388745375,0.9190481299497113,2.3384969680124574,0.1780885550976323,0.6854583642264378,0.109375
41,0,100,rollout5,3.0,,all,0.0,False,generated,144.8788402080536,out/runs/41f_seed0_steps100/rollout5_s3,0.14329954556123276,0.6817204996393078,2.353576070914204,0.0820827249296756,0.4566686677244066,0.078125,0.14690100590822278,0.6936201198264688,2.298397751825147,0.08485949113465585,0.468624727036974,0.09148685515873016,0.14645082336484905,0.6921326673030735,2.30529504171128,0.08451239535903332,0.4671302196229031,0.08981662326388888
41,0,20,none,0.0,,all,0.0,False,generated,2.6150689125061035,out/runs/41f_seed0_steps20/none,0.16297290220324168,0.87806751735718,2.645145591430021,0.06891992419064005,0.5275141806843604,0.1560329861111111,0.16305010824448293,0.8836579375077483,2.5739581527672395,0.07064606744511392,0.5352563833166517,0.16365947420634921,0.16304045748932777,0.8829591349889273,2.5828565826000873,0.0704302995383047,0.5342886079876152,0.16270616319444445
41,0,20,oracle,0.03,,all,0.0,False,generated,5.979277610778809,out/runs/41f_seed0_steps20/oracle_s0.03,0.1634119595625792,0.8808422101331534,2.529361964288449,0.06969692731313659,0.5315403207663464,0.1508246527777778,0.16213233304488256,0.8764326467147499,2.46384363902654,0.07024280590571824,0.5318344794120496,0.1613033234126984,0.16229228635959467,0.8769838421420504,2.4720334296842785,0.07017457108164553,0.5317977095813368,0.15999348958333331
41,0,20,oracle,0.1,,all,0.0,False,generated,5.967555522918701,out/runs/41f_seed0_steps20/oracle_s0.1,0.16284940725974167,0.8644838665760823,2.242099166896602,0.07100298549138172,0.523197743459881,0.1560329861111111,0.1637142819173534,0.8737862435695298,2.191306504398862,0.07075677012829228,0.5312901737550136,0.16192336309523808,0.16360617258515195,0.872623446445349,2.19765558721108,0.07078754704867846,0.5302786199681221,0.1611870659722222
41,0,20,oracle,0.3,,all,0.0,False,generated,5.991638898849487,out/runs/41f_seed0_steps20/oracle_s0.3,0.16196256658697122,0.8154376563898401,1.4521637087596686,0.07486823798232661,0.5099922968207247,0.1697048611111111,0.16232868208530465,0.8302256794983681,1.4333173890985402,0.07185897038326865,0.5118966830762599,0.15693204365079366,0.16228291764801295,0.828377176609802,1.4356731790561812,0.0722351288331509,0.5116586347943181,0.15852864583333331
41,0,20,oracle,1.0,,all,0.0,False,generated,5.963193893432617,out/runs/41f_seed0_steps20/oracle_s1,0.08020512865395091,0.3827571501325676,0.09788769116468124,0.04280290011187199,0.19717563992148873,0.044270833333333336,0.07838101999768972,0.38314564913821386,0.09941543999221995,0.04234166085592818,0.19893921896911623,0.03630332341269842,0.07860903357972235,0.3830970867625081,0.09922447138877763,0.042399315762921164,0.1987187715881628,0.037299262152777776
41,0,20,oracle,10.0,,all,0.0,False,generated,5.966206312179565,out/runs/41f_seed0_steps20/oracle_s10,0.4541971723004837,1.3136892706271834,0.5297719324913436,0.2867562243237014,0.7661187585238853,0.302734375,0.4698664897082741,1.3815633582287867,0.5368585058011888,0.29203571442048587,0.8089709133582375,0.3072296626984127,0.4679078250323003,1.3730790972785862,0.5359726841374581,0.29137577815838783,0.8036143940039435,0.3066677517361111
41,0,20,oracle,3.0,,all,0.0,False,generated,5.978068590164185,out/runs/41f_seed0_steps20/oracle_s3,0.08674933945414834,0.36356513656461364,0.16396791471368727,0.05383249187623728,0.17836840950593255,0.045572916666666664,0.08808899881274843,0.3756844885033685,0.16430078616919266,0.05420888923599489,0.1836022590144291,0.050750248015873016,0.08792154139292341,0.3741695695110242,0.16425917723725447,0.05416183956602519,0.18294802782586703,0.050103081597222224
41,0,20,rollout1,0.03,,all,0.0,False,generated,12.516648530960083,out/runs/41f_seed0_steps20/rollout1_s0.03,0.15687171857849794,0.8573239283546539,2.632817744829369,0.06685406961668423,0.518091994116893,0.14344618055555555,0.1588309222158666,0.8667366474021693,2.566955223045459,0.06775897639293046,0.5231067472078162,0.15587797619047622,0.15858602176119552,0.8655600575212299,2.5751880382684478,0.06764586304589969,0.5224799030714509,0.1543240017361111
41,0,20,rollout1,0.1,,all,0.0,False,generated,13.123025894165039,out/runs/41f_seed0_steps20/rollout1_s0.1,0.14835160075474674,0.8210332175212129,2.6036221369786734,0.062161270910345,0.49572187647451116,0.12565104166666666,0.1481019684679284,0.827198929362056,2.548352721987175,0.06263977956148585,0.4970167352648998,0.13637772817460317,0.14813317250378072,0.8264282153819507,2.555261398861112,0.06257996598009324,0.4968548779161012,0.1350368923611111
41,0,20,rollout1,0.3,,all,0.0,False,generated,12.980310678482056,out/runs/41f_seed0_steps20/rollout1_s0.3,0.13072580995588726,0.7555800116653693,2.5336289299426293,0.05583433559244219,0.4538403166062274,0.1056857638888889,0.13133462400212417,0.7527355952137597,2.5058144955274306,0.056317307248267,0.4518218717905435,0.11111111111111109,0.13125852224634454,0.7530911472702109,2.509291299829331,0.056256935791288896,0.452074177392504,0.11043294270833333
41,0,20,rollout1,1.0,,all,0.0,False,generated,13.069236516952515,out/runs/41f_seed0_steps20/rollout1_s1,0.13736352407225133,0.7545600203875013,2.5374021547973977,0.06673305810367569,0.4642527301481022,0.10633680555555554,0.1350437780189166,0.7378921253390749,2.504330355506144,0.06632131085836904,0.4523068789435268,0.11399429563492065,0.13533374627558342,0.7399756122201282,2.5084643304175502,0.06637277926403237,0.45380011034409873,0.113037109375
41,0,20,rollout1,10.0,,all,0.0,False,generated,13.502471208572388,out/runs/41f_seed0_steps20/rollout1_s10,0.5532556284680444,1.8794409289404166,3.2709934145315342,0.40060904002622255,1.3837426464819043,0.4906684027777778,0.5620579161010204,1.8668083212803128,3.1441101952257133,0.40307683685052037,1.3779194736291522,0.4780815972222222,0.5609576301468985,1.868387397237826,3.159970597638941,0.40276836224748314,1.3786473702357465,0.47965494791666663
41,0,20,rollout1,3.0,,all,0.0,False,generated,12.911794185638428,out/runs/41f_seed0_steps20/rollout1_s3,0.22988737905753573,1.0152686113365128,2.754388413057292,0.13449807201408054,0.668661416730151,0.2341579861111111,0.22656313260206953,1.0102967863401002,2.6970096354417197,0.13279194195131092,0.662093285607568,0.23211185515873017,0.2269786634090028,1.010918264464652,2.704181982643666,0.13300520820915712,0.6629143019978908,0.2323676215277778
41,0,20,rollout5,0.03,,all,0.0,False,generated,28.559852838516235,out/runs/41f_seed0_steps20/rollout5_s0.03,0.1559401993590604,0.8562355186652548,2.619554790965535,0.0672596522226126,0.5123540045782995,0.1467013888888889,0.15637533487704677,0.8537722848554701,2.5606921983985407,0.0674389389811998,0.5154594464181803,0.1539558531746032,0.15632094293729848,0.8540801890816933,2.5680500224694143,0.0674165281363764,0.5150712661881951,0.1530490451388889
41,0,20,rollout5,0.1,,all,0.0,False,generated,29.33713984489441,out/runs/41f_seed0_steps20/rollout5_s0.1,0.14288279343912239,0.7937474770424624,2.5635866805176315,0.060782479276052244,0.4692810163707478,0.130859375,0.14477801322545394,0.7961551314062667,2.524174890003868,0.062332625897914426,0.47614188303838867,0.13984995039682538,0.14454111075216253,0.7958541746107912,2.529101363818088,0.062138857570181644,0.47528427470493356,0.1387261284722222
41,0,20,rollout5,0.3,,all,0.0,False,generated,29.505269050598145,out/runs/41f_seed0_steps20/rollout5_s0.3,0.12585128585890057,0.7082769435334904,2.4617569271791107,0.05594782550738347,0.41279629004737606,0.1150173611111111,0.1223720592862599,0.6854491475541996,2.4507940963125594,0.05388929951977162,0.4002598374333602,0.10850694444444443,0.12280696260783996,0.6883026220516111,2.4521644501708786,0.054146615268223106,0.4018268940101122,0.10932074652777776
41,0,20,rollout5,1.0,,all,0.0,False,generated,28.269523859024048,out/runs/41f_seed0_steps20/rollout5_s1,0.13665473338155085,0.6811354819571398,2.398894048806701,0.06875239345575282,0.40017927386257834,0.12065972222222222,0.1358397649326825,0.6720793376327006,2.385595751755018,0.06927866217757639,0.39618741884779174,0.11901661706349206,0.135941635988791,0.6732113556732554,2.387258038886478,0.06921287858734845,0.39668640072464006,0.11922200520833333
41,0,20,rollout5,10.0,,all,0.0,False,generated,31.684125423431396,out/runs/41f_seed0_steps20/rollout5_s10,0.6637304498170815,1.7812992038803266,2.668781679109598,0.48030429994223334,1.3037611187540976,0.35026041666666663,0.6534941320556003,1.7910277367119707,2.627650287985579,0.47907763446937135,1.3240863098174072,0.35277157738095244,0.6547736717757853,1.7898116701080156,2.6327917118760817,0.47923096765347906,1.3215456609344935,0.3524576822916667
41,0,20,rollout5,3.0,,all,0.0,False,generated,29.330087184906006,out/runs/41f_seed0_steps20/rollout5_s3,0.2454267229772802,0.9454254877301733,2.5151043624696827,0.14942366910339694,0.5946142941135981,0.21788194444444448,0.2466514796104016,0.9475683270268805,2.4472848540274694,0.15159055570502922,0.6037720601228822,0.22101314484126983,0.24649838503126142,0.9473004721147922,2.4557622925827465,0.15131969487982516,0.6026273393717217,0.22062174479166669
41,0,50,none,0.0,,all,0.0,False,generated,6.2814695835113525,out/runs/41f_seed0_steps50/none,0.15628967123722579,0.8684290579676288,2.6632842279646356,0.06353686816795492,0.5195772606737037,0.1579861111111111,0.15762308330103725,0.8745785560838583,2.593711380922241,0.06556332662906762,0.5288738102310334,0.16561259920634921,0.15745640679306083,0.8738098688193295,2.6024079868025405,0.06531001932142855,0.5277117415363672,0.16465928819444445
41,0,50,oracle,0.03,,all,0.0,False,generated,14.709628820419312,out/runs/41f_seed0_steps50/oracle_s0.03,0.1546135505738449,0.8550178683147596,2.550322449126521,0.06406215343298578,0.5177583516070283,0.15559895833333331,0.15669158017972215,0.8686776120371105,2.4787539423357545,0.0649789817175428,0.5224874032526732,0.16328745039682538,0.1564318264789875,0.8669701440718165,2.4877000056846006,0.06486437818197316,0.5218962717969675,0.1623263888888889
41,0,50,oracle,0.1,,all,0.0,False,generated,14.69907808303833,out/runs/41f_seed0_steps50/oracle_s0.1,0.15880328001236857,0.857300827750322,2.236433184156729,0.06507010076805313,0.5183265835737623,0.15342881944444448,0.1581096196891885,0.8618609178917626,2.19129178046811,0.06573505879895807,0.5202918329192061,0.16148933531746032,0.15819632722958604,0.8612909066240826,2.196934455929187,0.06565193904509495,0.5200461767510257,0.16048177083333334
41,0,50,oracle,0.3,,all,0.0,False,generated,14.693304777145386,out/runs/41f_seed0_steps50/oracle_s0.3,0.15548915794976984,0.7941378026311395,1.406979876325822,0.06828855432426077,0.4960024421368424,0.17230902777777776,0.15684999676521838,0.8147519279260421,1.391906783149881,0.06645362007904512,0.5035341808221544,0.1609623015873016,0.1566798919132873,0.8121751622641793,1.3937909197968734,0.06668298685969708,0.5025927134864904,0.1623806423611111
41,0,50,oracle,1.0,,all,0.0,False,generated,14.741103172302246,out/runs/41f_seed0_steps50/oracle_s1,0.03274519086396048,0.17875360676408214,0.0398986014055058,0.01784418547393706,0.08304652633415363,0.009548611111111112,0.03289969681184183,0.189001518483885,0.03886285784645837,0.017579249173572262,0.0872809035293487,0.006820436507936509,0.03288038356835666,0.18772052951890966,0.038992325791339294,0.017612366211117864,0.08675160637994932,0.007161458333333334
41,0,50,oracle,10.0,,all,0.0,False,generated,14.714812517166138,out/runs/41f_seed0_steps50/oracle_s10,0.11654446199086915,0.4041132406330033,0.21518754401315046,0.07761598574051709,0.19533112729717697,0.05447048611111112,0.11687733164463289,0.4115436563732519,0.2217484570485063,0.07721812169651454,0.19951665617391104,0.05270337301587302,0.11683572293791245,0.4106148544057208,0.22092834291908683,0.07726785470201486,0.1989934650643193,0.05292426215277778
41,0,50,oracle,3.0,,all,0.0,False,generated,14.69861125946045,out/runs/41f_seed0_steps50/oracle_s3,0.03262672303459649,0.16423858939960423,0.06395941914321979,0.01972615264589164,0.06365226017482425,0.0030381944444444445,0.03285507473415209,0.16972313427185687,0.06456321187366816,0.019917403078902607,0.06648971427470905,0.003255208333333333,0.03282653077170764,0.16903756616282528,0.06448773778236211,0.019893496774776233,0.06613503251222345,0.003228081597222222
41,0,50,rollout1,0.03,,all,0.0,False,generated,33.069798946380615,out/runs/41f_seed0_steps50/rollout1_s0.03,0.1499810082658872,0.8452592366361569,2.6506735316879304,0.060809305324907546,0.5053200242244053,0.14539930555555555,0.1543186177723094,0.8626348176196998,2.585964067190108,0.06317453937991127,0.5170759028579743,0.15792410714285715,0.1537764165840066,0.8604628699967569,2.5940527502523354,0.06287888512303581,0.5156064180287783,0.15635850694444445
41,0,50,rollout1,0.1,,all,0.0,False,generated,32.12613868713379,out/runs/41f_seed0_steps50/rollout1_s0.1,0.14375723155175157,0.8195183560991028,2.614810612283829,0.05729772529024356,0.49430268970738483,0.1332465277777778,0.14317374715711687,0.8200288574510533,2.5645033768899146,0.05730014306608739,0.4879147455305898,0.13833085317460317,0.1432466827064462,0.8199650447820594,2.5707917813141536,0.057299840844106914,0.48871323855268917,0.1376953125
41,0,50,rollout1,0.3,,all,0.0,False,generated,31.486152410507202,out/runs/41f_seed0_steps50/rollout1_s0.3,0.1247332163304243,0.7469404230196599,2.5459948999975577,0.049218375265893635,0.445195901799145,0.09765625,0.12278198039427032,0.7341086957202119,2.5179468812286947,0.049296435711607925,0.44006129352452966,0.10509672619047618,0.12302588488628957,0.7357126616326428,2.5214528835748022,0.049286678155893646,0.44070311955885655,0.10416666666666666
41,0,50,rollout1,1.0,,all,0.0,False,generated,32.44243264198303,out/runs/41f_seed0_steps50/rollout1_s1,0.11932096626922448,0.7080404368734787,2.542490732975176,0.05311150898326289,0.4469727944342582,0.09071180555555555,0.11741567119933806,0.6993216216829091,2.499513109660313,0.05216905791271303,0.43837318372682926,0.08984375,0.11765383308307385,0.7004114735817304,2.504885312574671,0.05228686429653176,0.4394481350652579,0.08995225694444445
41,0,50,rollout1,10.0,,all,0.0,False,generated,31.509374380111694,out/runs/41f_seed0_steps50/rollout1_s10,0.2741616144463436,1.2392838481758062,2.879601990873616,0.2089669264680859,1.0070862375017913,0.177734375,0.2769925785273283,1.2489313142015437,2.8591432032913686,0.20837466257686485,1.0023838101828235,0.1751922123015873,0.27663870801720525,1.2477253809483264,2.8617005517391494,0.20844869556326748,1.0029716135976945,0.1755099826388889
41,0,50,rollout1,3.0,,all,0.0,False,generated,30.927837133407593,out/runs/41f_seed0_steps50/rollout1_s3,0.15505419991140554,0.8434646772101938,2.637117994224507,0.08556789100670523,0.5913125145561231,0.1306423611111111,0.14851225630077133,0.8106724932099796,2.592636003600835,0.08258140394691381,0.5692984835289818,0.11746651785714286,0.1493299992521006,0.8147715162100064,2.598196252428794,0.08295471482938774,0.5720502374073746,0.11911349826388888
41,0,50,rollout5,0.03,,all,0.0,False,generated,71.60883569717407,out/runs/41f_seed0_steps50/rollout5_s0.03,0.15123206678644205,0.8440894490357338,2.6395692851876307,0.061592493846256854,0.5028274556725785,0.14865451388888887,0.15152309049848567,0.8465017692066601,2.579318376114201,0.06271297024010626,0.5093388767052918,0.15516493055555555,0.1514867125344802,0.8462002291852944,2.58684973974838,0.06257291069087507,0.5085249490762025,0.1543511284722222
41,0,50,rollout5,0.1,,all,0.0,False,generated,74.9238817691803,out/runs/41f_seed0_steps50/rollout5_s0.1,0.13609239276661628,0.779872991629292,2.579512948090294,0.056020639078172965,0.46225667502140144,0.1328125,0.13795527845124572,0.7820520741648311,2.5377785036975555,0.0560089620069767,0.462923218235923,0.1373077876984127,0.13772241774066704,0.7817796888478887,2.5429953092466473,0.05601042164087623,0.4628399003341078,0.1367458767361111
41,0,50,rollout5,0.3,,all,0.0,False,generated,70.57628679275513,out/runs/41f_seed0_steps50/rollout5_s0.3,0.11941677020534786,0.6972537054502601,2.4768201223246114,0.04937587394106505,0.4074936946898928,0.109375,0.11530054891844399,0.6689362631558148,2.4553452880637856,0.047527374836483,0.3894164035292145,0.10568576388888891,0.11581507657930698,0.6724759434426204,2.458029642346389,0.04775843722455575,0.3916760649242993,0.10614691840277778
41,0,50,rollout5,1.0,,all,0.0,False,generated,70.8647768497467,out/runs/41f_seed0_steps50/rollout5_s1,0.11458330148421941,0.6132288015280853,2.375814356057318,0.05391950242322022,0.3708519879459087,0.09114583333333333,0.11572198202628682,0.6188902709512887,2.357596583083377,0.053877420355847125,0.3726154557092722,0.08860367063492063,0.1155796469585284,0.6181825872733884,2.3598738047051198,0.05388268061426876,0.37239502223885174,0.08892144097222221
41,0,50,rollout5,10.0,,all,0.0,False,generated,72.72561621665955,out/runs/41f_seed0_steps50/rollout5_s10,0.29989240075606227,1.0771238549806657,2.446514018906787,0.2238161396711023,0.8115936482557665,0.14778645833333331,0.310153204685165,1.1162748771340003,2.378546262788155,0.22951650881408384,0.8268312170168092,0.15079365079365079,0.3088706041940272,1.1113809993648336,2.3870422323029836,0.22880396267121114,0.8249265209216788,0.1504177517361111
41,0,50,rollout5,3.0,,all,0.0,False,generated,66.22677397727966,out/runs/41f_seed0_steps50/rollout5_s3,0.16507590141418593,0.7350467306106296,2.3932882075139394,0.09513763296930189,0.4795019527168749,0.11480034722222221,0.1656634948203172,0.7458113419043999,2.33546065941956,0.09670535223999988,0.4898712504386501,0.1179935515873016,0.1655900456445508,0.7444657654926787,2.3426891029313577,0.09650938733116265,0.4885750882234282,0.11759440104166666
41,1,100,none,0.0,,all,0.0,False,generated,12.43825650215149,out/runs/41f_seed1_steps100/none,0.15724546289832791,0.8825770401058968,2.62673404626762,0.06543348822631546,0.5271320897454196,0.1736111111111111,0.1593918267977534,0.8790241784098497,2.5956616496266256,0.06557680913677723,0.5270489049743327,0.1739831349206349,0.1591235313103252,0.8794682861218556,2.5995456992067494,0.06555889402296952,0.5270593030707186,0.17393663194444448
41,1,100,oracle,0.03,,all,0.0,False,generated,29.292516469955444,out/runs/41f_seed1_steps100/oracle_s0.03,0.15680904723913927,0.875221392041337,2.503749942356353,0.06468365775548703,0.52567891681537,0.17230902777777776,0.1576852184344662,0.8659228304893646,2.4728053902899556,0.06474784045815025,0.519669234422404,0.16989087301587302,0.15757569703505034,0.867085150683361,2.4766734592982553,0.06473981762031736,0.5204204447215247,0.1701931423611111
41,1,100,oracle,0.1,,all,0.0,False,generated,29.245938777923584,out/runs/41f_seed1_steps100/oracle_s0.1,0.15704105400271298,0.8611657850997778,2.2094237240635515,0.06548417594474411,0.5237314834922142,0.16688368055555555,0.1574237373527983,0.8570135067878344,2.1801390423686877,0.06446584948639028,0.5136657405562085,0.1695498511904762,0.1573759019340376,0.8575325415768273,2.183799627580546,0.06459314029368451,0.5149239584232093,0.1692165798611111
41,1,100,oracle,0.3,,all,0.0,False,generated,29.250630855560303,out/runs/41f_seed1_steps100/oracle_s0.3,0.15021812652037567,0.7908849718416286,1.373862288209084,0.06330187295348055,0.4836297918659369,0.1636284722222222,0.15166156141402456,0.7966657952179036,1.368493628836109,0.06366501989320145,0.48669148185193395,0.16059027777777776,0.15148113205231845,0.7959431922958692,1.3691647112577308,0.06361962652573633,0.48630877060368427,0.16097005208333331
41,1,100,oracle,1.0,,all,0.0,False,generated,29.248848915100098,out/runs/41f_seed1_steps100/oracle_s1,0.01963072330596833,0.11898130530971684,0.021542355079072022,0.010252420599745259,0.0461221488095954,0.004123263888888888,0.019259451673586336,0.12041884996314,0.02246444824567001,0.010329566888899399,0.047859072958570004,0.0031312003968253965,0.019305860627634085,0.1202391568814621,0.022349186599845257,0.010319923602755129,0.047641957439948174,0.003255208333333333
41,1,100,oracle,10.0,,all,0.0,False,generated,29.239319324493408,out/runs/41f_seed1_steps100/oracle_s10,0.04967217137070466,0.20448533993483967,0.11183512592269264,0.03252079703542348,0.08665758178011872,0.006727430555555555,0.05050031703801551,0.21468906870540602,0.11583869546999181,0.03262809379748181,0.09193862984777845,0.007719494047619047,0.050396798829601665,0.2134136026090852,0.11533824927657942,0.032614681702224514,0.09127849883932099,0.007595486111111111
41,1,100,oracle,3.0,,all,0.0,False,generated,29.253281116485596,out/runs/41f_seed1_steps100/oracle_s3,0.01700738447461702,0.09838549462608201,0.031692362854367426,0.010560669790568925,0.031873718524668845,0.0008680555555555555,0.017491140817032815,0.10317760149062757,0.030633735087538996,0.010412921772929323,0.03403765501694634,0.0006200396825396826,0.01743067127423084,0.10257858813255938,0.03076606355839255,0.010431390275134275,0.03376716295541165,0.0006510416666666667
41,1,100,rollout1,0.03,,all,0.0,False,generated,63.67301940917969,out/runs/41f_seed1_steps100/rollout1_s0.03,0.15332207911629242,0.8689710447273238,2.614285914257185,0.06323359676216186,0.5184014920966817,0.1618923611111111,0.1531947503707947,0.8573471451275607,2.588907961623183,0.0623089414043378,0.510846749014015,0.1617373511904762,0.1532106664639819,0.8588001325775312,2.592080205702434,0.06242452332406581,0.5117910918993482,0.16175672743055555
41,1,100,rollout1,0.1,,all,0.0,False,generated,64.26515483856201,out/runs/41f_seed1_steps100/rollout1_s0.1,0.14441246255906104,0.82363565299529,2.5961286559095695,0.05887428910657148,0.4894931041286281,0.14756944444444445,0.14389355793383843,0.8184607971043724,2.565431628025967,0.05731734281886684,0.4869287323288413,0.1485925099206349,0.14395842101199122,0.819107654090737,2.5692687565114176,0.05751196110482991,0.48724927880381463,0.1484646267361111
41,1,100,rollout1,0.3,,all,0.0,False,generated,63.16700530052185,out/runs/41f_seed1_steps100/rollout1_s0.3,0.12401842864285247,0.7433279234428645,2.5563890855942124,0.049255443188521555,0.4430875518458563,0.11067708333333333,0.12165467872502449,0.727460886612662,2.5234432467182115,0.04808705673856333,0.43456839094211597,0.11139012896825397,0.121950147464753,0.7294442662164372,2.5275614765777115,0.04823310504480811,0.43563328605508345,0.11130099826388888
41,1,100,rollout1,1.0,,all,0.0,False,generated,62.70272946357727,out/runs/41f_seed1_steps100/rollout1_s1,0.11407820372436261,0.6886237846922285,2.536075450660764,0.049833580567695206,0.4364885964326559,0.0859375,0.11166353659310768,0.6710325512572757,2.4812318697972247,0.049143313682891675,0.4226067085643082,0.09114583333333333,0.11196536998451456,0.6732314554366448,2.488087317405167,0.04922959704349212,0.4243419445478517,0.09049479166666666
41,1,100,rollout1,10.0,,all,0.0,False,generated,61.01013469696045,out/runs/41f_seed1_steps100/rollout1_s10,0.19608743591626898,1.068843427989077,2.744304390539676,0.16630364172663895,0.9245957288405673,0.06488715277777778,0.19518255614025928,1.0540983240765331,2.7302375508094165,0.1643635970720863,0.9122953017888601,0.060360863095238096,0.19529566611226046,1.0559414620656011,2.7319959057756984,0.16460610265390543,0.9138328551703234,0.06092664930555556
41,1,100,rollout1,3.0,,all,0.0,False,generated,62.235506772994995,out/runs/41f_seed1_steps100/rollout1_s3,0.12314308649432099,0.7206324182629964,2.657815483467769,0.07024648748126189,0.5192360890360241,0.07725694444444445,0.12207652741600235,0.7182221319942308,2.5963769590670895,0.06963321830376445,0.5170959558729761,0.08361235119047619,0.12220984730079217,0.7185234177778267,2.6040567746171748,0.06970987695095163,0.5173634725183571,0.08281792534722221
41,1,100,rollout5,0.03,,all,0.0,False,generated,150.4938883781433,out/runs/41f_seed1_steps100/rollout5_s0.03,0.154762204115236,0.8610899833317126,2.602823941490645,0.06427182055711156,0.5113538729821613,0.1684027777777778,0.15329383765392338,0.8482454274916102,2.5782581196808967,0.06267323128250808,0.5057137494653785,0.16793774801587302,0.15347738346158746,0.849850996971623,2.581328847407115,0.06287305494183351,0.5064187649049764,0.1679958767361111
41,1,100,rollout5,0.1,,all,0.0,False,generated,137.30669975280762,out/runs/41f_seed1_steps100/rollout5_s0.1,0.14137667680223287,0.7886836883418658,2.5694810387802223,0.05653378983176473,0.4653011352287173,0.14561631944444442,0.14067946163136982,0.7915311018636467,2.5370726528175465,0.05686264938238318,0.4653240164972675,0.15234375,0.14076661352772774,0.7911751751734242,2.5411237010628813,0.056821541938555875,0.46532115633869875,0.15150282118055555
41,1,100,rollout5,0.3,,all,0.0,False,generated,140.63101029396057,out/runs/41f_seed1_steps100/rollout5_s0.3,0.11250168624776385,0.6667260537587996,2.480542574458267,0.04542391783983154,0.3831228040457839,0.09787326388888888,0.11300803853146367,0.6581312599531481,2.454890780246764,0.046441967873055386,0.380480029294243,0.11235119047619047,0.1129447444960012,0.6592056091788545,2.4580972545232016,0.0463147116189024,0.38081037613818564,0.11054144965277776
41,1,100,rollout5,1.0,,all,0.0,False,generated,139.94480562210083,out/runs/41f_seed1_steps100/rollout5_s1,0.10834234922577345,0.5902095369703229,2.3652517728326226,0.04962275557422793,0.36181222024693016,0.0822482638888889,0.11006963326767405,0.5961272557924964,2.3210919055168406,0.05003671073966976,0.3593301111620792,0.0944940476190476,0.10985372276243649,0.5953875409397247,2.326611888931313,0.04998496634398954,0.3596403747976856,0.09296332465277776
41,1,100,rollout5,10.0,,all,0.0,False,generated,148.00849270820618,out/runs/41f_seed1_steps100/rollout5_s10,0.2464359096718372,0.9395898671150638,2.3003442934771003,0.1819840098835795,0.7086196063281487,0.11935763888888888,0.24547142740767777,0.9326588685648025,2.286482652200816,0.18012795055361247,0.6945513575243332,0.11430431547619047,0.24559198769069768,0.9335252433835852,2.288215357360351,0.18035995796985838,0.69630988862481,0.11493598090277778
41,1,100,rollout5,3.0,,all,0.0,False,generated,142.26854395866394,out/runs/41f_seed1_steps100/rollout5_s3,0.15154562296651802,0.7004297659191965,2.3540748051215163,0.08557290752501603,0.4767557496973571,0.09765625,0.14681984973850945,0.6909478245844719,2.2731797743357647,0.08367207178202689,0.46420370152541157,0.10249255952380952,0.14741057139201053,0.6921330672513124,2.2832916531839835,0.08390967624990055,0.4657727075469048,0.10188802083333333
41,1,20,none,0.0,,all,0.0,False,generated,2.6095519065856934,out/runs/41f_seed1_steps20/none,0.16582152956342192,0.8985186542635393,2.5996110521406894,0.07199848380440857,0.5407308507446904,0.169921875,0.16466433289043825,0.8864104485435286,2.569501618272128,0.07027338005163589,0.5348553948654836,0.16644965277777776,0.16480898247456122,0.8879239742585301,2.573265297505698,0.07048901802073247,0.5355898268503845,0.16688368055555558
41,1,20,oracle,0.03,,all,0.0,False,generated,5.960858345031738,out/runs/41f_seed1_steps20/oracle_s0.03,0.16689942168530308,0.9004817998598891,2.4843138853179334,0.07134072973575031,0.5436808265552429,0.17057291666666669,0.1631383478045573,0.8732419486889386,2.4517542398168852,0.07065220192428949,0.5305974353217734,0.16787574404761907,0.1636084820396505,0.8766469300853075,2.455824195504516,0.0707382679007221,0.5322328592259571,0.168212890625
41,1,20,oracle,0.1,,all,0.0,False,generated,5.962172985076904,out/runs/41f_seed1_steps20/oracle_s0.1,0.16335230390725236,0.8735782608250249,2.2110861011937724,0.07027020989015864,0.5275076708209054,0.1599392361111111,0.16272446185431272,0.8668909775206985,2.1805441533675736,0.07042490781863942,0.5242658910433311,0.16564360119047622,0.1628029421109302,0.8677268879337392,2.1843618968458487,0.07040557057757933,0.5246711135155279,0.16493055555555555
41,1,20,oracle,0.3,,all,0.0,False,generated,5.96909499168396,out/runs/41f_seed1_steps20/oracle_s0.3,0.15747097986655176,0.8085616059201094,1.429039627071972,0.06923322990939254,0.4921625240278519,0.15755208333333334,0.15843422992950323,0.8129625912039027,1.4259738473387351,0.0704681941804007,0.4980046278232409,0.15882316468253968,0.15831382367163432,0.8124124680434286,1.4263570698053898,0.07031382364652469,0.49727436484881726,0.1586642795138889
41,1,20,oracle,1.0,,all,0.0,False,generated,5.978684902191162,out/runs/41f_seed1_steps20/oracle_s1,0.07726820411696093,0.38120704600019706,0.10204584117033574,0.04241557472628789,0.19894636757493778,0.04210069444444445,0.07410556690451993,0.36570018660014647,0.10032216003082264,0.040486168576703604,0.1891640895697741,0.0367373511904762,0.07450089655607504,0.3676385440251528,0.10053762017326179,0.040727344345401637,0.1903868743204195,0.037407769097222224
41,1,20,oracle,10.0,,all,0.0,False,generated,5.969062566757202,out/runs/41f_seed1_steps20/oracle_s10,0.4791744415467679,1.3173283917192817,0.4939888090683646,0.28294650314718855,0.7795951855589137,0.2838541666666667,0.46515882708731165,1.315331656515836,0.49931478120020184,0.2863431217765592,0.7812714784045978,0.2819940476190476,0.4669107788947437,1.3155812484162666,0.4986490346837222,0.28591854444788783,0.7810619417988873,0.2822265625
41,1,20,oracle,3.0,,all,0.0,False,generated,5.990041971206665,out/runs/41f_seed1_steps20/oracle_s3,0.081521166139305,0.34598743382827446,0.1637701104534947,0.05076656667526799,0.17036750920446944,0.04383680555555556,0.08386479241354469,0.35833649929518685,0.16003010492927125,0.051969708723722655,0.1766056040124701,0.04786706349206349,0.08357183912926472,0.3567928661118228,0.1604976056197992,0.05181931596766582,0.17582584216147001,0.04736328125000001
41,1,20,rollout1,0.03,,all,0.0,False,generated,13.593862295150757,out/runs/41f_seed1_steps20/rollout1_s0.03,0.16206357087676246,0.8820457540448681,2.590650956189135,0.07077659282435336,0.5362145643827122,0.16688368055555555,0.1589854023774016,0.8646465290701186,2.5611840938578037,0.0674991921779243,0.5195423942331779,0.158203125,0.15937017343982174,0.8668214321919624,2.56486745164922,0.06790886725872794,0.5216264155018697,0.15928819444444442
41,1,20,rollout1,0.1,,all,0.0,False,generated,13.067671060562134,out/runs/41f_seed1_steps20/rollout1_s0.1,0.15192491867429758,0.832798211908438,2.5752289113674838,0.06470883144642992,0.5008553354514818,0.14453125,0.15110346377898745,0.832802844665845,2.540842052888707,0.06346291097441192,0.49712457280199157,0.14639136904761904,0.15120614564090123,0.8328022655711691,2.545140410198554,0.06361865103341417,0.4975909181331778,0.14615885416666666
41,1,20,rollout1,0.3,,all,0.0,False,generated,13.454187393188477,out/runs/41f_seed1_steps20/rollout1_s0.3,0.1328523314391259,0.7693731822136523,2.539764334317149,0.05728838743728702,0.46012799725797127,0.11263020833333334,0.13009042583562827,0.7447784342271279,2.510694867566197,0.055652129736518355,0.4467938573535349,0.11352926587301589,0.1304356640360655,0.7478527777254433,2.514328550910066,0.05585666194911444,0.4484606248415894,0.11341688368055555
41,1,20,rollout1,1.0,,all,0.0,False,generated,12.857451438903809,out/runs/41f_seed1_steps20/rollout1_s1,0.13707515334332787,0.7401602852142397,2.512907308202415,0.06960584118081008,0.4613615667454085,0.1271701388888889,0.13325976807027182,0.7227337763633237,2.4851349000348195,0.0666720132807585,0.4465030532737882,0.12301587301587302,0.13373669122940382,0.7249120899696881,2.488606451055769,0.06703874176826495,0.44836036745774066,0.12353515625
41,1,20,rollout1,10.0,,all,0.0,False,generated,13.487735271453857,out/runs/41f_seed1_steps20/rollout1_s10,0.5658104197720655,1.8859754223979417,3.218807626820846,0.4024585455892423,1.3877793859134844,0.49435763888888884,0.5689426898902362,1.8988163830812805,3.161748538626125,0.405664743398562,1.4132666395800244,0.5054873511904762,0.5685511561254648,1.8972112629958633,3.1688809246504652,0.40526396867239706,1.410080732871707,0.5040961371527778
41,1,20,rollout1,3.0,,all,0.0,False,generated,12.981997013092041,out/runs/41f_seed1_steps20/rollout1_s3,0.23107758278180057,1.0356415829022867,2.7178235726605147,0.13752341069379853,0.6780468915242925,0.2478298611111111,0.22534417138861637,1.0059233754213117,2.6890234302655043,0.1348638657689806,0.6620938206941072,0.24879092261904764,0.2260608478127644,1.0096381513564339,2.6926234480648805,0.13519630888458287,0.6640879545478804,0.24867078993055555
41,1,20,rollout5,0.03,,all,0.0,False,generated,30.93434977531433,out/runs/41f_seed1_steps20/rollout5_s0.03,0.16057637479331754,0.8729294714356441,2.579772840963366,0.06973923483373269,0.5246754950840234,0.1603732638888889,0.15782206711248317,0.8531804661648229,2.553010602925719,0.06762314452979652,0.5127935337191067,0.1603112599206349,0.15816635557258746,0.8556490918236754,2.5563558826804247,0.06788765581778855,0.5142787788897213,0.16031901041666669
41,1,20,rollout5,0.1,,all,0.0,False,generated,30.215172290802002,out/runs/41f_seed1_steps20/rollout5_s0.1,0.1489931513353965,0.8110190255766383,2.552350940306118,0.06304855895958811,0.48136220992331236,0.140625,0.14628241275331888,0.8001841755152522,2.5180790779809556,0.06263961437507616,0.47407633684721073,0.1460193452380952,0.1466212550760786,0.8015385317729256,2.522363060771601,0.06269073244814016,0.47498707098172344,0.14534505208333334
41,1,20,rollout5,0.3,,all,0.0,False,generated,30.263412714004517,out/runs/41f_seed1_steps20/rollout5_s0.3,0.11852516902418103,0.6705876041341043,2.4732904218817318,0.052971895774174826,0.39120676232303536,0.103515625,0.12243129299000345,0.6809914515005894,2.4469563671923558,0.05419464885971026,0.39598564485006954,0.11393229166666666,0.12194302749427564,0.6796909705797788,2.4502481240285277,0.05404180472401833,0.3953882845341903,0.11263020833333333
41,1,20,rollout5,1.0,,all,0.0,False,generated,29.143805265426636,out/runs/41f_seed1_steps20/rollout5_s1,0.13687270850816266,0.6679315529402203,2.408670662390503,0.07005796626703856,0.3972326230291157,0.1304253472222222,0.13372008369561106,0.6589151152948542,2.366631469571152,0.06870863446466421,0.38919591601604403,0.12779017857142858,0.13411416179718,0.660042170000525,2.3718863686735707,0.068877300939961,0.39020050439267806,0.12811957465277776
41,1,20,rollout5,10.0,,all,0.0,False,generated,31.309354066848755,out/runs/41f_seed1_steps20/rollout5_s10,0.6486428711509773,1.8220790513266336,2.69816277441108,0.46358080673216784,1.3217967393830647,0.37369791666666663,0.6483595550248865,1.8103860446235953,2.636978749930839,0.4682607603504025,1.3299184950783152,0.38678075396825395,0.6483949695406478,1.811847670461475,2.644626752990869,0.4676757661481231,1.3289032756164088,0.3851453993055556
41,1,20,rollout5,3.0,,all,0.0,False,generated,30.164652347564697,out/runs/41f_seed1_steps20/rollout5_s3,0.24946945864807843,0.9386121345609897,2.4881158972735697,0.15291725437076392,0.6037945542833449,0.24305555555555555,0.2522966727885028,0.961299737972148,2.4583041871714575,0.154366261651493,0.6105907968487072,0.24950396825396823,0.2519432710209497,0.9584637875457533,2.4620306509342216,0.15418513574140186,0.609741266528037,0.24869791666666666
41,1,50,none,0.0,,all,0.0,False,generated,6.3487229347229,out/runs/41f_seed1_steps50/none,0.15837638817735677,0.8843265282117208,2.620929377004116,0.06668884402620798,0.5280761830054967,0.1703559027777778,0.15967915548495779,0.8781251892596883,2.589967209215117,0.06650479649733908,0.5259346079863093,0.17389012896825395,0.15951630957150767,0.8789003566286924,2.593837480188742,0.06652780243844769,0.5262023048637077,0.17344835069444445
41,1,50,oracle,0.03,,all,0.0,False,generated,14.858467102050781,out/runs/41f_seed1_steps50/oracle_s0.03,0.15876804930695343,0.8787202504093027,2.496091925428141,0.06606606598131054,0.5288855429278508,0.17296006944444445,0.1586107427997938,0.8681830986263643,2.46822461526513,0.0659329166381609,0.5203679157398671,0.17047991071428573,0.15863040611318877,0.8695002425992316,2.4717080290355065,0.0659495603060546,0.5214326191383651,0.17078993055555558
41,1,50,oracle,0.1,,all,0.0,False,generated,14.700196504592896,out/runs/41f_seed1_steps50/oracle_s0.1,0.1575011290901056,0.8580009768016246,2.2072980906284982,0.0656407959137123,0.519677126500868,0.16796875,0.1582535867509375,0.8580805274044953,2.1803976597834525,0.0655422347327846,0.5143611196057613,0.16793774801587302,0.1581595295433335,0.8580705835791363,2.183760213639083,0.06555455488040056,0.5150256204676495,0.1679416232638889
41,1,50,oracle,0.3,,all,0.0,False,generated,14.754540205001831,out/runs/41f_seed1_steps50/oracle_s0.3,0.15081519530208576,0.78958204156854,1.388450372367573,0.06401423732370126,0.4844772052761274,0.15950520833333331,0.1530565908807282,0.7996532256453487,1.384079278698066,0.065106997932518,0.4875000622221811,0.16080729166666666,0.1527764164333979,0.7983943276357476,1.3846256654067544,0.06497040285641591,0.48712220510392434,0.16064453124999997
41,1,50,oracle,1.0,,all,0.0,False,generated,14.705070734024048,out/runs/41f_seed1_steps50/oracle_s1,0.03396814832654877,0.1863188267522471,0.04003067831021464,0.018247514142500476,0.08580712070820024,0.012586805555555556,0.031001730259255,0.17927915348298615,0.03951290478251186,0.016673778645420457,0.08052806497082755,0.007502480158730159,0.031372532517666724,0.1801591126416438,0.03957762647347471,0.016870495582555458,0.08118794693799915,0.008138020833333332
41,1,50,oracle,10.0,,all,0.0,False,generated,14.726734638214111,out/runs/41f_seed1_steps50/oracle_s10,0.11536859349257551,0.3885578737357065,0.2189382357239429,0.07814612174778801,0.1923506150572174,0.05533854166666667,0.1155593541133036,0.39731745596630713,0.2171975111481548,0.07671892018358346,0.19547804395946441,0.0558655753968254,0.11553550903571258,0.39622250818748206,0.2174151017201283,0.07689732037910903,0.19508711534668355,0.055799696180555566
41,1,50,oracle,3.0,,all,0.0,False,generated,14.702351093292236,out/runs/41f_seed1_steps50/oracle_s3,0.031204661632020236,0.15849775378646028,0.06412687941113401,0.019418478842374444,0.06292087976749652,0.003472222222222222,0.031173373724335596,0.16032148894091175,0.06427425752292269,0.019448312090776472,0.0630410499534243,0.0033482142857142855,0.031177284712796176,0.16009352204660532,0.0642558352589491,0.019444582934726222,0.06302602868018334,0.003363715277777778
41,1,50,rollout1,0.03,,all,0.0,False,generated,32.08422136306763,out/runs/41f_seed1_steps50/rollout1_s0.03,0.15506113850984948,0.8726931032862952,2.608317054897224,0.06481196366691591,0.5226096885299991,0.1642795138888889,0.15455690775456757,0.8574468647550175,2.5822856964207874,0.06350335795765698,0.5128347559601814,0.16127232142857142,0.15461993659897777,0.8593526445714272,2.585539616230342,0.06366693367131435,0.5140566225314085,0.1616482204861111
41,1,50,rollout1,0.1,,all,0.0,False,generated,32.40708112716675,out/runs/41f_seed1_steps50/rollout1_s0.1,0.14657200908141144,0.8312108875136079,2.590565596679836,0.06018048185002808,0.49573063755773517,0.14735243055555558,0.14462475780747427,0.8167848862387507,2.5594130153174244,0.05856354123542386,0.4872194902182589,0.1500186011904762,0.14486816421671642,0.8185881363981078,2.5633070879877256,0.05876565881224939,0.4882833836356934,0.1496853298611111
41,1,50,rollout1,0.3,,all,0.0,False,generated,31.467042207717896,out/runs/41f_seed1_steps50/rollout1_s0.3,0.12532369740258054,0.7469078444428792,2.5473427044486745,0.050812293298826236,0.44514047237323545,0.11371527777777776,0.12276171013338691,0.7258388530079388,2.5194959360208977,0.049502773746401364,0.4341911783567292,0.11297123015873015,0.12308195854203612,0.7284724769373065,2.5229767820743696,0.049666463690454465,0.43555984010879245,0.1130642361111111
41,1,50,rollout1,1.0,,all,0.0,False,generated,31.471383094787598,out/runs/41f_seed1_steps50/rollout1_s1,0.11844708078895627,0.707531126392769,2.527505530605037,0.05299126840296167,0.4417567431003674,0.09461805555555555,0.11391584592112268,0.6728460314893377,2.4842900207636727,0.05144347940768353,0.42085719069413896,0.09480406746031746,0.11448225027960188,0.6771816683522666,2.489691959493843,0.051636953032093307,0.4234696347449175,0.09478081597222222
41,1,50,rollout1,10.0,,all,0.0,False,generated,31.93085217475891,out/runs/41f_seed1_steps50/rollout1_s10,0.2816674158179032,1.2714696316701586,2.9098808038457498,0.21292449538952068,1.0293953069262765,0.19032118055555558,0.28424437754939264,1.288756314249562,2.87825605304917,0.21415438577300153,1.0312123985957247,0.19435143849206352,0.2839222573329564,1.2865954789271368,2.8822091468987416,0.21400064947506642,1.0309852621370434,0.19384765625
41,1,50,rollout1,3.0,,all,0.0,False,generated,31.66150164604187,out/runs/41f_seed1_steps50/rollout1_s3,0.1473673479603631,0.7921332498072466,2.700017558434928,0.08243342561055396,0.5450761100165007,0.1271701388888889,0.14898680848516893,0.808046731750853,2.6152588125045884,0.08271868643196156,0.5564621251690226,0.13290550595238096,0.14878437591956822,0.8060575465079021,2.625853655745881,0.0826830288292856,0.5550388732749574,0.13218858506944445
41,1,50,rollout5,0.03,,all,0.0,False,generated,73.89481210708618,out/runs/41f_seed1_steps50/rollout5_s0.03,0.15564498661682932,0.8657837209221462,2.59712003062112,0.06521258774008606,0.5115095496751237,0.1697048611111111,0.1537607999501264,0.8478705042242449,2.572218283229279,0.06363557284193952,0.5055047981954325,0.16524057539682538,0.15399632328346424,0.8501096563114826,2.575331001653259,0.06383269970420784,0.5062553921303938,0.1657986111111111
41,1,50,rollout5,0.1,,all,0.0,False,generated,74.41122269630432,out/runs/41f_seed1_steps50/rollout5_s0.1,0.14172938269403598,0.7915140875695463,2.566455709746951,0.05784103319826439,0.4688087741154029,0.1443142361111111,0.14140022845551295,0.7914751579931191,2.5326616241073205,0.05803361812418433,0.46467154911638237,0.15066964285714285,0.1414413727353283,0.7914800241901725,2.5368858848122744,0.05800954500844434,0.46518870224125997,0.1498752170138889
41,1,50,rollout5,0.3,,all,0.0,False,generated,69.99599504470825,out/runs/41f_seed1_steps50/rollout5_s0.3,0.11196356953934852,0.6611142020778833,2.4797381235161415,0.04645717739011041,0.3825812767144997,0.10047743055555554,0.1150563876825317,0.6613161167764411,2.4550507796581136,0.04824571837402499,0.3819548012193462,0.11430431547619047,0.1146697854146338,0.6612908774391213,2.458136697640367,0.04802215075103568,0.38203311065624035,0.1125759548611111
41,1,50,rollout5,1.0,,all,0.0,False,generated,68.93226838111877,out/runs/41f_seed1_steps50/rollout5_s1,0.11404150034766063,0.5989222560471315,2.3760383489675334,0.05467779837699966,0.3651263104703306,0.09787326388888887,0.1156499599799679,0.6100009083693213,2.335160327937135,0.05342191043461294,0.36483985515390455,0.10453869047619047,0.11544890252592949,0.6086160768290476,2.3402700805659347,0.05357889642741128,0.3648756620684578,0.10370551215277778
41,1,50,rollout5,10.0,,all,0.0,False,generated,75.50394034385681,out/runs/41f_seed1_steps50/rollout5_s10,0.3076435738489207,1.1266463470091872,2.3939288445974922,0.22673300380408634,0.8353354250428593,0.14474826388888887,0.30678625702182233,1.1166397605798175,2.3630920746061745,0.22597450936961525,0.8290900487334498,0.15277777777777776,0.3068934216252096,1.1178905838834887,2.3669466708550893,0.22606932117392414,0.8298707207721261,0.15177408854166669
41,1,50,rollout5,3.0,,all,0.0,False,generated,73.29958367347717,out/runs/41f_seed1_steps50/rollout5_s3,0.16691261572547472,0.7454876570043161,2.356254312638474,0.09654467081629844,0.4896355556843737,0.1284722222222222,0.1697905719524262,0.7578797087470706,2.3062840278102468,0.09724234887502194,0.494232622401185,0.13681175595238096,0.16943082742405724,0.7563307022792262,2.312530313413775,0.0971551391176815,0.4936579890615836,0.1357693142361111
41,2,100,none,0.0,,all,0.0,False,generated,12.448051929473877,out/runs/41f_seed2_steps100/none,0.1669770585947155,0.9095828817564324,2.6706454882873167,0.06839435165921373,0.5584208371126786,0.17447916666666669,0.1614497360591288,0.8869844331558759,2.6282955283135423,0.0672268423551183,0.5365516648792517,0.17652529761904764,0.16214065137607714,0.8898092392309456,2.633589273310264,0.06737278101813024,0.5392853114084302,0.17626953125
41,2,100,oracle,0.03,,all,0.0,False,generated,29.258909702301025,out/runs/41f_seed2_steps100/oracle_s0.03,0.16262812441206576,0.8928634855607394,2.537569725210969,0.06689256421823497,0.5475542528913866,0.1697048611111111,0.1590689061594182,0.8804673123840528,2.500357155800391,0.06586180706197542,0.5318805289470879,0.1720920138888889,0.15951380844099916,0.8820168340311387,2.505008726976713,0.06599065170650786,0.5338397444401253,0.17179361979166666
41,2,100,oracle,0.1,,all,0.0,False,generated,29.25454568862915,out/runs/41f_seed2_steps100/oracle_s0.1,0.15523191267955033,0.8565395951260236,2.2285770338842763,0.06388139533342004,0.5231351710704297,0.15104166666666666,0.1587963143851932,0.8678919751843676,2.194245258817529,0.06612154135894677,0.5284569477068848,0.17255704365079366,0.15835076417198785,0.8664729276770746,2.198536730700873,0.06584152310575593,0.5277917256273279,0.1698676215277778
41,2,100,oracle,0.3,,all,0.0,False,generated,29.248510360717773,out/runs/41f_seed2_steps100/oracle_s0.3,0.1525116031925007,0.8026802114423393,1.3739644091943952,0.06463701888994892,0.49873033341414097,0.15690104166666669,0.15368463737683685,0.8103724003043263,1.3419422088559492,0.06438126050771185,0.49987583453327133,0.15922619047619047,0.15353800810379484,0.8094108766965779,1.345944983898255,0.06441323030549148,0.4997326468933801,0.158935546875
41,2,100,oracle,1.0,,all,0.0,False,generated,29.31078267097473,out/runs/41f_seed2_steps100/oracle_s1,0.017801581036621987,0.11378562916761142,0.019321670561195672,0.009725265539855747,0.04552850260917349,0.002821180555555555,0.01895093007252788,0.12042164873421075,0.021118247244673313,0.010004487837755288,0.04872731201559399,0.003255208333333333,0.018807261443039645,0.11959214628838583,0.02089367515923861,0.009969585050517843,0.04832746083979142,0.003200954861111111
41,2,100,oracle,10.0,,all,0.0,False,generated,29.31009316444397,out/runs/41f_seed2_steps100/oracle_s10,0.05129514206753964,0.21221625561627994,0.1146276373623307,0.03313984090627865,0.09186393863216787,0.007161458333333333,0.05251134304048277,0.22447039106570404,0.1174324565718443,0.03351578644863055,0.09658022843555633,0.008618551587301586,0.05235931791886488,0.22293862413452606,0.11708185417065511,0.033468793255836564,0.09599069221013279,0.008436414930555556
41,2,100,oracle,3.0,,all,0.0,False,generated,29.249149799346924,out/runs/41f_seed2_steps100/oracle_s3,0.01665994580588073,0.0962011511043355,0.03085015848586812,0.010407665506045258,0.03211596064239819,0.0013020833333333333,0.017544267838949728,0.10502939943457712,0.0306721859661219,0.010468321153051475,0.035604883374390224,0.0008680555555555557,0.01743372758481611,0.10392586839329691,0.03069443253109018,0.0104607391971757,0.03516876803289122,0.0009223090277777778
41,2,100,rollout1,0.03,,all,0.0,False,generated,66.15634560585022,out/runs/41f_seed2_steps100/rollout1_s0.03,0.16116132652487702,0.8903443000355616,2.670326284850699,0.06565131798986447,0.5426373099837007,0.1697048611111111,0.15448644859245206,0.8616392462598672,2.614426197576423,0.06329988398923488,0.5201536206934969,0.16530257936507933,0.1553208083340052,0.865227377981829,2.6214137084857074,0.06359381323931357,0.5229640818547723,0.16585286458333331
41,2,100,rollout1,0.1,,all,0.0,False,generated,65.97019147872925,out/runs/41f_seed2_steps100/rollout1_s0.1,0.14541073557527434,0.8305027698253762,2.6446608179081377,0.057926357825252364,0.4989347185595425,0.1462673611111111,0.14437527489437998,0.8274311631266043,2.58727205299456,0.0578485644250502,0.49782313105788756,0.1451202876984127,0.14450470747949176,0.8278151139639507,2.5944456486087573,0.05785828860007547,0.49796207949559446,0.145263671875
41,2,100,rollout1,0.3,,all,0.0,False,generated,62.91569375991821,out/runs/41f_seed2_steps100/rollout1_s0.3,0.12380401035680996,0.7503127766493585,2.6138283397798956,0.04883656817157537,0.4529422674587596,0.1072048611111111,0.12463120301105042,0.7484053017007943,2.532637393948806,0.048955810868370954,0.45057082707802476,0.11033606150793651,0.12452780392927036,0.748643736069365,2.5427862621776924,0.048940905531271506,0.4508672571256166,0.10994466145833333
41,2,100,rollout1,1.0,,all,0.0,False,generated,62.796804666519165,out/runs/41f_seed2_steps100/rollout1_s1,0.11002714425736307,0.6723265118540851,2.5704947322717278,0.05007043338274439,0.43944734497969556,0.0857204861111111,0.1125328173095157,0.6864484107017838,2.4925246891243953,0.05060469555873205,0.44134751741746925,0.0921999007936508,0.11221960817799662,0.6846831733458214,2.5022709445178126,0.05053791278673359,0.44110999586274746,0.09138997395833333
41,2,100,rollout1,10.0,,all,0.0,False,generated,62.21894383430481,out/runs/41f_seed2_steps100/rollout1_s10,0.19883869689009884,1.0667533101111926,2.8344644784612507,0.17484467482183738,0.9597096458915778,0.046875,0.19827171558973392,1.066993117704224,2.714796053976182,0.17324555349399076,0.9487000309618908,0.05257936507936508,0.19834258825227954,1.066963141755095,2.7297546070368157,0.17344544365997158,0.9500762328281016,0.05186631944444445
41,2,100,rollout1,3.0,,all,0.0,False,generated,61.87092971801758,out/runs/41f_seed2_steps100/rollout1_s3,0.12229857016157505,0.7249340594487316,2.676450981495645,0.07278213205932081,0.5431561124065325,0.07552083333333333,0.121555394082243,0.7344734803593076,2.594859577364047,0.07409791982717293,0.552058533096046,0.07328869047619048,0.12164829109215951,0.7332810527454856,2.6050585028804965,0.07393344635619142,0.5509457305098568,0.07356770833333334
41,2,100,rollout5,0.03,,all,0.0,False,generated,136.80086612701416,out/runs/41f_seed2_steps100/rollout5_s0.03,0.16102142840062397,0.88045641311333,2.650489402178798,0.06595294209979827,0.5339241970494646,0.1684027777777778,0.1529334417028137,0.8509798931288125,2.6064878925171056,0.06315661389972697,0.5141441531302501,0.16564360119047622,0.15394444004004,0.8546644581268772,2.6119880812248173,0.06350615492473588,0.5166166586201519,0.1659884982638889
41,2,100,rollout5,0.1,,all,0.0,False,generated,152.3716700077057,out/runs/41f_seed2_steps100/rollout5_s0.1,0.1390917781217405,0.7828274693213078,2.6085028257687313,0.05552948149264003,0.46762723286639907,0.1384548611111111,0.13979730456555578,0.7943624643705959,2.5625708831174454,0.05727977003825976,0.47249321479789014,0.14887152777777782,0.13970911376007886,0.7929205899894348,2.5683123759488566,0.057060983970057294,0.4718849670564538,0.14756944444444448
41,2,100,rollout5,0.3,,all,0.0,False,generated,148.59837818145752,out/runs/41f_seed2_steps100/rollout5_s0.3,0.1147788242749673,0.6714034618645326,2.5221779273315033,0.0471095078664208,0.39855555226215933,0.10677083333333334,0.11518943081601327,0.6733693520104662,2.4583308833474695,0.04723581459370623,0.39467103318966457,0.11182415674603174,0.1151381049983825,0.6731236157422245,2.4663117638454737,0.04722002625279556,0.3951565980737264,0.11119249131944445
41,2,100,rollout5,1.0,,all,0.0,False,generated,148.7921497821808,out/runs/41f_seed2_steps100/rollout5_s1,0.10701387707441762,0.593769267016813,2.4397762223766373,0.049310683771364355,0.3671605342166708,0.07921006944444445,0.1082990301212051,0.588660465170484,2.3205169263976893,0.04991848786862801,0.3607327301299924,0.08599950396825397,0.10813838599035666,0.5892990654012751,2.3354243383950575,0.04984251235647005,0.3615362056408272,0.08515082465277778
41,2,100,rollout5,10.0,,all,0.0,False,generated,145.07084393501282,out/runs/41f_seed2_steps100/rollout5_s10,0.2782669870309707,0.9566436588352049,2.30477192878804,0.19217643386593158,0.6632941005069504,0.10568576388888888,0.26249885830549113,0.9396047899611164,2.227577586871848,0.1864791018522863,0.6769408997432542,0.10708085317460317,0.2644698743961761,0.9417346485703776,2.237226879611372,0.18719126835399194,0.6752350498387163,0.10690646701388888
41,2,100,rollout5,3.0,,all,0.0,False,generated,146.73435497283936,out/runs/41f_seed2_steps100/rollout5_s3,0.14508243266978063,0.6643354548953766,2.2949798965024213,0.08384252723859106,0.4584126840150563,0.08116319444444445,0.14844756306473122,0.6881351469015087,2.2637792402341836,0.08438927748036293,0.4641146415214213,0.0926029265873016,0.14802692176536242,0.6851601854007422,2.267679322267713,0.08432093370014145,0.4634018968331256,0.09117296006944443
41,2,20,none,0.0,,all,0.0,False,generated,2.595918893814087,out/runs/41f_seed2_steps20/none,0.17259586211912442,0.9266750959187603,2.6517669013627483,0.0740153302422025,0.5709710834791839,0.17686631944444445,0.1662531246247721,0.8957988597821193,2.5992775453973502,0.07240027353919477,0.5454574497805229,0.17438616071428573,0.16704596681156617,0.8996583892991994,2.6058387148930255,0.07260215562707076,0.5486466539928554,0.17469618055555558
41,2,20,oracle,0.03,,all,0.0,False,generated,5.9628074169158936,out/runs/41f_seed2_steps20/oracle_s0.03,0.1686212425766491,0.9120476122012884,2.51942442855595,0.07246823180669565,0.5583256339036062,0.1720920138888889,0.1642682691613892,0.8859126154824729,2.4787202951918212,0.07151068967714402,0.5380009333813581,0.17001488095238096,0.16481239083829669,0.8891794900723248,2.483808311862338,0.07163038244333797,0.5405415209466391,0.17027452256944448
41,2,20,oracle,0.1,,all,0.0,False,generated,5.99779748916626,out/runs/41f_seed2_steps20/oracle_s0.1,0.16469883497756282,0.880460287067508,2.227068751097542,0.07112434306449081,0.5425686382081363,0.15907118055555552,0.16446347903662212,0.8781987233985834,2.19128151483898,0.07196650004189888,0.5350249514321225,0.1728360615079365,0.1644928985292397,0.878481418857199,2.1957549193713004,0.07186123041972287,0.5359679122791242,0.1711154513888889
41,2,20,oracle,0.3,,all,0.0,False,generated,6.0003321170806885,out/runs/41f_seed2_steps20/oracle_s0.3,0.15892384133672333,0.8176400345061114,1.431497847528695,0.07128838761316475,0.5027721923924262,0.1579861111111111,0.15980871798371424,0.8243658148760922,1.3980569407839027,0.07124065992194305,0.5088666566157686,0.15857514880952378,0.1596981084028404,0.8235250923298446,1.4022370541270015,0.07124662588334577,0.5081048485878508,0.1585015190972222
41,2,20,oracle,1.0,,all,0.0,False,generated,6.090800523757935,out/runs/41f_seed2_steps20/oracle_s1,0.0718547162022028,0.3483244547410534,0.08485660950337981,0.039134095776867835,0.17421314160063103,0.030815972222222224,0.07324173482740519,0.3592290546867519,0.0908224189635549,0.039365533672025,0.18305679333248884,0.03385416666666667,0.07306835749925489,0.35786597969353956,0.09007669278103303,0.03933660393513036,0.18195133686600662,0.03347439236111112
41,2,20,oracle,10.0,,all,0.0,False,generated,5.9679248332977295,out/runs/41f_seed2_steps20/oracle_s10,0.47408276634903157,1.3485972111633018,0.5125935825639512,0.2857162709171931,0.7863142928423685,0.2966579861111111,0.4841121259345366,1.3887030745282023,0.5024442422930945,0.29196631967827874,0.8045537569916764,0.2787388392857143,0.48285845598634847,1.3836898416075898,0.5037129098269516,0.291185063583143,0.8022738239730128,0.28097873263888895
41,2,20,oracle,3.0,,all,0.0,False,generated,5.9718639850616455,out/runs/41f_seed2_steps20/oracle_s3,0.08251673205227036,0.34706138029661404,0.16298300594072035,0.05188676934311048,0.1709147664947056,0.04166666666666667,0.08597409392076236,0.36683484938531485,0.16344985510877932,0.05297589988242076,0.17941299822102072,0.043495783730158735,0.08554192368720084,0.3643631657492273,0.16339149896277194,0.052839758565006986,0.17835071925523133,0.043267144097222224
41,2,20,rollout1,0.03,,all,0.0,False,generated,12.84149432182312,out/runs/41f_seed2_steps20/rollout1_s0.03,0.1687595648624634,0.9036260502455035,2.6436480603323047,0.07227339934412272,0.5575125663363548,0.1736111111111111,0.16170717359838419,0.8769486569651183,2.585484005821004,0.06979999493172107,0.5335644575174932,0.16629464285714285,0.1625887225063941,0.8802833311251663,2.592754512634916,0.07010917048327125,0.5365579711198507,0.16720920138888887
41,2,20,rollout1,0.1,,all,0.0,False,generated,13.305607080459595,out/runs/41f_seed2_steps20/rollout1_s0.1,0.15021454895374747,0.8338696768900662,2.6261377288531156,0.06399806937267999,0.5043201721777857,0.1482204861111111,0.15171464548842745,0.8431201769920476,2.5601317853085255,0.06411941380190367,0.5071326893524696,0.14704241071428573,0.15152713342159244,0.8419638644792999,2.5683825282515995,0.0641042457482507,0.5067811247056342,0.1471896701388889
41,2,20,rollout1,0.3,,all,0.0,False,generated,12.981071949005127,out/runs/41f_seed2_steps20/rollout1_s0.3,0.1349978963137858,0.7819743120763426,2.588406113155992,0.05814729027723371,0.4711314252823908,0.12065972222222221,0.13393382825992117,0.7705827691295308,2.516182307727169,0.05693697695507087,0.4626469675022804,0.11842757936507937,0.13406683676665423,0.7720067119978822,2.5252102834057717,0.05708826612034122,0.46370752472479415,0.11870659722222221
41,2,20,rollout1,1.0,,all,0.0,False,generated,12.278635025024414,out/runs/41f_seed2_steps20/rollout1_s1,0.1321688218568958,0.7253982805994466,2.5878660571365484,0.065854200252482,0.4571903003468914,0.1154513888888889,0.13261365118649365,0.7269165946486569,2.5009891967689475,0.06582640957544797,0.45303099587810014,0.12220982142857142,0.13255804752029393,0.7267268053925057,2.5118488043148974,0.06582988341007721,0.45355090893669914,0.1213650173611111
41,2,20,rollout1,10.0,,all,0.0,False,generated,13.31301999092102,out/runs/41f_seed2_steps20/rollout1_s10,0.5610856141672689,1.8854840618352113,3.1631275307009705,0.40236318424487144,1.4032712002996042,0.4559461805555555,0.5778639633953949,1.8909135612487158,3.1761887787943905,0.4125494731827923,1.4093606355320232,0.4838169642857143,0.5757666697418791,1.8902348738220278,3.1745561227827133,0.41127618706555213,1.4085994561279709,0.4803331163194445
41,2,20,rollout1,3.0,,all,0.0,False,generated,12.738043308258057,out/runs/41f_seed2_steps20/rollout1_s3,0.233590081860991,1.0396753770096188,2.75914086267833,0.1350800898939075,0.6758890516442748,0.220703125,0.22968582726080888,1.0283959648306369,2.7124660732548382,0.13451877136195092,0.6779421330690875,0.24262152777777782,0.23017385908583166,1.0298058913530097,2.718300421932775,0.13458893617844553,0.677685497890986,0.23988172743055555
41,2,20,rollout5,0.03,,all,0.0,False,generated,27.922406673431396,out/runs/41f_seed2_steps20/rollout5_s0.03,0.16798377716119703,0.8925440204052353,2.627630742527564,0.07241945052964335,0.5494288666011216,0.1720920138888889,0.16040594662227425,0.8695988742265014,2.577755059862088,0.06961415193507656,0.5276492739721059,0.16496155753968253,0.1613531754396396,0.8724670174988431,2.5839895201952725,0.06996481425939739,0.5303717230507329,0.16585286458333334
41,2,20,rollout5,0.1,,all,0.0,False,generated,29.40857219696045,out/runs/41f_seed2_steps20/rollout5_s0.1,0.1480205852930208,0.8040360709055742,2.5880230018972057,0.06304470424574492,0.48565200553576726,0.14127604166666666,0.14743823725057098,0.8123293574106768,2.5385491150473567,0.06366723031777632,0.4845300251153555,0.14890252976190474,0.14751103075587724,0.8112926965975389,2.544733350903588,0.0635894145587724,0.48467027266790685,0.14794921875
41,2,20,rollout5,0.3,,all,0.0,False,generated,30.41573166847229,out/runs/41f_seed2_steps20/rollout5_s0.3,0.12749873930638045,0.6966193632578017,2.5031633799112734,0.05649101668633398,0.4140466641399389,0.12109375,0.12252185636718148,0.6858892945672864,2.4494706379979596,0.05468714571040898,0.40250184558992197,0.11650545634920635,0.12314396673458135,0.6872305531536008,2.456182230737124,0.0549126295823996,0.4039449479086741,0.11707899305555555
41,2,20,rollout5,1.0,,all,0.0,False,generated,29.260262489318848,out/runs/41f_seed2_steps20/rollout5_s1,0.12740745086728245,0.6415158618943307,2.4462848952198337,0.06638012859600495,0.38424044078684133,0.11024305555555555,0.13183726372575838,0.6553318516508124,2.3680865359251158,0.06763752486985873,0.3890388687412181,0.1222408234126984,0.1312835371184489,0.6536048529312521,2.3778613308369554,0.06748035033562699,0.38843906524692096,0.12074110243055555
41,2,20,rollout5,10.0,,all,0.0,False,generated,29.808441162109375,out/runs/41f_seed2_steps20/rollout5_s10,0.6689807550384308,1.7702707244787002,2.637949351924883,0.48502391112218757,1.3005517641801987,0.3548177083333333,0.6701947698589296,1.7739643687998263,2.6042933067877243,0.4847469641085848,1.2909340771542488,0.34911334325396826,0.6700430180063672,1.7735026632596855,2.608500312429869,0.48478158248528525,1.2921362880324927,0.3498263888888889
41,2,20,rollout5,3.0,,all,0.0,False,generated,29.145898818969727,out/runs/41f_seed2_steps20/rollout5_s3,0.2486952957474679,0.9531721744366886,2.4763136683824714,0.15104690277389976,0.6100184857049034,0.21788194444444448,0.2484365147094208,0.9456343435881636,2.439908511010676,0.15053872011353123,0.6008215934998756,0.22408234126984125,0.2484688623391767,0.9465765724442291,2.444459155682151,0.15060224294607727,0.6019712050255042,0.22330729166666666
41,2,50,none,0.0,,all,0.0,False,generated,6.294114351272583,out/runs/41f_seed2_steps50/none,0.16812300530873153,0.914552616005766,2.662117325593236,0.0689766077059979,0.5591319477020136,0.17686631944444442,0.16224570830042803,0.8878574333485363,2.6212664214582597,0.0684899459010558,0.5380569558139642,0.17770337301587302,0.16298037042646596,0.8911943311806901,2.626372784475132,0.06855077862667355,0.5406913297999704,0.17759874131944445
41,2,50,oracle,0.03,,all,0.0,False,generated,14.701212644577026,out/runs/41f_seed2_steps50/oracle_s0.03,0.16363183833274353,0.896901872538686,2.5326025191913715,0.06788977660077683,0.5461780630828488,0.1675347222222222,0.15962907256071698,0.8782079740788549,2.494623873208021,0.06697528441219587,0.5323650265543518,0.171875,0.16012941828222033,0.8805447113863337,2.4993712039559397,0.06708959593576849,0.534091656120414,0.1713324652777778
41,2,50,oracle,0.1,,all,0.0,False,generated,14.706408739089966,out/runs/41f_seed2_steps50/oracle_s0.1,0.1574371754493657,0.859968453384644,2.2281169998978774,0.06574085989688483,0.5300213017680016,0.1566840277777778,0.16007024183694632,0.8692241171082838,2.1933270519598174,0.06730349358825316,0.5280646812484884,0.17435515873015875,0.1597411085384987,0.8680671591428288,2.197675795452075,0.0671081643768321,0.5283092588134276,0.17214626736111113
41,2,50,oracle,0.3,,all,0.0,False,generated,14.705834865570068,out/runs/41f_seed2_steps50/oracle_s0.3,0.153330406365972,0.8023716349891026,1.3881870759549386,0.06653549661472105,0.500401970987479,0.15711805555555555,0.15470007713842523,0.8121346964314444,1.3565930453171038,0.06572704976850044,0.4999337236941444,0.1603732638888889,0.1545288682918686,0.8109143137511516,1.3605422991468332,0.06582810562427802,0.4999922546058112,0.1599663628472222
41,2,50,oracle,1.0,,all,0.0,False,generated,14.696959018707275,out/runs/41f_seed2_steps50/oracle_s1,0.030221075560112422,0.16961073546275454,0.03239774802306415,0.015996667205229204,0.07452981304327341,0.005859375,0.03031381070969586,0.1750509896481381,0.03560378085044595,0.016224322697949222,0.0778168767757091,0.006634424603174603,0.030302218815997935,0.17437095787496515,0.03520302674702322,0.016195865761359222,0.07740599380915464,0.006537543402777778
41,2,50,oracle,10.0,,all,0.0,False,generated,14.69856595993042,out/runs/41f_seed2_steps50/oracle_s10,0.11750810819373517,0.41000818071631323,0.22407265160923812,0.07578170772234408,0.19638416363674513,0.05729166666666667,0.11718156028345715,0.41280983080984435,0.22249139019027897,0.0771195209700386,0.20190550853303127,0.053416418650793655,0.1172223787722419,0.412459624548153,0.22268904786764887,0.07695229431407678,0.20121534042099548,0.05390082465277779
41,2,50,oracle,3.0,,all,0.0,False,generated,14.70097804069519,out/runs/41f_seed2_steps50/oracle_s3,0.03143999950154353,0.1544709939002832,0.0642000820743204,0.019638198291581376,0.06222210847952579,0.0036892361111111114,0.032283738433076636,0.16576880082425477,0.0650203238733761,0.019934848958456413,0.06586806911738743,0.003038194444444444,0.032178271066635,0.16435657495875833,0.06491779364849413,0.019897767625097033,0.06541232403765473,0.003119574652777778
41,2,50,rollout1,0.03,,all,0.0,False,generated,31.01954746246338,out/runs/41f_seed2_steps50/rollout1_s0.03,0.1610044367235859,0.8868612896920094,2.6593756065812926,0.0669155396157618,0.5440402283537831,0.17078993055555558,0.15642975566885323,0.866787771994756,2.6065288031697635,0.06477006800712316,0.5227037050594283,0.16741071428571427,0.15700159080069478,0.8692969617069127,2.613134653596205,0.065038251958203,0.5253707704712227,0.16783311631944442
41,2,50,rollout1,0.1,,all,0.0,False,generated,31.554891109466553,out/runs/41f_seed2_steps50/rollout1_s0.1,0.14653521947893053,0.830485978281207,2.640076400194801,0.059269108763211675,0.5031401490535055,0.1460503472222222,0.1459856096924464,0.8304423934371189,2.580102657049823,0.05951558408348928,0.4992338613860391,0.14769345238095236,0.14605431091575694,0.83044784154263,2.587599374942945,0.059484774668454574,0.4997221473444724,0.1474880642361111
41,2,50,rollout1,0.3,,all,0.0,False,generated,30.747604608535767,out/runs/41f_seed2_steps50/rollout1_s0.3,0.12646541645863163,0.753446667242651,2.608651548379356,0.051264887707558,0.4550276327466205,0.11414930555555555,0.12602355287660943,0.7487687830574122,2.5288388338255965,0.05057162562904477,0.4505019187900895,0.1130952380952381,0.12607878582436222,0.7493535185805671,2.538815423144817,0.05065828338885892,0.4510676330346559,0.11322699652777778
41,2,50,rollout1,1.0,,all,0.0,False,generated,29.988447427749634,out/runs/41f_seed2_steps50/rollout1_s1,0.1135615207483064,0.6823123448518842,2.5741899457078974,0.051832752517019604,0.43750159488787244,0.0822482638888889,0.11465366649612853,0.6876583834975423,2.4907752036156197,0.05222867249521628,0.4369236775009239,0.09312996031746032,0.11451714827765076,0.6869901286668352,2.5012020463771543,0.0521791824979417,0.4369959171742925,0.09176974826388888
41,2,50,rollout1,10.0,,all,0.0,False,generated,31.634182691574097,out/runs/41f_seed2_steps50/rollout1_s10,0.28755475842316724,1.2803969227380532,2.9341478486668926,0.219246934131485,1.0479791346398413,0.15690104166666666,0.2859082547373874,1.2744271984177769,2.85143332689869,0.21823451878508443,1.0470339267486535,0.17057291666666666,0.2861140676981099,1.2751734139578113,2.861772642119715,0.2183610707033845,1.0471520777350518,0.16886393229166669
41,2,50,rollout1,3.0,,all,0.0,False,generated,29.793596744537354,out/runs/41f_seed2_steps50/rollout1_s3,0.15055496172663385,0.818748108131019,2.709193977361697,0.08552714943255657,0.5811067286507934,0.12413194444444445,0.14618835777784694,0.8051795858906539,2.6163678511235853,0.08380046071588355,0.5733038365732482,0.11331225198412698,0.14673418327144533,0.8068756511706994,2.6279711169033493,0.08401629680546768,0.5742791980829416,0.11466471354166666
41,2,50,rollout5,0.03,,all,0.0,False,generated,73.20807099342346,out/runs/41f_seed2_steps50/rollout5_s0.03,0.16224412909687397,0.8815138584034579,2.641287647258916,0.06784678754177759,0.5376159139462277,0.17274305555555558,0.15455559144821804,0.8541898954285675,2.5991303421431797,0.06459279059151642,0.5158517642319499,0.16734871031746032,0.15551665865430003,0.8576053908004286,2.6044000052826464,0.06499954021029906,0.5185722829462347,0.1680230034722222
41,2,50,rollout5,0.1,,all,0.0,False,generated,75.64917492866516,out/runs/41f_seed2_steps50/rollout5_s0.1,0.14249321172728266,0.7912587916012299,2.6035352269976655,0.05775505752525419,0.472442270465251,0.14192708333333331,0.14132152375911997,0.7959418536078979,2.557305721384629,0.05859252636926034,0.4740429594031455,0.14874751984126983,0.1414679847551403,0.7953564708570644,2.563084409586258,0.05848784276375958,0.4738428732859087,0.1478949652777778
41,2,50,rollout5,0.3,,all,0.0,False,generated,72.82592487335205,out/runs/41f_seed2_steps50/rollout5_s0.3,0.11838812232739165,0.679274566825132,2.5173438667152763,0.049312619245287084,0.4015835402468315,0.1130642361111111,0.11722136916956635,0.6779917108307055,2.4564465572751075,0.04910282679733662,0.39817869357349345,0.11526537698412698,0.1173672133142945,0.6781520678300088,2.4640587209551286,0.04912905085333043,0.39860429940766073,0.114990234375
41,2,50,rollout5,1.0,,all,0.0,False,generated,72.14346837997437,out/runs/41f_seed2_steps50/rollout5_s1,0.10953589160018545,0.5961373154763994,2.4429513828798353,0.05172477881359575,0.36349569638747825,0.08116319444444443,0.11140290303404957,0.5990380168758443,2.337439904091324,0.052632718752936125,0.36291056177513425,0.09399801587301589,0.11116952660481656,0.5986754292009138,2.350628838939888,0.05251922626051858,0.3629837036016773,0.09239366319444445
41,2,50,rollout5,10.0,,all,0.0,False,generated,72.729074716568,out/runs/41f_seed2_steps50/rollout5_s10,0.3239966584587904,1.1127874274720324,2.3994753092109407,0.2344762760967236,0.8143293590743108,0.1506076388888889,0.3212210657960531,1.114158427001454,2.3157271281038416,0.23217774536539532,0.815364820298944,0.14046999007936506,0.32156801487889525,1.1139870520602762,2.326195650742229,0.23246506170681136,0.8152353876458648,0.14173719618055555
41,2,50,rollout5,3.0,,all,0.0,False,generated,69.57651376724243,out/runs/41f_seed2_steps50/rollout5_s3,0.16230759630498232,0.7218818545000805,2.356431778073409,0.09477403196074835,0.4837799264319944,0.11132812499999999,0.1678122043224773,0.7444671662310345,2.312806889613353,0.0963851560090911,0.49067037272119635,0.11728050595238096,0.16712412832029042,0.7416440022646653,2.3182600006708602,0.09618376550304825,0.4898090669350461,0.11653645833333333
49,0,100,none,0.0,,all,0.0,False,generated,14.778626203536987,out/runs/49f_seed0_steps100/none,0.15424297072353788,0.8741942305504644,2.9812909181671046,0.0619225895743197,0.5209036778597305,0.15500710227272727,0.159910677661687,0.8946025239292857,2.9575807920699613,0.0645324967628273,0.5294492487786145,0.1702262581168831,0.15920221429441833,0.8920514872569332,2.9605445578321037,0.06420625836426386,0.528381052413754,0.16832386363636362
49,0,100,oracle,0.03,,all,0.0,False,generated,34.71310567855835,out/runs/49f_seed0_steps100/oracle_s0.03,0.15658740514382846,0.8788380115454879,2.8451547081878363,0.062323931860252396,0.5237962909777432,0.1613991477272727,0.15824943765294844,0.8877238939421076,2.8170566609534196,0.06407151841843008,0.5278280725448445,0.16804484577922077,0.15804168358930845,0.8866131586425301,2.820568916857722,0.06385307009865787,0.5273240998489569,0.1672141335227273
49,0,100,oracle,0.1,,all,0.0,False,generated,34.70857334136963,out/runs/49f_seed0_steps100/oracle_s0.1,0.15579993358389507,0.8784506831612506,2.5089847047876725,0.061307382725482674,0.5215337111313888,0.15625,0.15810999015453753,0.8850786406493203,2.485370963740467,0.06380144139433862,0.5253157661023669,0.16538149350649348,0.15782123308320725,0.8842501459633116,2.488322681371368,0.06348968406073163,0.5248430092309946,0.1642400568181818
49,0,100,oracle,0.3,,all,0.0,False,generated,34.71608352661133,out/runs/49f_seed0_steps100/oracle_s0.3,0.16481154183009597,0.8640368074111588,1.5580391717270266,0.06912786515800194,0.5320046312565465,0.17027698863636365,0.15886828112368148,0.8516013868682281,1.5784863930209336,0.06514432733841329,0.5156201003858755,0.16474736201298704,0.15961118871198327,0.8531558144360945,1.5759304903591953,0.06564226956586187,0.5176681667447093,0.16543856534090906
49,0,100,oracle,1.0,,all,0.0,False,generated,34.713868379592896,out/runs/49f_seed0_steps100/oracle_s1,0.02023222296446244,0.12734816661889248,0.02134834393423586,0.010450880315138172,0.055231626854532576,0.002485795454545455,0.020346875413350292,0.12546797599383044,0.022642742985755908,0.010772615303358265,0.05357154973545058,0.0037286931818181815,0.020332543857239316,0.1257029998219632,0.0224809431043159,0.010732398429830751,0.05377905937533582,0.003573330965909091
49,0,100,oracle,10.0,,all,0.0,False,generated,34.72061228752136,out/runs/49f_seed0_steps100/oracle_s10,0.055180033563995756,0.2288444002466546,0.11319003738441286,0.03539344223850207,0.10324795754172725,0.011363636363636364,0.05254635890247773,0.21831252904925666,0.109854417576003,0.03356348802299513,0.09398795045727584,0.008269074675324676,0.05287556823516749,0.2196290129489314,0.11027137005205423,0.03379223229993349,0.09514545134283225,0.008655894886363636
49,0,100,oracle,3.0,,all,0.0,False,generated,34.70987248420715,out/runs/49f_seed0_steps100/oracle_s3,0.01815581293049795,0.10461002597964746,0.030569642870492183,0.010396992698731981,0.03868745412219962,0.000887784090909091,0.017276940950950965,0.10153076794224598,0.029772545408700262,0.010124368972870248,0.035031763628306636,0.0008370535714285714,0.01738679994839434,0.10191567519692116,0.02987218259142425,0.010158446938602964,0.03548872494004326,0.0008433948863636363
49,0,100,rollout1,0.03,,all,0.0,False,generated,80.65227484703064,out/runs/49f_seed0_steps100/rollout1_s0.03,0.14895013380510447,0.8570530877879752,2.967596151769139,0.05922444678713561,0.506468535070489,0.14630681818181818,0.1546961992435965,0.8768995027432397,2.951011131883892,0.061898621720905066,0.5194250534212796,0.1613484172077922,0.15397794106378504,0.8744187008738316,2.953084259369548,0.06156434985418388,0.5178054886274307,0.15946821732954547
49,0,100,rollout1,0.1,,all,0.0,False,generated,73.64864778518677,out/runs/49f_seed0_steps100/rollout1_s0.1,0.14029171611027158,0.8162000478696434,2.9417993525144257,0.053417184371915234,0.47957128633763324,0.13334517045454544,0.142274027497217,0.830611753713055,2.9285503719948047,0.05566809757030411,0.48953510047885057,0.13636363636363635,0.1420262385738488,0.8288102904826284,2.9302064945597572,0.05538673342050551,0.48828962371119844,0.135986328125
49,0,100,rollout1,0.3,,all,0.0,False,generated,70.70846819877625,out/runs/49f_seed0_steps100/rollout1_s0.3,0.12186007984929852,0.7393013880734574,2.9055983031545694,0.046893229665942976,0.44424042721157053,0.10582386363636363,0.12415016605965715,0.751518742648704,2.8826343666299614,0.04847833577754741,0.4472187708500425,0.10881696428571429,0.12386390528336233,0.7499915733267981,2.885504858695538,0.04828019751359687,0.4468464778952335,0.10844282670454544
49,0,100,rollout1,1.0,,all,0.0,False,generated,75.2598204612732,out/runs/49f_seed0_steps100/rollout1_s1,0.11404258648093822,0.6869574441186945,2.833272373635793,0.050013737469918114,0.4421240883380708,0.09428267045454544,0.11333676463051644,0.6919353767362498,2.8426306553695224,0.049884416453081316,0.4395695636031513,0.08682528409090907,0.11342499236181916,0.6913131351590553,2.8414608701528064,0.04990058158018591,0.43988887919501624,0.08775745738636362
49,0,100,rollout1,10.0,,all,0.0,False,generated,75.58308506011963,out/runs/49f_seed0_steps100/rollout1_s10,0.19957239625387047,1.0978941797584336,3.0807887038115704,0.172419750118489,0.9569487612539342,0.05433238636363636,0.19899675097454952,1.1008070090682391,3.11398490586269,0.17128849602410354,0.9647411836132483,0.05088271103896103,0.19906870663446463,1.1004429054045135,3.1098353806062997,0.17142990278590176,0.9637671308183342,0.05131392045454545
49,0,100,rollout1,3.0,,all,0.0,False,generated,74.50614547729492,out/runs/49f_seed0_steps100/rollout1_s3,0.13010142500745742,0.7559480672895164,2.9143997484908417,0.07421756899632563,0.5549972259782596,0.08700284090909088,0.12669980981033666,0.7583963269767037,2.9385476123266394,0.07379816809785066,0.5608062053056225,0.0717583198051948,0.12712501170997675,0.7580902945158052,2.9355291293471644,0.07385059321016002,0.5600800828897021,0.07366388494318181
49,0,100,rollout5,0.03,,all,0.0,False,generated,188.38337326049805,out/runs/49f_seed0_steps100/rollout5_s0.03,0.14741565961084677,0.8477462723014048,2.9581696393045798,0.058437881082937654,0.4979914125848064,0.146484375,0.15250444969335536,0.8628246099856908,2.9421092746047948,0.061309480201413635,0.5095098690792376,0.16071428571428573,0.15186835093304174,0.8609398177751548,2.944116820192268,0.06095053031160414,0.5080700620174337,0.158935546875
49,0,100,rollout5,0.1,,all,0.0,False,generated,189.28048586845398,out/runs/49f_seed0_steps100/rollout5_s0.1,0.1308745848414323,0.7584626013793742,2.9131812274712714,0.05090510704925191,0.43846068874683103,0.1258877840909091,0.14041529000138883,0.8047503167084142,2.903036934767016,0.05566112636084254,0.4673544510430074,0.14161424512987011,0.13922270185639427,0.7989643522922842,2.904304971355048,0.05506662394689371,0.4637427307559854,0.1396484375
49,0,100,rollout5,0.3,,all,0.0,False,generated,182.11996054649353,out/runs/49f_seed0_steps100/rollout5_s0.3,0.11471543391769246,0.6780538456074088,2.834733735577619,0.04557515740024609,0.39286931840631406,0.11115056818181818,0.11432854504472023,0.6766260548245556,2.820628510775548,0.046333164365460755,0.39360012910133885,0.1070413961038961,0.11437690615384176,0.6768045286724123,2.8223916638758073,0.04623841349480892,0.3935087777644608,0.10755504261363635
49,0,100,rollout5,1.0,,all,0.0,False,generated,180.36176133155823,out/runs/49f_seed0_steps100/rollout5_s1,0.11107058567007509,0.6019684671794883,2.6959102986645735,0.05229646017246729,0.3721575106713646,0.08291903409090906,0.11499778061790354,0.6325695401136471,2.705306815763485,0.052725836518902315,0.38428739259139755,0.09319196428571427,0.11450688124942499,0.6287444059968772,2.704132251126121,0.052672164475597937,0.38277115735139344,0.09190784801136362
49,0,100,rollout5,10.0,,all,0.0,False,generated,175.37854981422424,out/runs/49f_seed0_steps100/rollout5_s10,0.2568856880400513,0.9786886624872426,2.6446618473364136,0.18990239348185162,0.7464540176232739,0.12198153409090909,0.2506120565072832,0.9670430094980836,2.660322823172971,0.18701638796938796,0.7372081056893857,0.11508218344155842,0.2513962604488792,0.9684987161217284,2.6583652011934014,0.18737713865844596,0.7383638446811216,0.11594460227272727
49,0,100,rollout5,3.0,,all,0.0,False,generated,172.3334937095642,out/runs/49f_seed0_steps100/rollout5_s3,0.14358060155344446,0.6879862779180468,2.5970665820607044,0.08490724530829441,0.4743953249728006,0.08771306818181818,0.14611289085726234,0.6973987253989538,2.668339192640886,0.08513307034663549,0.47468160405965454,0.08956473214285714,0.1457963546942851,0.6962221694638404,2.6594301163183633,0.08510484221684286,0.4746458191737978,0.08933327414772727
49,0,20,none,0.0,,all,0.0,False,generated,3.074988842010498,out/runs/49f_seed0_steps20/none,0.15784578017377443,0.8741197912024803,2.9528457497060807,0.06618474662551452,0.5173378008605163,0.14985795454545453,0.16569199406798976,0.9084297655133772,2.929121387283531,0.0696049039651602,0.5393468264697462,0.1672585227272727,0.16471121733121286,0.9041410187245151,2.9320869325863494,0.0691773842977045,0.5365956982685924,0.16508345170454541
49,0,20,oracle,0.03,,all,0.0,False,generated,7.06655478477478,out/runs/49f_seed0_steps20/oracle_s0.03,0.16074887018970382,0.8786601815637807,2.8192041195084188,0.06702078766495927,0.5297027096426411,0.15269886363636365,0.16601152383005674,0.9095327528189598,2.7943135751019947,0.0701655875436914,0.5420469848833676,0.16839995941558442,0.1653536921250126,0.9056736814120625,2.7974248931527974,0.06977248755884988,0.5405039504782768,0.16643732244318182
49,0,20,oracle,0.1,,all,0.0,False,generated,7.063539743423462,out/runs/49f_seed0_steps20/oracle_s0.1,0.16188942394686173,0.8835500976776457,2.5102584444122185,0.06688305043066281,0.5251791521831968,0.14399857954545453,0.16492767013083315,0.8994065320689241,2.4881901038618337,0.06963598005990024,0.5351515341071396,0.1636059253246753,0.16454788935783676,0.8974244777700143,2.490948646430632,0.06929186385624556,0.5339049863666467,0.16115500710227273
49,0,20,oracle,0.3,,all,0.0,False,generated,7.105407238006592,out/runs/49f_seed0_steps20/oracle_s0.3,0.16950717794834017,0.8744766641152082,1.633754496711537,0.07479687941308527,0.5345722945733942,0.17009943181818182,0.16637255752116833,0.869580412609786,1.6435785886269147,0.07207871737327749,0.5270062195187463,0.16520393668831165,0.1667643850745648,0.8701924440479637,1.6423505771374929,0.07241848762825347,0.5279519789005773,0.16581587357954544
49,0,20,oracle,1.0,,all,0.0,False,generated,7.057011842727661,out/runs/49f_seed0_steps20/oracle_s1,0.081340456020307,0.39269634123360386,0.10521571841212252,0.0427719415441178,0.20036456324452084,0.038529829545454544,0.08075175712059338,0.39507557939446614,0.1091182452670513,0.04282451225724241,0.2040928883381913,0.040635146103896104,0.0808253444830576,0.3947781746243583,0.10863042941018522,0.04281794091810183,0.20362684770148248,0.040371981534090905
49,0,20,oracle,10.0,,all,0.0,False,generated,7.066423416137695,out/runs/49f_seed0_steps20/oracle_s10,0.4547360224314676,1.3635886408680027,0.5311799817718001,0.2871324109419604,0.7920349686143816,0.287109375,0.4594098502808804,1.388396226933507,0.5277535380199873,0.2869251467283903,0.7989086371596095,0.289747362012987,0.45882562179970376,1.385295278675319,0.5281818434889638,0.28695105475508653,0.7980494285914561,0.28941761363636365
49,0,20,oracle,3.0,,all,0.0,False,generated,7.057368278503418,out/runs/49f_seed0_steps20/oracle_s3,0.08946435346143197,0.3851512575572574,0.15538624033283446,0.053836559247460274,0.19384594455006748,0.046875,0.08462054022115537,0.35910847504795346,0.1518107489527412,0.051725118698378834,0.17644126543499006,0.0480671672077922,0.08522601687618994,0.36236382286161645,0.15225768537525286,0.05198904876701402,0.1786168503243747,0.04791814630681817
49,0,20,rollout1,0.03,,all,0.0,False,generated,15.867061614990234,out/runs/49f_seed0_steps20/rollout1_s0.03,0.15292896711251103,0.8575990201213302,2.940874047623824,0.06327310478768554,0.5094330893171722,0.14666193181818182,0.16072238887449083,0.8912255068118738,2.920217508841005,0.06732249403633535,0.5294127571673115,0.1593952922077922,0.15974821115424337,0.8870221959755559,2.9227995761888574,0.06681632038025412,0.5269152986860441,0.15780362215909088
49,0,20,rollout1,0.1,,all,0.0,False,generated,15.235416412353516,out/runs/49f_seed0_steps20/rollout1_s0.1,0.14364344790281414,0.818651625293687,2.9161028859052918,0.05924977513995068,0.48547152577632613,0.12588778409090906,0.1501236807019119,0.8500664505848621,2.901759835602316,0.06213385274568264,0.5040741896614076,0.1385450487012987,0.1493136516020247,0.8461395974234651,2.9035527168901885,0.061773343044966136,0.5017488566757725,0.136962890625
49,0,20,rollout1,0.3,,all,0.0,False,generated,15.72650146484375,out/runs/49f_seed0_steps20/rollout1_s0.3,0.12971917042885145,0.7547580074851792,2.8785031633720433,0.055003249145637464,0.453315079284357,0.10990767045454544,0.13356748712973784,0.7751289822077203,2.8622163765902866,0.05628809950631079,0.4608015082309028,0.11564021915584413,0.13308644754212703,0.7725826103674027,2.8642522249380065,0.056127493211226634,0.45986570461258464,0.11492365056818181
49,0,20,rollout1,1.0,,all,0.0,False,generated,15.304094791412354,out/runs/49f_seed0_steps20/rollout1_s1,0.13635086361240578,0.7468574311920231,2.8680434809335154,0.06655658908078405,0.4563535163061345,0.12251420454545453,0.13701418543167837,0.7546554297259739,2.8577811292345223,0.06584077121391267,0.4555801125484858,0.12198153409090907,0.1369312702042693,0.7536806799092302,2.8590639231968966,0.0659302484472716,0.45567678801819184,0.12204811789772727
49,0,20,rollout1,10.0,,all,0.0,False,generated,16.404735565185547,out/runs/49f_seed0_steps20/rollout1_s10,0.5588303412893352,1.9766730652554874,3.5830952848220017,0.40405419764289435,1.4648496225293308,0.5276988636363636,0.5652007835163053,2.0070796406307436,3.603427951169268,0.40347702452890605,1.487646459320299,0.51953125,0.564404478237934,2.0032788187088366,3.6008863678758596,0.4035491711681546,1.4847968547214276,0.5205522017045454
49,0,20,rollout1,3.0,,all,0.0,False,generated,15.48092269897461,out/runs/49f_seed0_steps20/rollout1_s3,0.2335757467400973,1.0511628732945382,3.0078866250608245,0.13300252337306886,0.6743348170433121,0.2370383522727273,0.22993698307971552,1.0479154886201032,3.0614589926266285,0.13215788837418266,0.6689439720477717,0.2328023538961039,0.23039182853726323,1.0483214117044075,3.054762446680903,0.1322634677490434,0.6696178276722143,0.23333185369318182
49,0,20,rollout5,0.03,,all,0.0,False,generated,34.58062553405762,out/runs/49f_seed0_steps20/rollout5_s0.03,0.15052629736978962,0.8458289456089552,2.931612924068858,0.06320400805425268,0.5027786155262313,0.140625,0.1600133459887576,0.8836946117784443,2.9108709712290803,0.06720364102390707,0.5227304755070489,0.1593952922077922,0.1588274649113866,0.8789614035072582,2.9134637153340526,0.06670368690270027,0.5202364930094467,0.15704900568181818
49,0,20,rollout5,0.1,,all,0.0,False,generated,36.04521822929382,out/runs/49f_seed0_steps20/rollout5_s0.1,0.13772506922024463,0.7757381388002658,2.890703434735583,0.05734539198718269,0.4570857268973099,0.12499999999999999,0.14826974653769023,0.8279847993159155,2.8773647251083205,0.06224555671987592,0.4850013015749128,0.1425020292207792,0.1469516618730095,0.8214539667514593,2.8790320638117284,0.06163303612828928,0.48151185474021246,0.14031427556818182
49,0,20,rollout5,0.3,,all,0.0,False,generated,35.85276818275452,out/runs/49f_seed0_steps20/rollout5_s0.3,0.11962155163687163,0.6832852735383586,2.8297922316107624,0.05191422999266759,0.39456812593829477,0.10156249999999999,0.12461252905843187,0.7031912877519121,2.8044346151202073,0.05394850778956075,0.4069342405197351,0.11272321428571429,0.12398865688073683,0.7007030359752179,2.8076043171815264,0.0536942230649491,0.4053884761970551,0.11132812499999999
49,0,20,rollout5,1.0,,all,0.0,False,generated,35.62538433074951,out/runs/49f_seed0_steps20/rollout5_s1,0.13717147048481315,0.6816966755767483,2.7257427854378395,0.06909484092590931,0.39868008611202155,0.11949573863636362,0.137077903194376,0.687578166945916,2.748241233764841,0.0686609517450595,0.39834521381952165,0.12185470779220776,0.13708959910568064,0.68684298052477,2.745428927723966,0.06871518789266573,0.3983870728560841,0.12155983664772727
49,0,20,rollout5,10.0,,all,0.0,False,generated,37.89144563674927,out/runs/49f_seed0_steps20/rollout5_s10,0.6845909102370752,1.9734142346100836,3.0743752071977615,0.49393213619566445,1.4211221763499462,0.3838778409090909,0.6864263315411655,1.9705011351820356,3.072415807444043,0.4941161194418025,1.4215140955302275,0.3933390827922078,0.6861969038781542,1.9708652726105418,3.072660732413258,0.49409312153603513,1.4214651056326923,0.3921564275568182
49,0,20,rollout5,3.0,,all,0.0,False,generated,36.0708224773407,out/runs/49f_seed0_steps20/rollout5_s3,0.25563524979021746,0.9907438684545884,2.809271901952687,0.15334239567314845,0.6148113355814981,0.23046875,0.25858935895824126,1.0050049206544958,2.848418783067927,0.15402043904774138,0.6172672484009328,0.23143262987012989,0.25822009531223833,1.0032222891295075,2.843525422928522,0.15393568362591725,0.6169602592985034,0.23131214488636365
49,0,50,none,0.0,,all,0.0,False,generated,7.464481592178345,out/runs/49f_seed0_steps50/none,0.15488614536857515,0.8755908827939142,2.970728345448354,0.06293275571216617,0.5223319756084029,0.15305397727272727,0.1609972123996679,0.8958058893624515,2.9507077202071565,0.0656197315542701,0.5307388713465854,0.17080965909090912,0.1602333290207813,0.8932790135413844,2.9532102983623063,0.06528385957400712,0.5296880093793126,0.16859019886363635
49,0,50,oracle,0.03,,all,0.0,False,generated,17.42840075492859,out/runs/49f_seed0_steps50/oracle_s0.03,0.15751121241801502,0.8789869166327521,2.839786833542993,0.0631442289882378,0.5217920109884264,0.1592684659090909,0.15988821111762566,0.8933572386102302,2.8107118147361243,0.0653883070531037,0.5303273954615205,0.16862824675324672,0.15959108628017435,0.8915609483630453,2.8143461920869832,0.06510779729499547,0.5292604724023837,0.16745827414772727
49,0,50,oracle,0.03,late,all,0.5,False,generated,12.471444606781006,out/runs/49f_seed0_steps50/oracle_s0.03_late,0.1543649125791231,0.8701840992375502,2.935991571527259,0.06233353178580084,0.5190071615161418,0.14843749999999997,0.15993345079798793,0.8891868678782858,2.9157564831646985,0.06538646928347266,0.5282474421528005,0.16941456980519481,0.15923738352062983,0.8868115217981938,2.918285869210018,0.0650048520962637,0.5270924070732182,0.16679243607954544
49,0,50,oracle,0.03,pos,pos,0.0,False,generated,17.452903747558594,out/runs/49f_seed0_steps50/oracle_s0.03_pos,0.1595854899275518,0.88437703430601,2.8140922872827887,0.06471574344278776,0.529799637403698,0.1612215909090909,0.1615264501269444,0.8980620331445769,2.792594317324646,0.06641268348464166,0.5371889403621084,0.17436079545454544,0.1612838301020203,0.8963514082897559,2.795281563569414,0.06620056597940992,0.5362652774923071,0.17271839488636365
49,0,50,oracle,0.03,x0,all,0.0,True,generated,7.504467010498047,out/runs/49f_seed0_steps50/oracle_s0.03_x0,0.15634182552817893,0.8779355221468669,2.8792372140403417,0.06299978267111864,0.5262691534179775,0.154296875,0.16061931212539468,0.8943794952221645,2.8571251468837566,0.06511504102440864,0.5282014862311524,0.16741071428571427,0.16008462630074272,0.8923239985877524,2.8598891552783297,0.06485063373024738,0.5279599446295056,0.165771484375
49,0,50,oracle,0.1,,all,0.0,False,generated,17.444304943084717,out/runs/49f_seed0_steps50/oracle_s0.1,0.15582596917875013,0.8770369426456893,2.5092986163663458,0.06159455844714939,0.5173729989313379,0.15376420454545453,0.15980680158960262,0.8885650096107801,2.4871467604570587,0.06500623605386724,0.5261200042796237,0.1659902597402597,0.15930919753824607,0.8871240012401437,2.48991574244572,0.06457977635302752,0.5250266286110881,0.1644620028409091
49,0,50,oracle,0.1,late,all,0.5,False,generated,12.456361770629883,out/runs/49f_seed0_steps50/oracle_s0.1_late,0.15302547481180268,0.860484558459778,2.853705020568081,0.06195962578615205,0.5133170205313289,0.14683948863636365,0.1610765906324197,0.8920281650090293,2.831742564480769,0.06583596530900136,0.529496700947769,0.168070211038961,0.16007020115484255,0.8880852141903728,2.834487871491683,0.0653514228686452,0.5274742408957139,0.16541637073863635
49,0,50,oracle,0.1,pos,pos,0.0,False,generated,17.435140371322632,out/runs/49f_seed0_steps50/oracle_s0.1_pos,0.1653173288444367,0.9026297708101072,2.4579788102779556,0.06623228767074706,0.5399478702166123,0.173828125,0.166696991954129,0.9125769435164727,2.4321828914023973,0.06827991208002547,0.5471524490310679,0.17907873376623376,0.16652453406541745,0.911333546928177,2.435407381261842,0.06802395902886567,0.546251876679261,0.17842240767045453
49,0,50,oracle,0.1,x0,all,0.0,True,generated,7.499617099761963,out/runs/49f_seed0_steps50/oracle_s0.1_x0,0.15921672357319533,0.886908007402013,2.654357040707387,0.0633770969884791,0.5217599600817893,0.1571377840909091,0.16182558622703347,0.8954316211265263,2.6219011711046614,0.06630005919770614,0.5329526796968133,0.16114549512987011,0.1614994783953037,0.8943661694109621,2.6259581548050024,0.06593468892155277,0.5315535897449353,0.16064453125
49,0,50,oracle,0.3,,all,0.0,False,generated,17.514431715011597,out/runs/49f_seed0_steps50/oracle_s0.3,0.16546572407380022,0.863403829416326,1.578213664399253,0.07043610334428921,0.5316811605416063,0.17151988636363635,0.1597199742022942,0.8526056386381952,1.595357135405632,0.06626021441283303,0.5147551293380747,0.16515320616883117,0.16043819293623246,0.8539554124854615,1.5932142015298347,0.06678220052926505,0.516870883238516,0.1659490411931818
49,0,50,oracle,0.3,late,all,0.5,False,generated,12.445863246917725,out/runs/49f_seed0_steps50/oracle_s0.3_late,0.16969295477446258,0.906704272306861,2.6268315854182402,0.07050151852846359,0.5493391036121407,0.1770241477272727,0.1715007186881821,0.9199536851710138,2.599377869927148,0.07198741877426126,0.55577567923598,0.18105722402597402,0.17127474819896715,0.9182975085629949,2.602809584363534,0.07180168124353656,0.5549711072830001,0.18055308948863635
49,0,50,oracle,0.3,pos,pos,0.0,False,generated,17.447981119155884,out/runs/49f_seed0_steps50/oracle_s0.3_pos,0.18346705174803074,0.9356064074171525,1.4906872500611512,0.07916218334389333,0.5745165187750082,0.2080965909090909,0.18356415664893172,0.9480025689566577,1.5109797212355642,0.07945877374223287,0.5814269276796689,0.20660004058441556,0.18355201853631914,0.9464530487642195,1.5084431623387626,0.07942169994244042,0.5805631265665863,0.206787109375
49,0,50,oracle,0.3,x0,all,0.0,True,generated,7.506336212158203,out/runs/49f_seed0_steps50/oracle_s0.3_x0,0.18016092930748528,0.91540726972835,1.8732425802451014,0.07499915707066099,0.5668066951000815,0.18519176136363635,0.18035710259386167,0.9282284579334641,1.863422201570384,0.07467318475428987,0.5701941813948013,0.17684659090909088,0.18033258093306465,0.9266258094078248,1.864649748904724,0.07471393129383626,0.5697707456079614,0.1778897372159091
49,0,50,oracle,1.0,,all,0.0,False,generated,17.44225263595581,out/runs/49f_seed0_steps50/oracle_s1,0.03444354669141663,0.19766012461137272,0.03928641512287266,0.017587419452690822,0.09328405509950835,0.006747159090909091,0.03348594784049817,0.1902335763348609,0.040958655773219665,0.017649726549703242,0.09024017201164017,0.007939326298701298,0.03360564769686298,0.19116189486942486,0.04074962569192629,0.01764193816257669,0.09062065739762368,0.007790305397727272
49,0,50,oracle,10.0,,all,0.0,False,generated,17.426050662994385,out/runs/49f_seed0_steps50/oracle_s10,0.1201055896726103,0.4102735020921406,0.2067181632583136,0.07767112846616074,0.20604260527147988,0.05450994318181817,0.11591386492826534,0.39324853819683064,0.20047684732889717,0.07564316815786051,0.19328153693033062,0.050984172077922066,0.11643783052130846,0.3953766586837444,0.20125701182007424,0.07589666319639804,0.19487667047297427,0.05142489346590909
49,0,50,oracle,10.0,late,all,0.5,False,generated,12.47426462173462,out/runs/49f_seed0_steps50/oracle_s10_late,0.12285028074037257,0.4467738195845523,0.18876210712503322,0.07637400228929903,0.21971898020938277,0.06072443181818181,0.11865035205770712,0.4297428078840347,0.18204209821134532,0.07450738114271828,0.20775575962353204,0.05529626623376623,0.11917534314304029,0.4318716843465994,0.18288209932555627,0.07474070878604089,0.20925116219676337,0.05597478693181818
49,0,50,oracle,10.0,pos,pos,0.0,False,generated,17.427499771118164,out/runs/49f_seed0_steps50/oracle_s10_pos,0.20118403222147888,0.7110396000628121,0.3238358888418652,0.13681806636090227,0.39311021462657125,0.13760653409090906,0.20033727829111012,0.7043055051567574,0.32247685414569094,0.13650039664183147,0.38723150990792315,0.1309101055194805,0.2004431225324062,0.7051472670200143,0.3226467334827127,0.13654010535671532,0.38796634799775415,0.1317471590909091
49,0,50,oracle,10.0,x0,all,0.0,True,generated,7.4955735206604,out/runs/49f_seed0_steps50/oracle_s10_x0,0.0409797518900342,0.2177266288187274,0.18467849201841435,0.021734997204215026,0.11039776159055534,0.028764204545454544,0.03723387072606083,0.20522527822476722,0.1808692409725106,0.019378416230315033,0.09982409031993163,0.02247362012987013,0.0377021058715575,0.20678794704901227,0.18134539735324856,0.019672988852052535,0.10114579922875958,0.023259943181818184
49,0,50,oracle,1.0,late,all,0.5,False,generated,12.46287226676941,out/runs/49f_seed0_steps50/oracle_s1_late,0.23972567995637184,1.0898954010761268,1.9051525954037696,0.11787810633324752,0.7214883834540164,0.2943892045454546,0.24093037747810828,1.1016268055900296,1.8804364510414697,0.11818405256571383,0.7235597195614646,0.30301339285714285,0.2407797902878912,1.1001603800257918,1.8835259690867572,0.11814580928665555,0.7233008025480335,0.3019353693181818
49,0,50,oracle,1.0,pos,pos,0.0,False,generated,17.468483924865723,out/runs/49f_seed0_steps50/oracle_s1_pos,0.09390918670831389,0.4313955865199556,0.08026474918921085,0.07016299429708928,0.30216669349124314,0.029829545454545452,0.09763155347875895,0.440306561378944,0.0877984854429298,0.06933518020025493,0.2967417645259763,0.030184659090909092,0.0971662576324533,0.4391926895215704,0.08685676841121494,0.06943865696235924,0.29741988064663466,0.030140269886363633
49,0,50,oracle,1.0,x0,all,0.0,True,generated,7.501425266265869,out/runs/49f_seed0_steps50/oracle_s1_x0,0.01920238730002198,0.12240832161442,0.026631857456008812,0.010931986392118257,0.051948661061265514,0.0001775568181818182,0.019026178808709698,0.12134110405934306,0.02686656211592935,0.010935487466634404,0.04894065395828425,0.00020292207792207794,0.019048204870123736,0.12147450625372769,0.026837224033439282,0.010935049832319885,0.04931665484615691,0.00019975142045454544
49,0,50,oracle,3.0,,all,0.0,False,generated,17.422350883483887,out/runs/49f_seed0_steps50/oracle_s3,0.03207199948729788,0.16233136159869763,0.06339079741311865,0.01931543396651145,0.06846085493874254,0.00390625,0.03063459554279536,0.158890243366278,0.06161349113909574,0.018625590824931038,0.06375821284417442,0.002460430194805195,0.030814271035858175,0.15932038314533042,0.0618356544233486,0.018711821217628592,0.06434604310599544,0.0026411576704545455
49,0,50,oracle,3.0,late,all,0.5,False,generated,12.466899633407593,out/runs/49f_seed0_steps50/oracle_s3_late,0.1780552669831479,0.7547429983468286,0.3821783951491332,0.0919708448137237,0.4945293497404743,0.13831676136363635,0.17245431151148807,0.7453582203202629,0.35756184020399634,0.0886489010393392,0.4783238080459689,0.12779017857142858,0.17315443094544555,0.7465313175735836,0.3606389095721385,0.08906414401113727,0.48034950075778216,0.12910600142045453
49,0,50,oracle,3.0,pos,pos,0.0,False,generated,17.44839358329773,out/runs/49f_seed0_steps50/oracle_s3_pos,0.06839086988968365,0.33255319963876073,0.10850012264338904,0.04837820373096888,0.1943199653122252,0.030007102272727272,0.06811301811576075,0.3288309139693927,0.1077648605615754,0.04722422370492113,0.18403513802094856,0.03021002435064935,0.06814774958750111,0.3292961996780637,0.10785676832180209,0.047368471208177096,0.18532074143235816,0.03018465909090909
49,0,50,oracle,3.0,x0,all,0.0,True,generated,7.5065696239471436,out/runs/49f_seed0_steps50/oracle_s3_x0,0.022468291618202043,0.13326337312893424,0.05265640264604908,0.01258010801265158,0.057085382023177395,0.002840909090909091,0.021539683797618638,0.1295587187277227,0.05070638312568939,0.012356207302805861,0.052482704446764276,0.0019023944805194805,0.02165575977519156,0.13002180052787415,0.05095013556573435,0.012384194891536575,0.05305803914381591,0.002019708806818182
49,0,50,rollout1,0.03,,all,0.0,False,generated,39.20371747016907,out/runs/49f_seed0_steps50/rollout1_s0.03,0.15126628272473797,0.8645976590226605,2.960305390515919,0.06011134354887644,0.5085508860252415,0.14417613636363635,0.15551696381051947,0.8766225804727299,2.944454084656073,0.0629117608084729,0.519509773705094,0.16167816558441558,0.15498562867479676,0.8751194652914712,2.946435497888554,0.06256170865102334,0.5181399127451125,0.15949041193181818
49,0,50,rollout1,0.03,late,all,0.5,False,generated,22.816328287124634,out/runs/49f_seed0_steps50/rollout1_s0.03_late,0.15396747310368386,0.8742057622851487,2.969738601632031,0.061563782671777846,0.5182056771496699,0.14701704545454544,0.1584397926876934,0.8873641769244404,2.9486653853096496,0.06418552301759009,0.5248908623627434,0.16586343344155846,0.15788075273969218,0.8857193750945289,2.9512995373499473,0.06385780547436357,0.5240552142111092,0.1635076349431818
49,0,50,rollout1,0.03,paper,all,0.0,False,paper,60.91206192970276,out/runs/49f_seed0_steps50/rollout1_s0.03_paper,0.1493239146837203,0.8473772284548559,2.9590168147213287,0.060102442949388005,0.5022216669099375,0.14666193181818182,0.15513817842841743,0.8744019101762054,2.9428823234863075,0.06332609941874794,0.5180973508913069,0.16238839285714285,0.15441139546033028,0.8710238249610367,2.9448991348906848,0.06292314236007794,0.5161128903936358,0.1604225852272727
49,0,50,rollout1,0.03,pos,pos,0.0,False,generated,38.83529996871948,out/runs/49f_seed0_steps50/rollout1_s0.03_pos,0.14402873419626994,0.8362424784326498,2.9651908258892146,0.05354387159253742,0.4887731877461591,0.12038352272727272,0.1476668212588707,0.8507122230036226,2.947540509717873,0.05616604527221066,0.49643755564857844,0.13567877435064934,0.14721206037604562,0.8489035049322511,2.949746799239291,0.0558382735622515,0.4954795096607759,0.13376686789772724
49,0,50,rollout1,0.03,x0,all,0.0,True,generated,29.420162439346313,out/runs/49f_seed0_steps50/rollout1_s0.03_x0,0.15263801295211882,0.8668551900849977,2.966593441123478,0.06042753088957545,0.5079834801992256,0.14701704545454544,0.15782450447072072,0.8852303393946822,2.948503089288111,0.063553838107982,0.5220186165797992,0.16403713474025974,0.15717619303089547,0.8829334457309717,2.9507643832675323,0.06316304970568118,0.5202642245322275,0.16190962357954544
49,0,50,rollout1,0.1,,all,0.0,False,generated,37.114124059677124,out/runs/49f_seed0_steps50/rollout1_s0.1,0.14039825837569708,0.8147247174353051,2.937834890024861,0.05431728737009263,0.47808176048026857,0.1301491477272727,0.14461443587217251,0.8356590997773147,2.922648037944917,0.05706409215425907,0.49206994354936884,0.13801237824675322,0.14408741368511307,0.8330423019845634,2.9245463944549095,0.05672074155623827,0.49032142066573126,0.13702947443181818
49,0,50,rollout1,0.1,late,all,0.5,False,generated,22.536368131637573,out/runs/49f_seed0_steps50/rollout1_s0.1_late,0.14613807934716747,0.8505639719829676,2.9682073622056278,0.057824361977229954,0.5004361452734071,0.1360085227272727,0.15331323845463737,0.871708579274867,2.9434375739008507,0.06123810660492229,0.5160989528133288,0.15409395292207792,0.15241634356620365,0.8690655033633797,2.946533797438948,0.06081138852646075,0.5141411018708386,0.15183327414772724
49,0,50,rollout1,0.1,paper,all,0.0,False,paper,59.753363847732544,out/runs/49f_seed0_steps50/rollout1_s0.1_paper,0.1351313446651317,0.7849192523006165,2.9221124650828867,0.055260339729021196,0.46615913899644046,0.13299005681818182,0.1445634063509124,0.8315959222602954,2.916862578545899,0.0589073652980923,0.49051236157981215,0.1476765422077922,0.14338439864018981,0.8257613385153355,2.917518814363022,0.05845148710195841,0.4874682087568907,0.14584073153409088
49,0,50,rollout1,0.1,pos,pos,0.0,False,generated,39.249977588653564,out/runs/49f_seed0_steps50/rollout1_s0.1_pos,0.12292994621225899,0.7626370483340459,2.9631496966249364,0.040826650180159185,0.43840773674098765,0.06569602272727272,0.12783863209780102,0.7818859056408369,2.9384692388875373,0.04255652347693441,0.44628163797022535,0.07497970779220778,0.12722504636210824,0.7794797984774882,2.9415542961047123,0.042340289314837506,0.4452974003165706,0.07381924715909091
49,0,50,rollout1,0.1,x0,all,0.0,True,generated,29.619930505752563,out/runs/49f_seed0_steps50/rollout1_s0.1_x0,0.14571493825239346,0.8408465196143079,2.9536060694288313,0.05665695200168462,0.49252419835134376,0.13174715909090906,0.1508224583991118,0.8589662733130589,2.9405255826379557,0.05980660695778434,0.506035608105402,0.14775263798701296,0.150184018380772,0.856701304100715,2.942160643486815,0.05941290008827188,0.5043466818861446,0.145751953125
49,0,50,rollout1,0.3,,all,0.0,False,generated,38.77857971191406,out/runs/49f_seed0_steps50/rollout1_s0.3,0.124164972048906,0.7450800708449976,2.903601722948345,0.04835954005274719,0.44598921399702973,0.10458096590909088,0.12671372191305408,0.7596625452735376,2.878098103295109,0.050158931345777535,0.45072475007455537,0.11277394480519479,0.12639512818003557,0.7578397359699701,2.8812860557517634,0.04993400743414875,0.45013280806486466,0.1117498224431818
49,0,50,rollout1,0.3,late,all,0.5,False,generated,22.365255117416382,out/runs/49f_seed0_steps50/rollout1_s0.3_late,0.1375795526016348,0.8217961014260589,2.9592094055041613,0.05363609719755506,0.48467459096602294,0.119140625,0.14245492829560186,0.8373215416495462,2.932579686197478,0.05659563866522688,0.49562702452372254,0.12875405844155843,0.14184550633385598,0.8353808616216103,2.9359084011108134,0.056225695981767895,0.4942579703290102,0.12755237926136362
49,0,50,rollout1,0.3,paper,all,0.0,False,paper,58.79541039466858,out/runs/49f_seed0_steps50/rollout1_s0.3_paper,0.12042910053328984,0.7234068916411727,2.870086272817157,0.051449701703029586,0.42891961330482864,0.12375710227272727,0.1219232195419653,0.7308815827155796,2.865704333745363,0.05209145062895252,0.4328647368765198,0.1256087662337662,0.12173645466588086,0.7299472463312787,2.8662520761293373,0.05201123201321215,0.43237159643005846,0.12537730823863635
49,0,50,rollout1,0.3,pos,pos,0.0,False,generated,38.01916718482971,out/runs/49f_seed0_steps50/rollout1_s0.3_pos,0.11353335750059224,0.7267314551359406,2.9672853977476876,0.02960606969766543,0.41369209355523606,0.008167613636363638,0.11411276807231327,0.7398958897134217,2.9292107142645176,0.029603979167120913,0.41804557717488366,0.011693384740259742,0.11404034175084814,0.7382503353912365,2.933970049699914,0.02960424048343898,0.41750139172242773,0.011252663352272728
49,0,50,rollout1,0.3,x0,all,0.0,True,generated,28.822462797164917,out/runs/49f_seed0_steps50/rollout1_s0.3_x0,0.1308716327358807,0.7769626378136805,2.9280626065289406,0.051785868990568015,0.46782224677127066,0.09712357954545453,0.13465040976163284,0.7980092765350484,2.9095491187855935,0.05334842288213613,0.480476783224582,0.10468242694805194,0.1341780626334138,0.7953784466948775,2.9118633047535116,0.053153103645690106,0.47889496616791805,0.10373757102272727
49,0,50,rollout1,1.0,,all,0.0,False,generated,37.75619435310364,out/runs/49f_seed0_steps50/rollout1_s1,0.11736728484779566,0.697348084261129,2.8473500075650158,0.053334078234918335,0.44191814324656953,0.09659090909090907,0.11679484062610637,0.7007053730859829,2.849643773916853,0.051994431239867744,0.43964335959347595,0.08898133116883114,0.11686639615381753,0.7002857119828761,2.8493570531228736,0.052161887114249066,0.43992770755011257,0.08993252840909088
49,0,50,rollout1,10.0,,all,0.0,False,generated,37.38127398490906,out/runs/49f_seed0_steps50/rollout1_s10,0.28410376913667673,1.3303943304801562,3.2864320194710244,0.21799575665747273,1.0903369113983163,0.18217329545454544,0.2860067934739598,1.3465743974970177,3.2894982948917653,0.21829366958871482,1.0946320836874948,0.17895190746753245,0.28576891543179944,1.3445518891199102,3.2891150104641733,0.21825643047230955,1.0940951871513476,0.1793545809659091
49,0,50,rollout1,10.0,late,all,0.5,False,generated,22.95707130432129,out/runs/49f_seed0_steps50/rollout1_s10_late,0.2703394369937311,1.2526128284674698,3.0314616010827127,0.19906847407062386,1.0034726709750752,0.12073863636363635,0.27265379535585593,1.2561552386471497,2.97522440749538,0.199016436950169,0.9994699253609828,0.12018060064935064,0.27236450056059036,1.2557124373746897,2.982254056693797,0.19902294159022582,0.9999702685627443,0.12025035511363634
49,0,50,rollout1,10.0,paper,all,0.0,False,paper,57.9488251209259,out/runs/49f_seed0_steps50/rollout1_s10_paper,0.29675544676965726,1.3882919868222094,3.212838692943229,0.25040792524225797,1.2116877992146136,0.20880681818181818,0.3024876696612556,1.4205221879621175,3.302176609865223,0.2544181512756373,1.230667250694299,0.22034801136363633,0.3017711417998058,1.4164934128196291,3.291009370249973,0.25391687302146493,1.2282948192593384,0.2189053622159091
49,0,50,rollout1,10.0,pos,pos,0.0,False,generated,40.60654354095459,out/runs/49f_seed0_steps50/rollout1_s10_pos,0.5735464417582721,1.9016796894198762,3.409293634517016,0.19822636903241733,1.2268215744431115,0.0537997159090909,0.5543114327093303,1.8655135201537867,3.4517603038230016,0.19520931562893853,1.2059586833102265,0.056894277597402586,0.556715808840448,1.8700342913120478,3.4464519701597536,0.1955864473043734,1.208566544701837,0.05650745738636362
49,0,50,rollout1,10.0,x0,all,0.0,True,generated,27.67922830581665,out/runs/49f_seed0_steps50/rollout1_s10_x0,0.3901819353394622,1.7134459053636417,2.962475212221295,0.3070720444187844,1.5296472966925827,0.00870028409090909,0.39043540887921857,1.7084803782094027,2.996254183689135,0.30656946459281514,1.5362574188155078,0.008674918831168832,0.39040372468674905,1.7091010691036828,2.9920318122556546,0.30663228707106127,1.5354311535501424,0.008678089488636364
49,0,50,rollout1,1.0,late,all,0.5,False,generated,22.208568572998047,out/runs/49f_seed0_steps50/rollout1_s1_late,0.1319409417069953,0.7743936769954161,2.928400739963446,0.05748771956551704,0.4841030325098109,0.09623579545454544,0.1387687545574294,0.8064702641683218,2.905823076403657,0.06006503742944802,0.4966286519907185,0.10696530032467533,0.13791527795112513,0.8024606907717086,2.908645284348631,0.059742872696456645,0.4950629495556051,0.10562411221590909
49,0,50,rollout1,1.0,paper,all,0.0,False,paper,57.40184760093689,out/runs/49f_seed0_steps50/rollout1_s1_paper,0.1124928248535348,0.6519831443798672,2.783678899879533,0.0577495128466799,0.4195834555001988,0.11310369318181816,0.11163666995512844,0.660705195852332,2.841456389850276,0.05680761675111908,0.4235324328185755,0.10473315746753245,0.11174368931742923,0.659614939418274,2.834234203603933,0.05692535376306419,0.4230388106537784,0.10577947443181818
49,0,50,rollout1,1.0,pos,pos,0.0,False,generated,37.17125177383423,out/runs/49f_seed0_steps50/rollout1_s1_pos,0.15734205294053805,0.9061607715427049,3.0254612548289126,0.04104519927491833,0.5226961712362572,0.016867897727272728,0.16371324672722523,0.9478362925268822,3.0078636774569305,0.04247638875318852,0.5454335128919289,0.01481331168831169,0.1629168475038893,0.9426268524038599,3.010063374628428,0.04229749006840475,0.54259134518497,0.015070134943181818
49,0,50,rollout1,1.0,x0,all,0.0,True,generated,27.587328910827637,out/runs/49f_seed0_steps50/rollout1_s1_x0,0.11863678554656218,0.7505428429715475,2.8409899837463537,0.0675886366710618,0.5684612535376168,0.03409090909090909,0.11784344426123261,0.7485301703798404,2.833380263973521,0.06729518101842295,0.5681431561658035,0.029829545454545452,0.11794261192189881,0.7487817544538037,2.834331478945125,0.06733186297500282,0.5681829183372802,0.030362215909090905
49,0,50,rollout1,3.0,,all,0.0,False,generated,37.15122437477112,out/runs/49f_seed0_steps50/rollout1_s3,0.15105796123115509,0.8128102702520659,2.8992104357756037,0.08186417326549797,0.5640082371639894,0.11523437499999997,0.14953603652798386,0.8236542197963789,2.9663094881518504,0.0825610907105763,0.5733673851007739,0.1071682224025974,0.14972627711588027,0.8222987261033398,2.95792210660482,0.08247397602994151,0.5721974916086758,0.10817649147727271
49,0,50,rollout1,3.0,late,all,0.5,False,generated,22.238078117370605,out/runs/49f_seed0_steps50/rollout1_s3_late,0.15486341393212844,0.8319288910823802,2.8982516392536937,0.08381352845729612,0.5772978136294173,0.09588068181818181,0.16698938305245412,0.8892034218476255,2.8695688023662465,0.08904320035198346,0.6050466819386447,0.11201298701298701,0.1654736369124134,0.8820441055019699,2.8731541569771775,0.08838949136514757,0.6015780733999914,0.10999644886363635
49,0,50,rollout1,3.0,paper,all,0.0,False,paper,57.07528257369995,out/runs/49f_seed0_steps50/rollout1_s3_paper,0.14795550803482213,0.788277301648382,2.8697246641011356,0.09436904104503716,0.5799671089055316,0.12446732954545453,0.14675358268942898,0.7908377567788829,2.9357743348941887,0.09488950190032182,0.5790261628331572,0.1264458198051948,0.1469038233576031,0.7905176998875703,2.9275181260450576,0.09482444429341122,0.579143781092204,0.12619850852272727
49,0,50,rollout1,3.0,pos,pos,0.0,False,generated,37.226341009140015,out/runs/49f_seed0_steps50/rollout1_s3_pos,0.2738154963183157,1.2984433225422791,3.1436615555244716,0.09438399266936762,0.7972761902049197,0.0498934659090909,0.28119814941088556,1.3257464454596446,3.1702855844184876,0.09569968477523169,0.8048037780526326,0.046748173701298704,0.2802753177743143,1.3223335550949735,3.1669575808067356,0.09553522326199868,0.8038628295716683,0.04714133522727272
49,0,50,rollout1,3.0,x0,all,0.0,True,generated,27.205864906311035,out/runs/49f_seed0_steps50/rollout1_s3_x0,0.17847266489903296,1.0510462621317744,2.8450437208633774,0.13305766277822356,0.9185506505834701,0.014914772727272728,0.17698678134208093,1.0442179160485596,2.8324611552541765,0.13211657277640926,0.9152490361713855,0.010856331168831168,0.17717251678669993,1.0450714593089616,2.834033975955327,0.13223420902663607,0.9156617379728962,0.011363636363636364
49,0,50,rollout5,0.03,,all,0.0,False,generated,90.63574075698853,out/runs/49f_seed0_steps50/rollout5_s0.03,0.14786736085564023,0.8468489110172941,2.951515667045867,0.05944317437323594,0.49461075850652786,0.14612926136363635,0.1539996113275675,0.8673962651922685,2.9355912512476587,0.06267854847910427,0.5127961865363921,0.1613484172077922,0.1532330800185766,0.8648278459203969,2.937581803222435,0.06227412671587073,0.510523008032659,0.1594460227272727
49,0,50,rollout5,0.03,late,all,0.5,False,generated,48.248377084732056,out/runs/49f_seed0_steps50/rollout5_s0.03_late,0.15267222367228583,0.8664598883181893,2.96547154524702,0.0614724547175825,0.5134039286050112,0.1496803977272727,0.15817131416700586,0.8836658822625333,2.9454220581383206,0.06404594679099954,0.5205224158758427,0.1643668831168831,0.15748392785516585,0.8815151330194902,2.9479282440269086,0.0637242602818224,0.5196326049669888,0.1625310724431818
49,0,50,rollout5,0.03,paper,all,0.0,False,paper,103.63725399971008,out/runs/49f_seed0_steps50/rollout5_s0.03_paper,0.14917117224549784,0.844344315593494,2.9543425325205686,0.05814923264633713,0.49408533496498597,0.14009232954545453,0.15432106470726487,0.8651629412981597,2.93342455691686,0.06256335272932954,0.5115544453773345,0.16018161525974023,0.15367732814954402,0.8625606130850765,2.936039303867324,0.06201158771895549,0.5093708065757909,0.15767045454545453
49,0,50,rollout5,0.03,pos,pos,0.0,False,generated,88.664222240448,out/runs/49f_seed0_steps50/rollout5_s0.03_pos,0.1457075529873997,0.836330748038965,2.962930751837995,0.05617468633799522,0.48509350796551287,0.13334517045454541,0.1524014019920685,0.8593588487801943,2.938736300116775,0.06065494308875819,0.5035050426586704,0.1545505275974026,0.1515646708664849,0.8564803361875406,2.9417606065819273,0.06009491099491282,0.5012036008220256,0.15189985795454547
49,0,50,rollout5,0.03,x0,all,0.0,True,generated,72.83047127723694,out/runs/49f_seed0_steps50/rollout5_s0.03_x0,0.15213278861044266,0.8674012266953708,2.961640805068412,0.06033234730620248,0.5074091080053976,0.14719460227272724,0.15745772503830757,0.8813913658585478,2.943562441449438,0.0637411195148556,0.5191983969371715,0.16375811688311684,0.15679210798482446,0.8796425984631506,2.94582223690181,0.06331502298877395,0.5177247358206998,0.16168767755681818
49,0,50,rollout5,0.1,,all,0.0,False,generated,89.66143441200256,out/runs/49f_seed0_steps50/rollout5_s0.1,0.13180112976682315,0.7589833645008124,2.905209602435275,0.05193142074487175,0.4396775433246405,0.12393465909090906,0.14132737795250566,0.8079848340077854,2.896779336625486,0.05680267021670081,0.4689894295545554,0.14199472402597402,0.1401365969292953,0.8018596503194138,2.8978331198517098,0.05619376403272217,0.465325443775816,0.13973721590909088
49,0,50,rollout5,0.1,late,all,0.5,False,generated,46.01733922958374,out/runs/49f_seed0_steps50/rollout5_s0.1_late,0.14525618251010897,0.8357541870645389,2.9558325325709642,0.058202341921824385,0.4877537628056416,0.14080255681818182,0.1519523991890044,0.859205298732679,2.9340645570869994,0.06121825687874094,0.5024404243858198,0.1533583603896104,0.1511153721041425,0.8562739097741614,2.9367855540224954,0.06084126750912638,0.5006045916882976,0.15178888494318182
49,0,50,rollout5,0.1,paper,all,0.0,False,paper,106.03499984741211,out/runs/49f_seed0_steps50/rollout5_s0.1_paper,0.13350906591525746,0.7642423500658821,2.90587776607812,0.05379130090051266,0.4523266136057228,0.12943892045454544,0.14192856958953412,0.8038330162479117,2.8963137766838245,0.0570715271079875,0.4726883715240772,0.14199472402597402,0.14087613163024956,0.798884182975158,2.8975092753581113,0.05666149883205314,0.4701431517842829,0.14042524857954544
49,0,50,rollout5,0.1,pos,pos,0.0,False,generated,85.47837471961975,out/runs/49f_seed0_steps50/rollout5_s0.1_pos,0.1357186944686842,0.7871975245094047,2.9472364407489233,0.05069270069506423,0.4492380560642898,0.11168323863636362,0.13911386705512904,0.8004588004527129,2.916331684573785,0.052712610300836016,0.455108505493551,0.12243810876623375,0.13868947048182342,0.7988011409597995,2.9201947790956773,0.05246012160011454,0.4543746993148933,0.12109374999999999
49,0,50,rollout5,0.1,x0,all,0.0,True,generated,70.36159610748291,out/runs/49f_seed0_steps50/rollout5_s0.1_x0,0.1448789864218824,0.8260675784750414,2.9445851225312314,0.056247516931364275,0.4803566065909358,0.12961647727272727,0.15009137533959177,0.8505486651259153,2.927895769288741,0.06050610501695652,0.4959652924101084,0.1501369724025974,0.1494398267248781,0.8474885292945562,2.929981938444052,0.05997378150625748,0.4940142066827118,0.14757191051136362
49,0,50,rollout5,0.3,,all,0.0,False,generated,85.70981431007385,out/runs/49f_seed0_steps50/rollout5_s0.3,0.11595522752677011,0.6792856164888413,2.8409184595578005,0.047434094924256126,0.3922201001111711,0.1095525568181818,0.1167528416977142,0.6853981731193066,2.818674306838658,0.04786361437970894,0.3960988329683338,0.10775162337662336,0.11665313992634618,0.6846341035404984,2.821454825928551,0.04780992444777733,0.39561399136118847,0.10797674005681818
49,0,50,rollout5,0.3,late,all,0.5,False,generated,45.74827027320862,out/runs/49f_seed0_steps50/rollout5_s0.3_late,0.13603900150858506,0.785519863197224,2.928504053171399,0.05421162853262229,0.4544297920033492,0.12162642045454544,0.14222861115512725,0.81108888926143,2.9029047035121067,0.057762014149620865,0.47179446040804357,0.13646509740259738,0.14145490994930948,0.8078927610034043,2.906104622219518,0.057318215947496046,0.46962387685745677,0.13461026278409088
49,0,50,rollout5,0.3,paper,all,0.0,False,paper,98.1430139541626,out/runs/49f_seed0_steps50/rollout5_s0.3_paper,0.12090887726565874,0.678117810797025,2.832530892783085,0.04886891697306271,0.4017622307840719,0.10529119318181818,0.11955968737188834,0.6818287236059727,2.8144752594020352,0.04831837764299147,0.3969998677070376,0.10526582792207792,0.11972833610860964,0.6813648595048541,2.8167322135746664,0.048387195059250376,0.397595163091667,0.10526899857954544
49,0,50,rollout5,0.3,pos,pos,0.0,False,generated,81.92567348480225,out/runs/49f_seed0_steps50/rollout5_s0.3_pos,0.13157374695549123,0.7367364900584489,2.935170714525527,0.047870248939852686,0.39489668897769326,0.09818892045454544,0.13389062908542249,0.7492273440267613,2.8960035748421995,0.04809489799894905,0.3998693489331197,0.09882305194805194,0.13360101881918107,0.7476659872807223,2.900899467302615,0.04806681686656201,0.3992477664386914,0.09874378551136362
49,0,50,rollout5,0.3,x0,all,0.0,True,generated,73.60810804367065,out/runs/49f_seed0_steps50/rollout5_s0.3_x0,0.13070559673024243,0.7480851349714599,2.891139778551552,0.05153796449232617,0.43185495290383724,0.10085227272727271,0.13729113199144735,0.7821580258378757,2.874362156047607,0.05550864361642795,0.45444796291428974,0.11429586038961038,0.13646794008379676,0.7778989144795738,2.8764593588606004,0.05501230872591523,0.45162383666298317,0.11261541193181818
49,0,50,rollout5,1.0,,all,0.0,False,generated,85.23948335647583,out/runs/49f_seed0_steps50/rollout5_s1,0.11775098024280545,0.6360830725913753,2.715276717215122,0.05516788590381866,0.3827595379781049,0.09303977272727271,0.11947614386083265,0.6469545800965932,2.72070499563211,0.05536539562070096,0.3856929285298881,0.10100446428571427,0.11926049840857926,0.645595641658441,2.7200264608299864,0.05534070690609067,0.3853262547109152,0.10000887784090907
49,0,50,rollout5,10.0,,all,0.0,False,generated,87.87664771080017,out/runs/49f_seed0_steps50/rollout5_s10,0.31247869671869943,1.1582978146020675,2.7515501910567184,0.23591069381488944,0.8751954470830988,0.1429332386363636,0.3139580228231906,1.1652664745403112,2.7594146266496535,0.23592433560915374,0.8812157587712931,0.14960430194805194,0.31377310706012923,1.1643953920480306,2.758431572200536,0.2359226303848707,0.8804632198102689,0.14877041903409088
49,0,50,rollout5,10.0,late,all,0.5,False,generated,44.52204370498657,out/runs/49f_seed0_steps50/rollout5_s10_late,0.30900227700164445,1.1312542056368216,2.6951131141210083,0.2228228830836957,0.8363844360822181,0.1340553977272727,0.3092059417404204,1.1409989806445189,2.5961464094586555,0.22536774078263067,0.8387098173171855,0.14019379058441556,0.3091804836480734,1.1397808837685568,2.6085172475414495,0.2250496335702638,0.8384191446628148,0.1394264914772727
49,0,50,rollout5,10.0,paper,all,0.0,False,paper,100.2678554058075,out/runs/49f_seed0_steps50/rollout5_s10_paper,0.49258119138080314,1.4184068364794198,2.8356496081870834,0.35049319724674377,1.111770631075329,0.13352272727272727,0.5046294198995224,1.4534110436599719,2.8837094934960006,0.35621225783875243,1.1389822239484446,0.14955357142857142,0.5031233913346823,1.449035517762403,2.877702007832386,0.3554973752647513,1.1355807748393054,0.14754971590909088
49,0,50,rollout5,10.0,pos,pos,0.0,False,generated,90.85105299949646,out/runs/49f_seed0_steps50/rollout5_s10_pos,1.1160826803231632,2.2520120227096205,2.873171784950185,0.7615050056808026,0.9224582812807881,0.12571022727272727,1.0896883622664535,2.234906008666556,2.887273450687597,0.7543945375420048,0.9242557577833843,0.1226663961038961,1.0929876520235422,2.237044260421939,2.8855107424704203,0.7552833460593544,0.9240310732205599,0.12304687499999999
49,0,50,rollout5,10.0,x0,all,0.0,True,generated,63.42158341407776,out/runs/49f_seed0_steps50/rollout5_s10_x0,1.6345204964277507,2.5217991826002257,2.818905186600964,1.066777876532682,1.0767337814952942,0.15642755681818182,1.6437420898922015,2.5366541074215108,2.8551605882886077,1.075952400202189,1.0727641132049854,0.14709314123376624,1.6425893907091451,2.53479724181885,2.8506286630776523,1.0748055847435007,1.073260321741274,0.14825994318181818
49,0,50,rollout5,1.0,late,all,0.5,False,generated,48.067442178726196,out/runs/49f_seed0_steps50/rollout5_s1_late,0.1461739477299738,0.7649458406969354,2.844616713592976,0.06532908560395984,0.46023337662743324,0.12659801136363635,0.15651134730583133,0.8163658497785112,2.821688535950151,0.0689191613965457,0.4837769576305509,0.1346895292207792,0.1552191723588491,0.8099383486433143,2.824554558155504,0.06847040192247247,0.48083401000516124,0.13367808948863635
49,0,50,rollout5,1.0,paper,all,0.0,False,paper,95.51520848274231,out/runs/49f_seed0_steps50/rollout5_s1_paper,0.12299918640743018,0.6189254667050689,2.707720086426799,0.05731156212485238,0.3819493970035603,0.09215198863636362,0.11961807703949894,0.613006399872679,2.722837100051873,0.05507685063264708,0.3736815574511783,0.08327414772727271,0.12004071571049035,0.6137462832267278,2.7209474733487395,0.055356189569172744,0.37471503739522605,0.08438387784090907
49,0,50,rollout5,1.0,pos,pos,0.0,False,generated,85.78837966918945,out/runs/49f_seed0_steps50/rollout5_s1_pos,0.2212479791548856,0.9707140862339787,2.8888117757411926,0.09815351605247968,0.4560158137330315,0.13370028409090906,0.22007911630181762,0.9844383208798407,2.8965384832800067,0.09880362548020973,0.46823294285086975,0.1457234172077922,0.22022522415845108,0.9827227915491079,2.895572644837655,0.09872236180174347,0.4667058017111399,0.1442205255681818
49,0,50,rollout5,1.0,x0,all,0.0,True,generated,69.98429608345032,out/runs/49f_seed0_steps50/rollout5_s1_x0,0.1492159699406373,0.7735159949066392,2.7495861985901406,0.08291171281949097,0.5337341321864778,0.05841619318181817,0.14904574818881455,0.768486486120227,2.7375912064393613,0.08288055583572537,0.5293563155115747,0.05727475649350649,0.1490670259077924,0.7691151747185285,2.7390905804582086,0.08288445045869607,0.5299035425959375,0.05741743607954544
49,0,50,rollout5,3.0,,all,0.0,False,generated,85.0023250579834,out/runs/49f_seed0_steps50/rollout5_s3,0.17100297079013313,0.7687974001635437,2.6748764628363624,0.09790646854322234,0.5052772330337436,0.12144886363636363,0.17069268795954476,0.7752102301275567,2.7098276406599298,0.09799645446755219,0.5036019588464711,0.11622362012987011,0.17073147331336833,0.7744086263820551,2.7054587434319837,0.09798520622701096,0.5038113681198801,0.1168767755681818
49,0,50,rollout5,3.0,late,all,0.5,False,generated,44.455246686935425,out/runs/49f_seed0_steps50/rollout5_s3_late,0.19630758358745737,0.8726224509082338,2.709337978250785,0.10788731413879077,0.5578047165090725,0.13831676136363635,0.2038497247444821,0.9023213305247522,2.684544062956643,0.11116744042945481,0.5710848475914179,0.14813311688311687,0.20290695709985399,0.8986089705726874,2.6876433023684103,0.11075742464312181,0.5694248312061247,0.1469060724431818
49,0,50,rollout5,3.0,paper,all,0.0,False,paper,95.2689516544342,out/runs/49f_seed0_steps50/rollout5_s3_paper,0.18634190464772343,0.7584894943865934,2.6841480447190857,0.10759820724894803,0.5133918187699497,0.1036931818181818,0.19344502895611568,0.7930028262088253,2.7385885248186495,0.11100698671852184,0.5338744566500374,0.10354099025974024,0.19255713841756666,0.7886886597310464,2.7317834648062043,0.11058088928482512,0.5313141269150264,0.10356001420454544
49,0,50,rollout5,3.0,pos,pos,0.0,False,generated,84.25442385673523,out/runs/49f_seed0_steps50/rollout5_s3_pos,0.4017728348839225,1.3919709770647117,2.8897348429758205,0.2597106709457676,0.6319818049895478,0.14417613636363635,0.41211749186959673,1.4359596504587058,2.9120981666737893,0.26431267157974786,0.6542288389231576,0.1509993912337662,0.4108244097463874,1.4304610662844564,2.9093027512115426,0.26373742150050034,0.6514479596814564,0.150146484375
49,0,50,rollout5,3.0,x0,all,0.0,True,generated,65.6258909702301,out/runs/49f_seed0_steps50/rollout5_s3_x0,0.3080139466211447,1.0870901696323434,2.8106688061355904,0.21218792143805568,0.7249528733716684,0.08860085227272727,0.3255705602246897,1.1126906385024022,2.8606667328993245,0.22020857267573257,0.7297009911733182,0.08877840909090907,0.32337598352424657,1.1094905798936447,2.8544169920538573,0.21920599127102294,0.729107476448112,0.08875621448863635
49,1,100,none,0.0,,all,0.0,False,generated,14.788070440292358,out/runs/49f_seed1_steps100/none,0.1572542301152099,0.8888427971265432,2.9347184119135377,0.06402729275945564,0.5289840167075408,0.1603338068181818,0.16074572439800372,0.8959945534103573,2.930225698715881,0.06662227180187845,0.5351305858675948,0.17869825487012983,0.1603092876126545,0.8951005838748805,2.930787287865588,0.0662978994215756,0.534362264722588,0.17640269886363635
49,1,100,oracle,0.03,,all,0.0,False,generated,34.70313549041748,out/runs/49f_seed1_steps100/oracle_s0.03,0.15608455402094637,0.8826560847243723,2.799954923002333,0.06297439323963916,0.5219744790964598,0.1613991477272727,0.16225888844123773,0.8997734902317452,2.7957452967373655,0.06660967190232901,0.5346526881460576,0.17704951298701296,0.1614870966387013,0.8976338145433236,2.7962715000204867,0.06615526206949277,0.5330679120148578,0.17509321732954544
49,1,100,oracle,0.1,,all,0.0,False,generated,34.734822034835815,out/runs/49f_seed1_steps100/oracle_s0.1,0.15779861034882303,0.8808000029359548,2.4730396042175897,0.06424941224209119,0.5334486173643627,0.16033380681818182,0.159498192075999,0.8840936988082903,2.4686956653664263,0.06517412801406781,0.5232762474003977,0.17042918019480519,0.15928574436010198,0.8836819868242483,2.469238657722822,0.06505853854257074,0.5245477936458932,0.16916725852272727
49,1,100,oracle,0.3,,all,0.0,False,generated,34.70474863052368,out/runs/49f_seed1_steps100/oracle_s0.3,0.161109952463244,0.849708400617007,1.5512689800512574,0.06983673237847521,0.5191239910042091,0.17791193181818182,0.16133908430964353,0.8584744625699867,1.5714169940256917,0.06775736496325246,0.5235467460965234,0.17096185064935066,0.16131044282884358,0.8573787048258643,1.5688984922788873,0.06801728589015531,0.5229939017099842,0.17183061079545453
49,1,100,oracle,1.0,,all,0.0,False,generated,34.711692094802856,out/runs/49f_seed1_steps100/oracle_s1,0.018406528643730893,0.1099325743580806,0.019934161273254605,0.010490629503634039,0.04637356264110805,0.0015980113636363635,0.020056473258500913,0.12225500504300417,0.02260247675141854,0.010708707227728487,0.05133991149604005,0.003196022727272727,0.01985023018165466,0.12071470120738872,0.022268937316648044,0.010681447512216682,0.05071911788917355,0.002996271306818182
49,1,100,oracle,10.0,,all,0.0,False,generated,34.7141010761261,out/runs/49f_seed1_steps100/oracle_s10,0.05235805785084154,0.2208060331803114,0.1168376346689856,0.03375734094540543,0.10003511396247877,0.008700284090909092,0.05096824056421672,0.21146790704012094,0.11266947500519073,0.033221508094301314,0.09226748157393432,0.008522727272727274,0.051141967725044826,0.21263517280764474,0.11319049496316508,0.03328848720068933,0.09323843562250238,0.008544921875
49,1,100,oracle,3.0,,all,0.0,False,generated,34.747077226638794,out/runs/49f_seed1_steps100/oracle_s3,0.018333974759432443,0.1033625011875919,0.030988742219759682,0.01091372061094839,0.038006332762587455,0.0012428977272727273,0.01733943821487899,0.09872640151957181,0.029904196607314186,0.01050050768050401,0.033572560801727026,0.0006848620129870131,0.01746375528294817,0.09930591397807431,0.030039764808869874,0.010552159296809558,0.03412678229683458,0.0007546164772727273
49,1,100,rollout1,0.03,,all,0.0,False,generated,78.46757650375366,out/runs/49f_seed1_steps100/rollout1_s0.03,0.15268262517625514,0.8629554277965231,2.9172201543975986,0.06175472859344002,0.5183412687054048,0.15358664772727273,0.1570887671179147,0.8837658076623505,2.922330343465603,0.06367977963514573,0.5230444244214002,0.16768973214285715,0.15653799937520724,0.881164510179122,2.9216915698321024,0.06343914825493252,0.5224565299569008,0.1659268465909091
49,1,100,rollout1,0.1,,all,0.0,False,generated,74.50865316390991,out/runs/49f_seed1_steps100/rollout1_s0.1,0.14430150699668523,0.8246517381306272,2.8879222601379184,0.05784631414736985,0.48948197959955697,0.14098011363636365,0.14563848724702835,0.8364274877125198,2.905067791115346,0.05834853965754553,0.49409849252604093,0.1482092126623377,0.14547136471573546,0.8349555190147833,2.9029245997431676,0.05828576146877357,0.4935214284102305,0.14730557528409088
49,1,100,rollout1,0.3,,all,0.0,False,generated,72.94755148887634,out/runs/49f_seed1_steps100/rollout1_s0.3,0.13045957810702455,0.772988150236249,2.864763135825358,0.0518373282910488,0.4649602631169292,0.12322443181818181,0.1248745787233307,0.7492931549540557,2.8687125994949048,0.04999813147620454,0.44569167045563013,0.11498072240259738,0.12557270364629242,0.75225502936433,2.8682189165362115,0.05022803107806008,0.44810024453829256,0.11601118607954544
49,1,100,rollout1,1.0,,all,0.0,False,generated,72.46916627883911,out/runs/49f_seed1_steps100/rollout1_s1,0.11699088582382629,0.6877886046670723,2.8354866593167376,0.0529525979640398,0.43714232006771936,0.10138494318181816,0.11734850551985296,0.70052100384168,2.824661612360935,0.0524877608956807,0.44348989953204765,0.09689529220779221,0.11730380305784961,0.6989294539448541,2.826014743230411,0.05254586552922559,0.44269645209900665,0.09745649857954544
49,1,100,rollout1,10.0,,all,0.0,False,generated,73.48724794387817,out/runs/49f_seed1_steps100/rollout1_s10,0.19827152123564454,1.085537360645238,3.077790463519979,0.1716635873315184,0.9545338916635926,0.05362215909090909,0.19740959931165802,1.0901238402093791,3.1297774281289152,0.1699736300458428,0.9574598014705956,0.04958908279220779,0.19751733955215633,1.0895505302638615,3.123279057552798,0.17018487470655225,0.9570940627447202,0.05009321732954544
49,1,100,rollout1,3.0,,all,0.0,False,generated,74.21927571296692,out/runs/49f_seed1_steps100/rollout1_s3,0.129670101165403,0.7652979288945436,2.9715612865720438,0.07567439345652373,0.5598147305405122,0.0772372159090909,0.13121087678073354,0.7664293816533678,2.939119296942736,0.07647081521932485,0.5590499248036723,0.08223417207792207,0.13101827982881722,0.7662879500585149,2.9431745456463996,0.07637126249897469,0.5591455255207772,0.08160955255681816
49,1,100,rollout5,0.03,,all,0.0,False,generated,184.2307276725769,out/runs/49f_seed1_steps100/rollout5_s0.03,0.1514099088294915,0.8598664438071376,2.9067406879251445,0.06179454459314119,0.5096519698165601,0.1573153409090909,0.15530866537616728,0.8703528248351354,2.914936979741998,0.06332397736873592,0.513269198842065,0.16555905032467533,0.15482132080783279,0.8690420272066357,2.9139124432648913,0.06313279827178658,0.5128170452138769,0.16452858664772724
49,1,100,rollout5,0.1,,all,0.0,False,generated,182.63523960113525,out/runs/49f_seed1_steps100/rollout5_s0.1,0.14063629207214706,0.7982675592115933,2.8719173218389926,0.05641354866353783,0.46289508289682735,0.14666193181818182,0.14173769190413535,0.8082355957523106,2.8786280619213502,0.057236449233990024,0.4734807689240959,0.1468141233766234,0.1416000169251368,0.8069895911847209,2.8777892194110555,0.0571335866626835,0.4721575581706874,0.14679509943181818
49,1,100,rollout5,0.3,,all,0.0,False,generated,165.79544186592102,out/runs/49f_seed1_steps100/rollout5_s0.3,0.11437465544882364,0.6759629459081762,2.8127269077725323,0.047157192521954674,0.3928915203945344,0.11061789772727272,0.1190084298204539,0.6956490897864168,2.7995105761254826,0.048843856079589125,0.4007346336101215,0.11673092532467533,0.11842920802400013,0.6931883218016366,2.801162617581364,0.048633023134884816,0.3997542444581731,0.11596679687499999
49,1,100,rollout5,1.0,,all,0.0,False,generated,161.90578317642212,out/runs/49f_seed1_steps100/rollout5_s1,0.1141848136436458,0.6142672307263022,2.6610301468300923,0.053209988417805734,0.37003967950728756,0.09428267045454544,0.11626028355216449,0.6278045738860385,2.687560914128037,0.05383560997536231,0.38001896180805644,0.09534801136363634,0.11600084981359966,0.6261124059910715,2.6842445682157945,0.053757407280667746,0.3787715515204603,0.09521484374999997
49,1,100,rollout5,10.0,,all,0.0,False,generated,172.5184361934662,out/runs/49f_seed1_steps100/rollout5_s10,0.24458558387964685,0.9461175054600766,2.611615707698216,0.18463593853078858,0.7385090919430348,0.11399147727272727,0.238343034903008,0.9366491411534391,2.646352372597648,0.18154069309923543,0.7318200103070565,0.10970474837662338,0.23912335352508785,0.9378326866917688,2.642010289485219,0.1819275987781796,0.7326561455115538,0.11024058948863635
49,1,100,rollout5,3.0,,all,0.0,False,generated,171.41041231155396,out/runs/49f_seed1_steps100/rollout5_s3,0.14378397059702885,0.6871033901749019,2.6531620015610615,0.08487454521243874,0.4643866583900813,0.08842329545454544,0.14510593551358522,0.6949756098691048,2.6501786703602757,0.08588758719399554,0.47559555539486753,0.0889559659090909,0.14494068989901565,0.6939915824073294,2.6505515867603737,0.08576095694630093,0.4741944432692693,0.08888938210227272
49,1,20,none,0.0,,all,0.0,False,generated,3.0742669105529785,out/runs/49f_seed1_steps20/none,0.16188792497528537,0.8902870554004703,2.901409286955636,0.06983222895992751,0.5323981537391539,0.15997869318181818,0.16738124050305,0.9109112936064773,2.899074563361363,0.07185110782019721,0.5437067283210774,0.17235693993506493,0.16669457606207946,0.9083332638307264,2.8993664038106477,0.0715987479626635,0.5422931564983369,0.17080965909090906
49,1,20,oracle,0.03,,all,0.0,False,generated,7.0850536823272705,out/runs/49f_seed1_steps20/oracle_s0.03,0.1673322792817068,0.9092467963923505,2.776347497245918,0.07136410344308225,0.5455256832346265,0.16441761363636362,0.1674701893858695,0.9085177872940887,2.7725021252040696,0.07212634577533869,0.5427000768454878,0.1739549512987013,0.16745295062284912,0.9086089134313714,2.7729827967093,0.07203106548380662,0.5430532776441303,0.1727627840909091
49,1,20,oracle,0.1,,all,0.0,False,generated,7.049667835235596,out/runs/49f_seed1_steps20/oracle_s0.1,0.1658235138509797,0.9004360153875934,2.4717413203206573,0.07082785494634301,0.5459892317503073,0.16743607954545453,0.1668656316560546,0.9000127003019441,2.471208184741682,0.07156048577526665,0.5361033247809573,0.16989650974025974,0.16673536693042026,0.9000656146876503,2.471274826689054,0.0714689069216512,0.5373390631521261,0.1695889559659091
49,1,20,oracle,0.3,,all,0.0,False,generated,7.1026856899261475,out/runs/49f_seed1_steps20/oracle_s0.3,0.16806456957358187,0.8757106155319738,1.6193604922238238,0.07468024537460011,0.5275261706974452,0.17080965909090906,0.16809073692572415,0.8760862592433657,1.6371883629339068,0.07426266500856617,0.5332814072084585,0.17162134740259738,0.1680874660067064,0.8760393037794418,1.6349598790951463,0.07431486255432042,0.5325620026445819,0.17151988636363635
49,1,20,oracle,1.0,,all,0.0,False,generated,7.057258129119873,out/runs/49f_seed1_steps20/oracle_s1,0.07771028860478796,0.3879258914250109,0.10140939441412479,0.041213588307023624,0.20001498658878133,0.03764204545454545,0.07838146485290295,0.38583638707426454,0.10819132818583786,0.04229110107752711,0.20208961981332982,0.037363027597402586,0.07829756782188857,0.3860975751181078,0.10734358646437372,0.04215641198121417,0.2018302906602613,0.03739790482954544
49,1,20,oracle,10.0,,all,0.0,False,generated,7.065987825393677,out/runs/49f_seed1_steps20/oracle_s10,0.4531035382429675,1.366971933177594,0.5091271518650778,0.27752224229281,0.7979568217215851,0.2839133522727273,0.44667719740867146,1.3569106438831986,0.5007907269886145,0.27444737129384733,0.7863519265704655,0.270799512987013,0.44748049001295853,1.358168305044998,0.5018327800981724,0.27483173016871765,0.7878025384643554,0.2724387428977273
49,1,20,oracle,3.0,,all,0.0,False,generated,7.064071893692017,out/runs/49f_seed1_steps20/oracle_s3,0.08948863180352568,0.3793011226672386,0.15447925577059504,0.05496751201957724,0.19732969609805706,0.05717329545454545,0.08357428587915379,0.35233083410251126,0.15204519864523852,0.05151232415978084,0.17313512159407773,0.04558137175324676,0.08431357911970028,0.3557021201731022,0.1523494557859081,0.05194422264225539,0.17615944340707518,0.04703036221590909
49,1,20,rollout1,0.03,,all,0.0,False,generated,16.376784801483154,out/runs/49f_seed1_steps20/rollout1_s0.03,0.15956364471386617,0.8814119809783063,2.8910033793690104,0.06862144303663728,0.5304024547569709,0.1583806818181818,0.16316082049242878,0.8947716440121029,2.891815951824514,0.06906666195615165,0.5315529126276995,0.16446834415584416,0.16271117352010842,0.8931016861328782,2.891714380267576,0.06901100959121236,0.5314091053938584,0.16370738636363635
49,1,20,rollout1,0.1,,all,0.0,False,generated,15.558447122573853,out/runs/49f_seed1_steps20/rollout1_s0.1,0.15120585916611173,0.8444463380459477,2.8570667448170566,0.06312873669966793,0.5026313842207042,0.1416903409090909,0.1514657875668906,0.8490506313408831,2.8762017820054413,0.06398872533785681,0.5040800876101692,0.148538961038961,0.15143329651679327,0.8484750946790163,2.8738099023568933,0.06388122675808319,0.5038989996864861,0.1476828835227273
49,1,20,rollout1,0.3,,all,0.0,False,generated,15.699722290039062,out/runs/49f_seed1_steps20/rollout1_s0.3,0.13425821392919346,0.7714410794164394,2.845899378778608,0.05710028852847761,0.4610960483032027,0.11257102272727272,0.13394977238063807,0.7726065062851764,2.844201346543882,0.0572285597666653,0.4583616244379977,0.12023133116883115,0.13398832757420748,0.7724608279265843,2.8444136005732226,0.057212525861891836,0.4587034274211483,0.11927379261363635
49,1,20,rollout1,1.0,,all,0.0,False,generated,15.34315276145935,out/runs/49f_seed1_steps20/rollout1_s1,0.1413055155814362,0.7652675321527131,2.83480988135501,0.06806135425080825,0.4553905836485745,0.12943892045454544,0.14154296313683126,0.7649013538514685,2.8376406929425166,0.06877842208704414,0.46136077461813535,0.1373275162337662,0.1415132821924069,0.7649471261391241,2.837286841494078,0.06868878860751465,0.46061450074694027,0.13634144176136365
49,1,20,rollout1,10.0,,all,0.0,False,generated,16.452946662902832,out/runs/49f_seed1_steps20/rollout1_s10,0.5664632478997262,2.0133587425580757,3.584316077111904,0.3994815516088268,1.4949550925236346,0.4889914772727272,0.5578385587796815,2.001622999706283,3.521881169872866,0.3976909731398567,1.4942795283213302,0.4801390016233766,0.5589166449196871,2.0030899675627567,3.529685533277746,0.39791479544847796,1.494363973846618,0.4812455610795454
49,1,20,rollout1,3.0,,all,0.0,False,generated,15.156595230102539,out/runs/49f_seed1_steps20/rollout1_s3,0.23438690379036947,1.0630003371644015,3.045360254108353,0.13345203824490326,0.6836596610197337,0.25035511363636365,0.23140258250769014,1.05543832078278,3.046580724687655,0.1331141808910516,0.6765574588658226,0.24076704545454544,0.23177562266802507,1.0563835728304825,3.0464281658652426,0.13315641306028303,0.6774452341350615,0.2419655539772727
49,1,20,rollout5,0.03,,all,0.0,False,generated,35.299211263656616,out/runs/49f_seed1_steps20/rollout5_s0.03,0.15907992045592162,0.8731572907593481,2.8831557959184457,0.06800932219896044,0.5192363026008212,0.15731534090909088,0.16203702867059874,0.8877862526438316,2.884921340049987,0.06876253857314696,0.5256029936625869,0.16449370941558442,0.1616673901437641,0.8859576324082711,2.8847006470335446,0.06866838652637365,0.5248071572798662,0.1635964133522727
49,1,20,rollout5,0.1,,all,0.0,False,generated,35.751805782318115,out/runs/49f_seed1_steps20/rollout5_s0.1,0.15020487680142164,0.8280234727577959,2.849278918760286,0.06301871578354878,0.48140320829929506,0.14311079545454544,0.14925238630798368,0.8241042338425907,2.8532004731079703,0.06396718014656513,0.48628321618466014,0.1492999188311688,0.14937144761966342,0.8245941387069914,2.852710278814509,0.0638486221011881,0.48567321519898954,0.14852627840909088
49,1,20,rollout5,0.3,,all,0.0,False,generated,35.247231245040894,out/runs/49f_seed1_steps20/rollout5_s0.3,0.1239850306469583,0.6959948068569217,2.7943736065843305,0.054783695040674645,0.40321878082986307,0.11754261363636362,0.12686458507820203,0.7149282854062121,2.79083908000548,0.055384517919276476,0.40977982206365776,0.11931818181818181,0.12650464077429657,0.7125616005875508,2.7912808958278363,0.05530941505945125,0.4089596919094334,0.11909623579545453
49,1,20,rollout5,1.0,,all,0.0,False,generated,36.2935152053833,out/runs/49f_seed1_steps20/rollout5_s1,0.14102846020668303,0.7025955120244276,2.703644755901123,0.07097817553193661,0.4086552673442427,0.13831676136363635,0.14098268208325068,0.7029683235952725,2.719603133774627,0.07065929927298713,0.4077286177476805,0.13420758928571427,0.1409884043486797,0.7029217221489169,2.717608336540439,0.07069915880535582,0.40784444894725075,0.13472123579545453
49,1,20,rollout5,10.0,,all,0.0,False,generated,37.40898633003235,out/runs/49f_seed1_steps20/rollout5_s10,0.6481313634655147,1.8744316293534156,3.012122937356317,0.46367425850992056,1.3839335724952346,0.35120738636363635,0.6525279838875413,1.886435364807545,3.0276546821577415,0.46665860851155017,1.387551426807342,0.3429636769480519,0.6519784063347881,1.884934897875779,3.0257132140575633,0.46628556476134647,1.3870991950183287,0.343994140625
49,1,20,rollout5,3.0,,all,0.0,False,generated,36.130860328674316,out/runs/49f_seed1_steps20/rollout5_s3,0.25542254686189453,0.9953141271475714,2.8249506702284726,0.1527956100902199,0.6295776696311772,0.24378551136363635,0.25573338150358854,1.0047843626963353,2.8342547418674364,0.1524491587915778,0.6277720655011312,0.23589691558441556,0.25569452717337676,1.0036005832527395,2.8330917329125658,0.15249246520390808,0.627997766017387,0.23688299005681818
49,1,50,none,0.0,,all,0.0,False,generated,7.4668803215026855,out/runs/49f_seed1_steps50/none,0.1585095232826393,0.8934709862922183,2.925868312770333,0.06510946627265982,0.5316208092712176,0.1642400568181818,0.1623546779335314,0.9004425297424389,2.922621126231524,0.06779380837799247,0.5365169374057218,0.1789265422077922,0.16187403360216987,0.8995710868111613,2.9230270245488748,0.0674582656148259,0.5359049213889088,0.17709073153409088
49,1,50,oracle,0.03,,all,0.0,False,generated,17.421403169631958,out/runs/49f_seed1_steps50/oracle_s0.03,0.15629371949173496,0.8824319310350415,2.7971631718057646,0.06361120463402746,0.5231274339234505,0.15749289772727273,0.16257951960057745,0.8992626342817983,2.789183962417249,0.06759140426118819,0.5344227155083218,0.1786728896103896,0.16179379458697218,0.8971587963759536,2.7901813635908135,0.06709387930779309,0.5330108053102129,0.176025390625
49,1,50,oracle,0.03,late,all,0.5,False,generated,12.515117645263672,out/runs/49f_seed1_steps50/oracle_s0.03_late,0.15851658017065445,0.8940579609152322,2.8920600529522775,0.06455222051895881,0.5309881814957379,0.16566051136363635,0.16169890652624305,0.8955347060515618,2.887242049578657,0.06752226825448295,0.5335468446366648,0.17575588474025974,0.16130111573179448,0.8953501129095207,2.887844300000359,0.06715101228754242,0.533227011744049,0.17449396306818182
49,1,50,oracle,0.03,pos,pos,0.0,False,generated,17.501649618148804,out/runs/49f_seed1_steps50/oracle_s0.03_pos,0.15986317576038492,0.8954867347394502,2.7818633867203637,0.06474201310100519,0.534475081492565,0.16317471590909088,0.16490426241787107,0.9097743792861809,2.7701746036550854,0.06837529323333014,0.5412121040732194,0.17902800324675322,0.1642741265856853,0.9079884237178396,2.7716357015382447,0.06792113321678953,0.5403699762506375,0.17704634232954544
49,1,50,oracle,0.03,x0,all,0.0,True,generated,7.526920318603516,out/runs/49f_seed1_steps50/oracle_s0.03_x0,0.15890311034785742,0.887240307436916,2.8420100486850233,0.06453161800022028,0.5253157522600788,0.15855823863636365,0.1618596374953227,0.8958799542549227,2.8302585041127366,0.0671868968706626,0.5313545896223507,0.17507102272727273,0.16149007160188952,0.8947999984026718,2.8317274471842726,0.0668549870118573,0.5305997349520668,0.17300692471590906
49,1,50,oracle,0.1,,all,0.0,False,generated,17.43190312385559,out/runs/49f_seed1_steps50/oracle_s0.1,0.15867733222321306,0.8838168200381196,2.4703854965581615,0.0651529758373371,0.5324853904328484,0.16122159090909088,0.16083090715278633,0.8838300878281188,2.4698354843566426,0.06667198935369127,0.5249859777370237,0.17103794642857142,0.16056171028658972,0.883828429354369,2.469904235881833,0.066482112664147,0.5259234043240019,0.16981090198863635
49,1,50,oracle,0.1,late,all,0.5,False,generated,12.448529720306396,out/runs/49f_seed1_steps50/oracle_s0.1_late,0.15892918037074333,0.8836084525412783,2.80832497869969,0.0636210244550918,0.5254044038201299,0.16068892045454547,0.16208111257994565,0.8924749379891891,2.8035045180706493,0.06755717747416488,0.5305424049017855,0.17286424512987011,0.16168712105379532,0.8913666273082002,2.804107075649279,0.06706515834678074,0.5299001547665785,0.17134232954545453
49,1,50,oracle,0.1,pos,pos,0.0,False,generated,17.422649145126343,out/runs/49f_seed1_steps50/oracle_s0.1_pos,0.16225979889990758,0.8904492341025486,2.42010286688335,0.06831252707090912,0.5448602659311559,0.1779119318181818,0.1692653945105416,0.923270724435272,2.4201650227867497,0.07015454934711458,0.550667292487838,0.18635856331168835,0.16838969505921234,0.9191680381436816,2.4201572532988243,0.06992429656258889,0.5499414141682528,0.185302734375
49,1,50,oracle,0.1,x0,all,0.0,True,generated,7.487015724182129,out/runs/49f_seed1_steps50/oracle_s0.1_x0,0.1592825985795991,0.8862231020360597,2.617398571560477,0.06567770252540986,0.5305492888616226,0.15678267045454547,0.16371525056634167,0.8987495934396198,2.6063807620412667,0.06830762477603351,0.535249080868703,0.1714945211038961,0.16316116906799885,0.8971837820141748,2.6077579882311683,0.06797888449470554,0.534661606867818,0.1696555397727273
49,1,50,oracle,0.3,,all,0.0,False,generated,17.428222179412842,out/runs/49f_seed1_steps50/oracle_s0.3,0.16302056659285658,0.856066430724496,1.5685508049366605,0.07016290466555601,0.5173974378220825,0.17826704545454544,0.16199369871835195,0.8591105817325003,1.587078862296675,0.06894678643310144,0.5237346494592586,0.17266132305194803,0.162122057202665,0.8587300628564996,1.584762855126673,0.06909880121215825,0.5229424980046116,0.1733620383522727
49,1,50,oracle,0.3,late,all,0.5,False,generated,12.45646357536316,out/runs/49f_seed1_steps50/oracle_s0.3_late,0.16797206374390605,0.9071969292623813,2.575899791598561,0.06923663909928582,0.5404149140034571,0.17027698863636362,0.1731076204275179,0.9190103273608806,2.5755100622936276,0.07370941658543224,0.5549501149914583,0.18803267045454544,0.1724656758420664,0.9175336525985682,2.5755587784567444,0.07315031939966393,0.5531332148679582,0.1858132102272727
49,1,50,oracle,0.3,pos,pos,0.0,False,generated,17.439507007598877,out/runs/49f_seed1_steps50/oracle_s0.3_pos,0.1817571167412768,0.9264452117309092,1.4918318603663008,0.0792778011243972,0.5731766395018546,0.2024147727272727,0.1846197632465505,0.9478942997715765,1.5011571662992473,0.08012513043211349,0.5805339033269654,0.20403814935064934,0.18426193243339128,0.9452131637664931,1.499991503057629,0.08001921426864896,0.5796142453488267,0.20383522727272727
49,1,50,oracle,0.3,x0,all,0.0,True,generated,7.51357889175415,out/runs/49f_seed1_steps50/oracle_s0.3_x0,0.17860511383768077,0.9180252604714785,1.8509343326814653,0.07447435172932063,0.5665525101551036,0.17063210227272727,0.18157350010700712,0.9309609384287253,1.8609572249124617,0.07638159302787338,0.5756288418402938,0.18275669642857142,0.18120245182334133,0.9293439786840694,1.8597043633835875,0.0761431878655543,0.574494300379645,0.18124112215909088
49,1,50,oracle,1.0,,all,0.0,False,generated,17.44048023223877,out/runs/49f_seed1_steps50/oracle_s1,0.030984832075177455,0.17452563078384803,0.035147082565189426,0.016601344844886637,0.08074318745274583,0.005149147727272727,0.032828661412539345,0.18598953547306704,0.04047802956649055,0.01745294693532874,0.0882972609419104,0.006873985389610391,0.0325981827453691,0.18455654738691468,0.03981166119132791,0.01734649667402348,0.08735300175576484,0.006658380681818182
49,1,50,oracle,10.0,,all,0.0,False,generated,17.430314540863037,out/runs/49f_seed1_steps50/oracle_s10,0.11334072400010073,0.3893924764212855,0.19522350512844971,0.0732380144355625,0.19473650247189228,0.05131392045454545,0.11184450544538373,0.3917421294717945,0.19998893819789915,0.07334002565998667,0.19322001017424567,0.05435775162337662,0.11203153276472336,0.391448422840481,0.19939325906421795,0.07332727425693365,0.1934095717114515,0.05397727272727272
49,1,50,oracle,10.0,late,all,0.5,False,generated,12.449198007583618,out/runs/49f_seed1_steps50/oracle_s10_late,0.12176192805134284,0.44468729654179656,0.18940854724748402,0.07572300102785437,0.2166036561239285,0.060191761363636354,0.11450707167984671,0.4208828125235989,0.18049982491339261,0.07201168452763682,0.20451103858960235,0.05679281655844155,0.11541392872628371,0.4238583730258736,0.18161341520515403,0.07247559909016399,0.20602261578139314,0.0572176846590909
49,1,50,oracle,10.0,pos,pos,0.0,False,generated,17.427777528762817,out/runs/49f_seed1_steps50/oracle_s10_pos,0.1953736221376745,0.6881677774561563,0.3166218502765338,0.13757088263893277,0.40096465654781055,0.12375710227272725,0.19596479878329154,0.6995839360626455,0.32060506864866645,0.13746203623431716,0.40073217957711715,0.13603388798701296,0.19589090170258944,0.6981569162368344,0.32010716635214986,0.13747564203489412,0.4007612391984538,0.13449928977272724
49,1,50,oracle,10.0,x0,all,0.0,True,generated,7.48362398147583,out/runs/49f_seed1_steps50/oracle_s10_x0,0.04067257213213617,0.22239676809638165,0.18628747702085535,0.02021462982310049,0.1103222263214616,0.029651988636363636,0.037773499901681655,0.20969208284635818,0.18104932228471635,0.0191703219565948,0.10107529936266328,0.023817978896103896,0.038135883930488466,0.2112801685026111,0.18170409162673373,0.01930086043990801,0.10223116523251308,0.02454723011363636
49,1,50,oracle,1.0,late,all,0.5,False,generated,12.442503929138184,out/runs/49f_seed1_steps50/oracle_s1_late,0.2360294372826922,1.077620321635818,1.8686102995948,0.11689963378432217,0.707067742760664,0.2895951704545454,0.23993696850369278,1.0928844211450524,1.86304709809051,0.11783012423404518,0.7169402359589484,0.30037540584415584,0.2394485271010677,1.090976408706398,1.8637424982785467,0.1177138129278298,0.7157061743091628,0.29902787642045453
49,1,50,oracle,1.0,pos,pos,0.0,False,generated,17.416960954666138,out/runs/49f_seed1_steps50/oracle_s1_pos,0.10023401842078675,0.4552324039259935,0.08699377261538346,0.0708894154956232,0.31265246583600415,0.033735795454545456,0.09982655203865191,0.45214462397331384,0.0905992118321606,0.07133107495982324,0.3091504624497271,0.033431412337662336,0.09987748533641877,0.4525305964673988,0.09014853193006346,0.07127586752679824,0.30958821287301175,0.03346946022727272
49,1,50,oracle,1.0,x0,all,0.0,True,generated,7.554905414581299,out/runs/49f_seed1_steps50/oracle_s1_x0,0.02135263439938498,0.13301874350484647,0.028244214836555204,0.01206375556543533,0.05557738886992385,0.0007102272727272727,0.02055977284314323,0.12937682054786856,0.028233880284671584,0.011690327904425665,0.051508739814909485,0.0005580357142857143,0.020658880537673445,0.1298320609174908,0.028235172103657037,0.011737006362051872,0.05201732094678628,0.000577059659090909
49,1,50,oracle,3.0,,all,0.0,False,generated,17.47269868850708,out/runs/49f_seed1_steps50/oracle_s3,0.03246618701167235,0.16539044023468702,0.06459535328050027,0.020057135441367814,0.07118365160545449,0.002130681818181818,0.03157610403322341,0.15918636057062444,0.06219905535798191,0.019424479678119094,0.06387206237129388,0.003627232142857143,0.03168736440552953,0.15996187052863226,0.0624985925982967,0.019503561648525184,0.06478601102556396,0.003440163352272727
49,1,50,oracle,3.0,late,all,0.5,False,generated,12.463535070419312,out/runs/49f_seed1_steps50/oracle_s3_late,0.16882378567088183,0.7305645703929617,0.3601484596018403,0.08731438443895488,0.47231636275709027,0.13156960227272727,0.16902622357442826,0.7387989416128666,0.357368848310013,0.08731863566871678,0.47840419082003527,0.12636972402597402,0.16900091883648496,0.7377696452103784,0.3577162997214914,0.08731810426499653,0.4776432123121672,0.12701970880681818
49,1,50,oracle,3.0,pos,pos,0.0,False,generated,17.438326358795166,out/runs/49f_seed1_steps50/oracle_s3_pos,0.07178413552497337,0.34105115949305326,0.10953025041465962,0.04932284636674334,0.194695569898119,0.03799715909090909,0.07034713818562821,0.33420927642089115,0.10918643664835846,0.048513955983102965,0.18466587604780602,0.03454748376623377,0.07052676285304636,0.3350645118049114,0.1092294133691461,0.04861506728105801,0.18591958777909512,0.03497869318181818
49,1,50,oracle,3.0,x0,all,0.0,True,generated,7.4825356006622314,out/runs/49f_seed1_steps50/oracle_s3_x0,0.021386492879660594,0.13055999093517545,0.05040904972214101,0.012093080556105754,0.05344727349959848,0.0017755681818181818,0.02145047729792513,0.12915292685963797,0.051197230839904274,0.01211534442361929,0.051997402822829,0.0028916396103896105,0.021442479245642063,0.12932880986908016,0.05109870820018386,0.012112561440180098,0.05217863665742518,0.002752130681818182
49,1,50,rollout1,0.03,,all,0.0,False,generated,38.25532793998718,out/runs/49f_seed1_steps50/rollout1_s0.03,0.15433089476846987,0.8653871763286894,2.9104108008628606,0.06333754583771978,0.5193496821383548,0.1535866477272727,0.1582012827436457,0.8852400607217463,2.915738990325304,0.06471011539305373,0.5234043731735712,0.1687297077922078,0.15771748424674872,0.8827584501726142,2.9150729666424984,0.06453854419863697,0.5228975367941692,0.16683682528409088
49,1,50,rollout1,0.03,late,all,0.5,False,generated,23.26425790786743,out/runs/49f_seed1_steps50/rollout1_s0.03_late,0.1573293356709371,0.8875607465397799,2.9249079854091864,0.06395679662531771,0.5293556557889061,0.1574928977272727,0.16015133370669168,0.8938365879999933,2.920821034338174,0.06622674898491873,0.5306390778879605,0.17273741883116883,0.15979858395222238,0.8930521078174667,2.9213319032220504,0.0659430049399686,0.5304786501255787,0.17083185369318182
49,1,50,rollout1,0.03,paper,all,0.0,False,paper,57.878113985061646,out/runs/49f_seed1_steps50/rollout1_s0.03_paper,0.1539518192415963,0.8667162147904941,2.9101509037531055,0.06404227794016114,0.5205781760117384,0.1551846590909091,0.15859292634093672,0.8843842986701473,2.913447658894834,0.06545967459149508,0.5227471774097551,0.1701501623376623,0.15801278795351914,0.8821757881851908,2.9130355645021178,0.06528250001007835,0.5224760522350029,0.16827947443181818
49,1,50,rollout1,0.03,pos,pos,0.0,False,generated,38.32153391838074,out/runs/49f_seed1_steps50/rollout1_s0.03_pos,0.14560995987643902,0.8459984393680909,2.9206464103694665,0.056529940190824766,0.49717620727572565,0.13352272727272727,0.14979398163552052,0.8589475578497847,2.9201597684317613,0.0580494190841527,0.5010226799694871,0.1421976461038961,0.14927097891563532,0.857328918039573,2.9202205986739744,0.05785948422248671,0.5005418708827669,0.14111328125
49,1,50,rollout1,0.03,x0,all,0.0,True,generated,30.21328091621399,out/runs/49f_seed1_steps50/rollout1_s0.03_x0,0.15520494747723565,0.8782124447273421,2.918840678589455,0.06381249785647641,0.5252801442768351,0.16051136363636365,0.158784689594008,0.8888772055150377,2.918464843222185,0.06570002000351494,0.5269314381210073,0.17065746753246752,0.15833722182941146,0.8875441104165758,2.9185118226430937,0.06546407973513513,0.5267250263904858,0.16938920454545453
49,1,50,rollout1,0.1,,all,0.0,False,generated,38.92737078666687,out/runs/49f_seed1_steps50/rollout1_s0.1,0.14405063120839745,0.8227498803122809,2.8790376518694423,0.05918498954258062,0.4890840031676564,0.14470880681818182,0.14654716315977476,0.8363190834395046,2.898188840445703,0.05952396802530909,0.4947152754746989,0.15137987012987011,0.1462350966658526,0.8346229330486016,2.8957949418736706,0.05948159571496803,0.4940113664363186,0.1505459872159091
49,1,50,rollout1,0.1,late,all,0.5,False,generated,21.68385362625122,out/runs/49f_seed1_steps50/rollout1_s0.1_late,0.1530669301188068,0.8713546217997526,2.921942663992505,0.06225265447435989,0.5193484977986649,0.15305397727272727,0.15526722032383958,0.8793092113074128,2.9166020982118384,0.06308787058769853,0.5195526539630089,0.158304586038961,0.15499218404821047,0.8783148876189553,2.9172696689344217,0.06298346857353121,0.5195271344424659,0.15764825994318182
49,1,50,rollout1,0.1,paper,all,0.0,False,paper,53.69935178756714,out/runs/49f_seed1_steps50/rollout1_s0.1_paper,0.1447289833841942,0.8281248547875875,2.875972875194009,0.06046719419102331,0.49339116503756464,0.15802556818181818,0.14728481760384726,0.8357075007996916,2.8891914928269884,0.06164229559324536,0.49515688433260363,0.15835531655844154,0.14696533832639064,0.8347596700481785,2.8875391656228664,0.06149540791796761,0.49493616942072377,0.15831409801136365
49,1,50,rollout1,0.1,pos,pos,0.0,False,generated,36.001599073410034,out/runs/49f_seed1_steps50/rollout1_s0.1_pos,0.12387379614154212,0.7602200112879716,2.901951588801206,0.04256578369556064,0.43772813792174153,0.06960227272727272,0.12775606102247758,0.7808900219272489,2.913123965440368,0.04426132724522908,0.44670360338803167,0.08096590909090909,0.12727077791236066,0.7783062705973394,2.911727418360473,0.04404938430152053,0.4455816702047454,0.07954545454545453
49,1,50,rollout1,0.1,x0,all,0.0,True,generated,26.35574197769165,out/runs/49f_seed1_steps50/rollout1_s0.1_x0,0.15098262232460025,0.8541084379565309,2.9073207138210106,0.06121219067249669,0.5101967877798412,0.14470880681818182,0.1550653224494519,0.8738568511174861,2.9115157824528914,0.06253237374303926,0.5135174666065586,0.15749289772727273,0.15455498493384545,0.8713882994723667,2.9109913988739065,0.06236735085922144,0.513102381753219,0.15589488636363635
49,1,50,rollout1,0.3,,all,0.0,False,generated,38.57543206214905,out/runs/49f_seed1_steps50/rollout1_s0.3,0.13021711967083652,0.7699269821075134,2.8575032737739923,0.05212429760089081,0.45781372596285086,0.11629971590909088,0.12626976078145544,0.7493643445153305,2.8617617900268555,0.051358486893065915,0.4463293489319395,0.11779626623376623,0.1267631806426281,0.7519346742143533,2.861229475495248,0.051454213231544026,0.4477648960608034,0.1176091974431818
49,1,50,rollout1,0.3,late,all,0.5,False,generated,21.326252222061157,out/runs/49f_seed1_steps50/rollout1_s0.3_late,0.14542152305485703,0.834895839308685,2.907160788459756,0.05882036914319789,0.49863077492462826,0.13139204545454541,0.14575010749772904,0.8446030144612838,2.9067229948157083,0.0591878474936517,0.500918472656658,0.13669338474025974,0.14570903444237004,0.8433896175672089,2.906777719021213,0.05914191269984498,0.5006325104401543,0.13603071732954544
49,1,50,rollout1,0.3,paper,all,0.0,False,paper,56.22507691383362,out/runs/49f_seed1_steps50/rollout1_s0.3_paper,0.12488534773783246,0.7342053243445714,2.8303835749420276,0.05362441348877309,0.43289706973265685,0.1319247159090909,0.1276446875745796,0.7462831729956648,2.8449709194738455,0.056313599315984196,0.4434326895865356,0.14364346590909088,0.12729977009498622,0.7447734419142782,2.843147501407368,0.0559774510875828,0.4421157371048008,0.14217862215909088
49,1,50,rollout1,0.3,pos,pos,0.0,False,generated,35.12773394584656,out/runs/49f_seed1_steps50/rollout1_s0.3_pos,0.11509259628548096,0.7376012249292991,2.8910115747812424,0.03023562532925622,0.41474316723234184,0.012606534090909092,0.11450558321477666,0.7389666200699194,2.9096282477614426,0.030051595698923073,0.4135645202196666,0.011363636363636366,0.1145789598486147,0.7387959456773419,2.907301163638918,0.030074599402714716,0.413711851096251,0.011518998579545456
49,1,50,rollout1,0.3,x0,all,0.0,True,generated,27.978227615356445,out/runs/49f_seed1_steps50/rollout1_s0.3_x0,0.1404515628918362,0.8102553125568928,2.865595871682178,0.056097905267931195,0.48982702744768253,0.12073863636363635,0.13691820310344913,0.800200434701685,2.884653472541484,0.055184737795209084,0.4829053984341326,0.11558948863636363,0.1373598730769975,0.801457294433586,2.8822712724340707,0.05529888372929935,0.48377060206082634,0.11623313210227271
49,1,50,rollout1,1.0,,all,0.0,False,generated,38.51765489578247,out/runs/49f_seed1_steps50/rollout1_s1,0.11984379231455264,0.7014778955459631,2.834425968999496,0.054028374335946844,0.43247093018037797,0.10280539772727271,0.12108376031034396,0.7083678450157063,2.830490366406387,0.054680887364800194,0.4413664085083978,0.10544338474025973,0.12092876431087005,0.7075066013319884,2.830982316730526,0.05459932323619352,0.44025447371739534,0.10511363636363635
49,1,50,rollout1,10.0,,all,0.0,False,generated,38.53549551963806,out/runs/49f_seed1_steps50/rollout1_s10,0.2835272057941117,1.3308648606853124,3.2445725121010014,0.2158376257028096,1.0776703242417227,0.16317471590909088,0.2867386453007318,1.346117867824736,3.272541117496091,0.2197097792282418,1.0976767435515649,0.17162134740259738,0.28633721536240425,1.344211241932308,3.2690450418217054,0.21922576003756278,1.0951759411378346,0.17056551846590906
49,1,50,rollout1,10.0,late,all,0.5,False,generated,21.39555525779724,out/runs/49f_seed1_steps50/rollout1_s10_late,0.2652846758589469,1.238823107037631,2.9657326372745567,0.19529187262525988,0.9830963164190722,0.10795454545454544,0.2715837301848733,1.2597963963156045,2.9623156682906275,0.20046377096127865,1.010400401987715,0.11614752435064934,0.2707963483941325,1.257174735155858,2.9627427894136185,0.1998172836692763,1.0069873912916347,0.11512340198863635
49,1,50,rollout1,10.0,paper,all,0.0,False,paper,53.392826318740845,out/runs/49f_seed1_steps50/rollout1_s10_paper,0.29997298255546323,1.4036281195231064,3.198412952498325,0.25008215718593324,1.2256104160849328,0.20188210227272727,0.295697889615451,1.3957080974244622,3.2169312900095215,0.2492796232717401,1.2169590241035542,0.2024908685064935,0.29623227623295245,1.3966981001867929,3.2146164978206215,0.24937994001101427,1.2180404481012266,0.2024147727272727
49,1,50,rollout1,10.0,pos,pos,0.0,False,generated,36.43961477279663,out/runs/49f_seed1_steps50/rollout1_s10_pos,0.5616840722997838,1.8959585510658052,3.4273282745058626,0.20324646238219748,1.1864810412504618,0.05806107954545454,0.5520322490220279,1.860932861263101,3.4124573417344775,0.19303180660140556,1.1786290011817955,0.05727475649350648,0.5532387269317474,1.8653110724884392,3.4143162083309004,0.19430863857400454,1.1796105061903788,0.05737304687499999
49,1,50,rollout1,10.0,x0,all,0.0,True,generated,24.53492021560669,out/runs/49f_seed1_steps50/rollout1_s10_x0,0.3849124851131854,1.7357107503078462,2.975850497245939,0.30778524636284044,1.5713946761927828,0.008345170454545456,0.38865835029657836,1.7392242364148902,2.9905168984396675,0.31003454256161517,1.5696631664464207,0.008370535714285714,0.3881901171486542,1.73878505065151,2.9886835982904514,0.3097533805367684,1.569879605164716,0.008367365056818182
49,1,50,rollout1,1.0,late,all,0.5,False,generated,21.70605778694153,out/runs/49f_seed1_steps50/rollout1_s1_late,0.14350257023314172,0.8007782085041467,2.8766561576991174,0.0633921511798397,0.49532874323520193,0.1258877840909091,0.1440126102811198,0.8204883235632209,2.884214301370851,0.06319867032111694,0.5059538902143161,0.12314833603896104,0.14394885527512255,0.8180245591808366,2.8832695334118847,0.06322285542845728,0.5046257468419268,0.12349076704545453
49,1,50,rollout1,1.0,paper,all,0.0,False,paper,53.65530872344971,out/runs/49f_seed1_steps50/rollout1_s1_paper,0.11589828039998605,0.6661807402871018,2.8017302102124586,0.06095520129543929,0.4294539669053646,0.12357954545454546,0.11844560162825742,0.6809400420589805,2.7904294902757103,0.060894933948127804,0.43249606431245746,0.12606534090909088,0.11812718647472349,0.6790951293374957,2.791842080267804,0.06090246736654174,0.43211580213657075,0.1257546164772727
49,1,50,rollout1,1.0,pos,pos,0.0,False,generated,35.52159523963928,out/runs/49f_seed1_steps50/rollout1_s1_pos,0.15972475042175147,0.9242448423116216,2.987215862646736,0.041566845064275104,0.5236704544597268,0.014026988636363636,0.16073860956154024,0.9317889139133876,3.001155459263969,0.04224025670490302,0.5293205219813905,0.01580255681818182,0.16061187716906664,0.9308459049631669,2.9994130096868146,0.042156080249824535,0.5286142635411823,0.015580610795454544
49,1,50,rollout1,1.0,x0,all,0.0,True,generated,24.73618721961975,out/runs/49f_seed1_steps50/rollout1_s1_x0,0.12236649373888958,0.7677825541850369,2.8050195561457554,0.06908612625744863,0.5728043295832923,0.03888494318181818,0.12029094924182507,0.7633692686977699,2.815655686378869,0.0685713280809169,0.5727042460669762,0.035283076298701296,0.12055039230395814,0.7639209293836782,2.81432617009973,0.06863567785298337,0.5727167565065157,0.03573330965909091
49,1,50,rollout1,3.0,,all,0.0,False,generated,38.61966633796692,out/runs/49f_seed1_steps50/rollout1_s3,0.15489476852071082,0.8454474284846659,2.9675925246507475,0.08523625572740853,0.5832372084805637,0.11665482954545453,0.15345305749440724,0.838341707162753,2.9720292180656034,0.08475617057044493,0.5781758331762272,0.12015523538961037,0.15363327137269517,0.8392299223279922,2.971474631388746,0.08481618121506539,0.5788085050892692,0.11971768465909088
49,1,50,rollout1,3.0,late,all,0.5,False,generated,21.837801456451416,out/runs/49f_seed1_steps50/rollout1_s3_late,0.16734106767690812,0.8753029010025218,2.8385883229738207,0.09038963717769902,0.5990655055174497,0.11647727272727271,0.17020202437271284,0.9013872822767893,2.858223114581016,0.09151314551625125,0.6116074660444438,0.1317217938311688,0.1698444047857372,0.8981267346175061,2.855768765630117,0.09137270697393224,0.6100397209785695,0.1298162286931818
49,1,50,rollout1,3.0,paper,all,0.0,False,paper,54.47751045227051,out/runs/49f_seed1_steps50/rollout1_s3_paper,0.14842217663980978,0.7939853292280273,2.8927443068401497,0.09495320256391192,0.576652141480365,0.138671875,0.15136902429444746,0.8026529588563,2.887175511361367,0.09714582397896124,0.5836872331098675,0.13958502435064934,0.15100066833761777,0.8015695051527658,2.887871610796215,0.09687174630208008,0.5828078466561796,0.13947088068181818
49,1,50,rollout1,3.0,pos,pos,0.0,False,generated,36.28023171424866,out/runs/49f_seed1_steps50/rollout1_s3_pos,0.26916396894713396,1.2799357085344494,3.1463722511801038,0.09064137778555853,0.7527976966851908,0.05007102272727272,0.27227191424683866,1.2987447395127718,3.164180570508321,0.09324171201127673,0.7679070325832329,0.04626623376623377,0.2718834210843756,1.2963936106404814,3.161954530592294,0.09291667023306195,0.7660183655959777,0.04674183238636363
49,1,50,rollout1,3.0,x0,all,0.0,True,generated,24.671972274780273,out/runs/49f_seed1_steps50/rollout1_s3_x0,0.17068027583870138,1.0097663769859653,2.787084291524046,0.12884759885535513,0.8856483491943543,0.011186079545454544,0.17372660968379902,1.0295186838512438,2.810306558971263,0.12978638337138318,0.8961807903187377,0.010323660714285714,0.17334581795316184,1.027049645493084,2.8074037755403607,0.12966903530687965,0.8948642351781897,0.01043146306818182
49,1,50,rollout5,0.03,,all,0.0,False,generated,81.68149924278259,out/runs/49f_seed1_steps50/rollout5_s0.03,0.15385829524975103,0.8678363785589653,2.902757845821981,0.06378976316146284,0.5147788506171108,0.16033380681818182,0.15656990088030595,0.8732235943019436,2.9078292133393853,0.06446440515809133,0.515010267362686,0.16908482142857142,0.15623095017648658,0.8725501923340713,2.907195292399709,0.06438007490851277,0.514981340269489,0.1679909446022727
49,1,50,rollout5,0.03,late,all,0.5,False,generated,46.88287615776062,out/runs/49f_seed1_steps50/rollout5_s0.03_late,0.15513783913770157,0.8798731504994722,2.9217912670516415,0.06418492970847127,0.5215433143424312,0.15820312499999997,0.1589713995433843,0.8880837898813663,2.917637668751744,0.06603136436335243,0.5266244880266201,0.17291497564935063,0.15849220449267398,0.8870574599586295,2.9181568685392314,0.06580056003149228,0.5259893413160965,0.17107599431818182
49,1,50,rollout5,0.03,paper,all,0.0,False,paper,102.24254488945007,out/runs/49f_seed1_steps50/rollout5_s0.03_paper,0.15314653227537584,0.8599635839975557,2.9023124142105647,0.06331775640991563,0.5121142854312788,0.15447443181818182,0.15691391283339598,0.8737493884116636,2.903721413625725,0.06454484353785932,0.5162452504437562,0.16593952922077923,0.15644299026364344,0.8720261628599,2.90354528869883,0.06439145764686638,0.5157288798171966,0.16450639204545453
49,1,50,rollout5,0.03,pos,pos,0.0,False,generated,82.34085130691528,out/runs/49f_seed1_steps50/rollout5_s0.03_pos,0.15021580553092323,0.852091909877716,2.9018016341047197,0.060159085450899735,0.5001920130351506,0.146484375,0.1548646932488895,0.8641363116177433,2.9109895790919507,0.06249948720137948,0.5060110728964721,0.15827922077922077,0.1542835822841437,0.8626307614002399,2.909841085968547,0.06220693698256951,0.5052836904138069,0.15680486505681818
49,1,50,rollout5,0.03,x0,all,0.0,True,generated,73.49239993095398,out/runs/49f_seed1_steps50/rollout5_s0.03_x0,0.15552679600396696,0.8771420711566467,2.914099760134122,0.06325540290569331,0.5174188260368326,0.16068892045454541,0.15904945636682497,0.8849877066436453,2.915809711724895,0.0656979889243544,0.5221404217940661,0.17058137175324672,0.1586091238214677,0.8840070022077704,2.9155959677760483,0.06539266567202176,0.5215502223244118,0.16934481534090906
49,1,50,rollout5,0.1,,all,0.0,False,generated,89.23139238357544,out/runs/49f_seed1_steps50/rollout5_s0.1,0.14401359597372815,0.8095781108921317,2.86303258721133,0.05854379375856637,0.4706765131480404,0.14630681818181818,0.14351537718346472,0.811466088869054,2.871548679508581,0.05864543303795185,0.4752148045607922,0.14833603896103895,0.14357765453224763,0.8112300916219388,2.8704841679714246,0.058632728128028666,0.4746475181341983,0.14808238636363635
49,1,50,rollout5,0.1,late,all,0.5,False,generated,45.99691677093506,out/runs/49f_seed1_steps50/rollout5_s0.1_late,0.1492422608516134,0.8504087845608461,2.9094165497929163,0.06122875034405878,0.49867573482673455,0.14897017045454544,0.15394757634007766,0.8667360154920188,2.904648460902721,0.06305580092024414,0.5065740153072105,0.16183035714285715,0.15335941190401964,0.8646951116256223,2.905244472013995,0.06282741959822097,0.505586730247151,0.16022283380681818
49,1,50,rollout5,0.1,paper,all,0.0,False,paper,99.8421242237091,out/runs/49f_seed1_steps50/rollout5_s0.1_paper,0.14222115191664764,0.7963117747463861,2.8672950946958666,0.05783214005347892,0.4689483801922271,0.13689630681818182,0.1454668599837148,0.8141093577304981,2.866128728733026,0.05955250749946544,0.478741843033479,0.1499340503246753,0.1450611464753314,0.811884659857484,2.8662745244783814,0.05933746156871712,0.4775176601783224,0.14830433238636365
49,1,50,rollout5,0.1,pos,pos,0.0,False,generated,80.98769068717957,out/runs/49f_seed1_steps50/rollout5_s0.1_pos,0.13710052634961,0.7805866354870907,2.8826977774120524,0.052949912733580816,0.4442898966856372,0.12428977272727271,0.1388546220133867,0.7920278278531335,2.8923350629811586,0.053876768365727065,0.4517800756993102,0.12685166396103895,0.1386353600554146,0.7905976788073783,2.891130402285021,0.05376091141170877,0.4508438033226011,0.12653142755681818
49,1,50,rollout5,0.1,x0,all,0.0,True,generated,70.43289685249329,out/runs/49f_seed1_steps50/rollout5_s0.1_x0,0.15067406554131885,0.8481623606829491,2.8911458293395986,0.061264470937977406,0.49351988611769954,0.15074573863636362,0.1533720011966948,0.8589666019205987,2.8988810461454784,0.06255254085579823,0.5003867959701535,0.15736607142857142,0.15303475923977283,0.8576160717658926,2.897914144044743,0.06239153211607062,0.4995284322385967,0.15653852982954544
49,1,50,rollout5,0.3,,all,0.0,False,generated,87.32797479629517,out/runs/49f_seed1_steps50/rollout5_s0.3,0.11753307551874542,0.6868711461095162,2.810482950570216,0.0488991090688809,0.3945314177464774,0.11257102272727271,0.1198462045328933,0.6957076453827906,2.796485186297481,0.049862892540606975,0.4001593410619261,0.11487926136363635,0.1195570634061248,0.6946030829736314,2.7982349068315733,0.049742419606641206,0.399455850647495,0.11459073153409088
49,1,50,rollout5,0.3,late,all,0.5,False,generated,44.859052658081055,out/runs/49f_seed1_steps50/rollout5_s0.3_late,0.14040795282023222,0.8036541929021616,2.8852474141578477,0.05833728324647565,0.4678470104691679,0.12890624999999997,0.14446526779636734,0.8152038705496087,2.878240957579166,0.05978346870817184,0.47615153739116345,0.14536830357142855,0.14395810342435045,0.8137601608436779,2.879116764651502,0.059602695525459805,0.475113471525914,0.143310546875
49,1,50,rollout5,0.3,paper,all,0.0,False,paper,103.0279495716095,out/runs/49f_seed1_steps50/rollout5_s0.3_paper,0.12426517212638566,0.6908631955396864,2.8079546301842635,0.052245721720636934,0.40738449219339734,0.1173650568181818,0.1244953731017434,0.6974137928139779,2.7942460650077945,0.05181130110737744,0.4089260217866944,0.11655336850649349,0.12446659797982365,0.6965949681546915,2.795959635654853,0.05186560368403488,0.40873333058753225,0.11665482954545453
49,1,50,rollout5,0.3,pos,pos,0.0,False,generated,81.118661403656,out/runs/49f_seed1_steps50/rollout5_s0.3_pos,0.13407844484094297,0.7433333598675744,2.863942753265432,0.0493162483847328,0.3971477548747948,0.10333806818181818,0.13368930089186484,0.744609379451541,2.8768118975402266,0.048875115926677704,0.3956342776346528,0.09892451298701298,0.13373794388549962,0.7444498770035453,2.8752032545058777,0.04893025748393459,0.39582346228967064,0.09947620738636362
49,1,50,rollout5,0.3,x0,all,0.0,True,generated,70.11650252342224,out/runs/49f_seed1_steps50/rollout5_s0.3_x0,0.13946940908844466,0.7833951159289453,2.834362406442974,0.05760138618303384,0.4564955164291741,0.1202059659090909,0.13724978890137762,0.7772204444240122,2.851581225189453,0.05686782629175936,0.45285003313358996,0.11881087662337661,0.13752724142476103,0.7779922783621288,2.8494288728461425,0.05695952127816868,0.45330571854553803,0.11898526278409088
49,1,50,rollout5,1.0,,all,0.0,False,generated,88.91265106201172,out/runs/49f_seed1_steps50/rollout5_s1,0.11870355944648961,0.6324356854305858,2.689955987896658,0.05599710449414706,0.3773410658227393,0.10049715909090906,0.12012130565716579,0.6422435779288884,2.6891514609354568,0.056228042652499144,0.38432500345249315,0.10293222402597402,0.11994408738083126,0.6410175913666005,2.6892520268056073,0.05619917538270513,0.3834520112487739,0.10262784090909088
49,1,50,rollout5,10.0,,all,0.0,False,generated,82.8472306728363,out/runs/49f_seed1_steps50/rollout5_s10,0.3049715138984593,1.1461442559832458,2.7127585431983814,0.2313270124489276,0.8937984693572152,0.13955965909090906,0.30458938893191345,1.1463278844673,2.7458770238724854,0.2292254511513254,0.8824125948617346,0.13869724025974026,0.30463715455273177,1.1463049309067932,2.7417372137882228,0.22948814631352565,0.8838358291736697,0.13880504261363635
49,1,50,rollout5,10.0,late,all,0.5,False,generated,44.52123713493347,out/runs/49f_seed1_steps50/rollout5_s10_late,0.2915969705231975,1.1163171182349974,2.625502755991424,0.21973787392329497,0.857349153453176,0.1399147727272727,0.29341327383670673,1.1067583831596812,2.586554278717666,0.21910355527879202,0.8491122714038488,0.137403612012987,0.2931862359225181,1.107953225044096,2.591422838376885,0.21918284510935487,0.8501418816600147,0.1377175071022727
49,1,50,rollout5,10.0,paper,all,0.0,False,paper,98.91330623626709,out/runs/49f_seed1_steps50/rollout5_s10_paper,0.46905579442259193,1.3779605597998654,2.8497077111365567,0.33146061198534993,1.0947982795907354,0.14240056818181818,0.4646800590783932,1.3755176328782845,2.7814422201498155,0.33039109403047634,1.103909224524134,0.13783482142857142,0.4652270259964181,1.375822998743482,2.7899754065231575,0.3305247837748356,1.1027703564074591,0.13840553977272727
49,1,50,rollout5,10.0,pos,pos,0.0,False,generated,83.04159283638,out/runs/49f_seed1_steps50/rollout5_s10_pos,1.0979337466705994,2.2198911989263257,2.8604761264422836,0.7680717113021415,0.9365445735973726,0.13192471590909088,1.1022159294317235,2.2157456354147174,2.883140113447177,0.769515918380033,0.9221012494653179,0.12051034902597402,1.1016806565865829,2.216263830853668,2.8803071150715653,0.7693353924952965,0.9239066649818247,0.12193714488636362
49,1,50,rollout5,10.0,x0,all,0.0,True,generated,60.38640093803406,out/runs/49f_seed1_steps50/rollout5_s10_x0,1.4735667180424756,2.4399641702489197,2.95206585298179,0.9620787355911486,1.0880838914415092,0.16033380681818182,1.5091617858603914,2.461687783271858,2.9413320562932532,0.9794288356107883,1.086633380895752,0.15784801136363638,1.5047124023831517,2.45897233164399,2.9426737808793204,0.9772600731083334,1.0868146947139716,0.15815873579545453
49,1,50,rollout5,1.0,late,all,0.5,False,generated,45.45414757728577,out/runs/49f_seed1_steps50/rollout5_s1_late,0.1570418883253881,0.8103447847601388,2.8223361944578995,0.07027515370309471,0.481434731274641,0.13849431818181818,0.15909197292939445,0.8209869790472238,2.8059611079330122,0.07142469982803325,0.48676082579783814,0.14676339285714285,0.15883571235389365,0.8196567047613382,2.808007993748623,0.07128100656241593,0.48609506398243846,0.14572975852272724
49,1,50,rollout5,1.0,paper,all,0.0,False,paper,96.98333954811096,out/runs/49f_seed1_steps50/rollout5_s1_paper,0.12255838977146663,0.6213240996763438,2.657214791443674,0.057680119203074406,0.38138583957375877,0.09747869318181818,0.12245176694252283,0.6192522670560773,2.693418991223043,0.05753289541474617,0.37912604760792884,0.09377536525974024,0.1224650947961408,0.6195112461336107,2.6888934662506214,0.057551298388287195,0.3794085216036575,0.09423828124999999
49,1,50,rollout5,1.0,pos,pos,0.0,False,generated,81.40672612190247,out/runs/49f_seed1_steps50/rollout5_s1_pos,0.22695892916180813,0.9913101852600044,2.882691628046836,0.10209776227931006,0.46376868847803715,0.146484375,0.22460766484035824,0.995301068001902,2.880737951807466,0.10094388959267987,0.46071001201485784,0.14453125,0.22490157288053947,0.9948022076591647,2.8809821613373874,0.10108812367850864,0.46109234657275533,0.144775390625
49,1,50,rollout5,1.0,x0,all,0.0,True,generated,68.35730075836182,out/runs/49f_seed1_steps50/rollout5_s1_x0,0.14835415217571224,0.7591224139349466,2.7041334403027144,0.08336705765008656,0.5270072661617424,0.057705965909090905,0.15086376473354404,0.776709860610811,2.708420999636379,0.08409502458493057,0.5306384454161529,0.06031858766233765,0.15055006316381506,0.774511429776328,2.7078850547196707,0.08400402871807508,0.5301845480093517,0.05999200994318181
49,1,50,rollout5,3.0,,all,0.0,False,generated,82.31778883934021,out/runs/49f_seed1_steps50/rollout5_s3,0.16287749218469874,0.7519872734606629,2.6598043760138887,0.09642979182640507,0.4947797709986263,0.12322443181818182,0.16956043685873695,0.7726876912208337,2.7086714072795126,0.09870986190765578,0.5078140192402961,0.12089082792207792,0.16872506877448218,0.7701001390008124,2.7025630283713094,0.09842485314749946,0.5061847382100874,0.1211825284090909
49,1,50,rollout5,3.0,late,all,0.5,False,generated,43.05082941055298,out/runs/49f_seed1_steps50/rollout5_s3_late,0.19983004690868383,0.8837498480006822,2.6941767968444683,0.11164747144186758,0.5828738622621568,0.14701704545454544,0.20315670781283604,0.8974773523468473,2.681112788479793,0.11250296130145457,0.5812428806570742,0.15363737824675325,0.20274087519981698,0.8957614143035768,2.682745789525377,0.1123960250690062,0.5814467533577096,0.15280983664772727
49,1,50,rollout5,3.0,paper,all,0.0,False,paper,96.2951111793518,out/runs/49f_seed1_steps50/rollout5_s3_paper,0.18661028159405657,0.7691899240058674,2.7041972994873857,0.10887464999747182,0.5357187401036435,0.10884232954545453,0.18617590253929014,0.7755882722991319,2.696589465062234,0.10842109361205919,0.5344372295344354,0.10539265422077919,0.18623019992113593,0.7747884787624739,2.6975404443653774,0.10847778816023577,0.5345974183555864,0.10582386363636362
49,1,50,rollout5,3.0,pos,pos,0.0,False,generated,83.10978245735168,out/runs/49f_seed1_steps50/rollout5_s3_pos,0.41064354902588185,1.41729290132698,2.925504413922611,0.26901385559976276,0.6494510602904453,0.15074573863636362,0.4243301022978588,1.4662227479165524,2.889212183421987,0.27201066542685953,0.6519476726737166,0.15822849025974023,0.42261928313886166,1.4601065170928558,2.8937487122345655,0.2716360641984724,0.6516355961258077,0.15729314630681818
49,1,50,rollout5,3.0,x0,all,0.0,True,generated,64.38223123550415,out/runs/49f_seed1_steps50/rollout5_s3_x0,0.30358866163629755,1.0662904231608898,2.8219569633055155,0.20956777770790305,0.7114166025077284,0.08718039772727273,0.3081048098498612,1.0791546600786284,2.851706439434877,0.21058298344395926,0.7127502503604483,0.09461241883116882,0.30754029132316585,1.077546630463911,2.847987754918707,0.21045608272695224,0.7125835443788583,0.09368341619318182
49,2,100,none,0.0,,all,0.0,False,generated,14.806392431259155,out/runs/49f_seed2_steps100/none,0.14810289556703965,0.8453863345745125,2.9709576446254173,0.05856168972635079,0.5030432543400728,0.15305397727272727,0.15185065385300317,0.8672965376117086,2.9362224905081256,0.06018155993270214,0.5093635931317084,0.15749289772727273,0.15138218406725773,0.864557762232059,2.9405643847727867,0.05997907615690822,0.508573550782754,0.15693803267045456
49,2,100,oracle,0.03,,all,0.0,False,generated,34.73166370391846,out/runs/49f_seed2_steps100/oracle_s0.03,0.15223304547793967,0.8687300529721244,2.829476254386602,0.060817577405421826,0.5181415476292617,0.1571377840909091,0.15151607640227324,0.8647805999244407,2.7976979855494677,0.05953967977656406,0.5080632506549698,0.15338372564935066,0.15160569753673153,0.8652742815554011,2.8016702691541093,0.059699416980171276,0.5093230377767564,0.15385298295454544
49,2,100,oracle,0.1,,all,0.0,False,generated,34.72804856300354,out/runs/49f_seed2_steps100/oracle_s0.1,0.15206643394258682,0.8553272433800232,2.504232132600046,0.05916530764841523,0.507873802407181,0.14701704545454544,0.1523613046827585,0.8598434263181375,2.469733312469482,0.05975522721276163,0.5061341480683419,0.15457589285714285,0.15232444584023702,0.8592789034508732,2.4740456649858027,0.05968148726721833,0.5063516048606967,0.15363103693181818
49,2,100,oracle,0.3,,all,0.0,False,generated,34.706974029541016,out/runs/49f_seed2_steps100/oracle_s0.3,0.1513651638239532,0.8195106435049819,1.5824771624979674,0.06160714439504453,0.4982909932522262,0.16051136363636362,0.15318713650733096,0.8320483793578047,1.5555718159867742,0.062163198831126455,0.5034610586464944,0.15670657467532464,0.15295938992190874,0.8304811623762018,1.5589349843006735,0.062093692026616215,0.5028148004722108,0.15718217329545453
49,2,100,oracle,1.0,,all,0.0,False,generated,34.714489698410034,out/runs/49f_seed2_steps100/oracle_s1,0.02082080311537504,0.12793931175012332,0.023055049766926863,0.01078764411606218,0.05770792371501043,0.003551136363636364,0.019757672606489023,0.12100649576545641,0.02352290193077325,0.010304261246143169,0.05188742006348988,0.003373579545454545,0.019890563920099774,0.12187309776353977,0.023464420410292453,0.010364684104883046,0.05261498301992995,0.003395774147727273
49,2,100,oracle,10.0,,all,0.0,False,generated,34.71546649932861,out/runs/49f_seed2_steps100/oracle_s10,0.0527549018132379,0.22007229103433293,0.10997539690057916,0.03387659845795176,0.09767482232790252,0.005859375,0.04982958470335109,0.20216526235195834,0.10943737573871706,0.032575111827020345,0.08866985773888245,0.008142248376623376,0.05019524934208694,0.20440364093725513,0.10950462838394982,0.032737797655886774,0.08979547831250996,0.007856889204545454
49,2,100,oracle,3.0,,all,0.0,False,generated,34.71522569656372,out/runs/49f_seed2_steps100/oracle_s3,0.017669279478048985,0.10309174094593208,0.030989860233261026,0.010387991007113653,0.03788371285726223,0.0008877840909090909,0.016503352277038617,0.09599265446840921,0.029668082544333865,0.009943836118143198,0.033679359074653754,0.0007102272727272729,0.01664909317716491,0.09688004027809956,0.029833304755449763,0.009999355479264505,0.034204903297479806,0.000732421875
49,2,100,rollout1,0.03,,all,0.0,False,generated,78.48425555229187,out/runs/49f_seed2_steps100/rollout1_s0.03,0.1434830111445905,0.8285571988531514,2.967313184016083,0.056696587052830476,0.4869663184331786,0.14311079545454544,0.14703955533856497,0.8521693889913243,2.926309129248491,0.05770374994892809,0.4979417802700842,0.14935064935064934,0.14659498731431814,0.8492178652240526,2.93143463609444,0.05757785458691589,0.49656984754047107,0.14857066761363635
49,2,100,rollout1,0.1,,all,0.0,False,generated,78.47917819023132,out/runs/49f_seed2_steps100/rollout1_s0.1,0.13620076456580385,0.8080124477500732,2.950942090648687,0.052670454339277556,0.475741017206417,0.12499999999999997,0.13667699833027677,0.8063634631158987,2.904497157032881,0.052514581654715016,0.4720812907732726,0.12905844155844154,0.13661746910971767,0.8065695861951705,2.9103027737348572,0.05253406574028533,0.4725387565774157,0.12855113636363635
49,2,100,rollout1,0.3,,all,0.0,False,generated,74.91874432563782,out/runs/49f_seed2_steps100/rollout1_s0.3,0.11962723128516502,0.7335407796132289,2.910153666276929,0.04598736563631977,0.4377032101516134,0.09605823863636362,0.11908939351007759,0.7311726839200906,2.8628853353909145,0.04600576165449719,0.43317172902966344,0.09598214285714286,0.11915662323196352,0.7314686958817329,2.868793876751666,0.04600346215222502,0.4337381641699072,0.09599165482954544
49,2,100,rollout1,1.0,,all,0.0,False,generated,73.60938572883606,out/runs/49f_seed2_steps100/rollout1_s1,0.1131485694125129,0.6835317916085644,2.8381043640942667,0.049260929715617595,0.42876844404631675,0.08327414772727271,0.10938958356718978,0.6687891103389164,2.8231065893942957,0.04904612924332371,0.42603763962727814,0.08380681818181816,0.10985945679785518,0.6706319454976225,2.8249813112317916,0.049072979302360445,0.4263789901796579,0.08374023437499999
49,2,100,rollout1,10.0,,all,0.0,False,generated,73.23971343040466,out/runs/49f_seed2_steps100/rollout1_s10,0.19693897191283588,1.0834477934894249,3.0641593295228167,0.16468431402533829,0.9354338053710882,0.04314630681818181,0.19548004854302256,1.067164645533578,3.1047317760255573,0.16259078838703642,0.9221177296463209,0.04570819805194805,0.19566241396424922,1.0692000390280587,3.0996602202127153,0.16285247909182415,0.9237822391119168,0.045387961647727265
49,2,100,rollout1,3.0,,all,0.0,False,generated,73.253089427948,out/runs/49f_seed2_steps100/rollout1_s3,0.12113912097938223,0.7143750791711279,2.8859391331588866,0.0716976813706227,0.5281684696496497,0.06906960227272727,0.1193309458147548,0.7162930912197945,2.9237830027872698,0.07090989772261976,0.5281553724523659,0.06455458603896103,0.11955696771033322,0.716053339713711,2.9190525190837215,0.07100837067862012,0.5281570096020263,0.06511896306818181
49,2,100,rollout5,0.03,,all,0.0,False,generated,176.3871874809265,out/runs/49f_seed2_steps100/rollout5_s0.03,0.1410888840065565,0.8137513898840938,2.9506235703577723,0.05583117697231946,0.48205732673508067,0.1376065340909091,0.14591008221856788,0.8391526531362946,2.918718884572171,0.057377267617033226,0.48807388829694737,0.15011160714285715,0.14530743244206645,0.8359774952297695,2.922706970295372,0.057184006286444,0.487321818101714,0.14854847301136365
49,2,100,rollout5,0.1,,all,0.0,False,generated,181.8188910484314,out/runs/49f_seed2_steps100/rollout5_s0.1,0.13283866104502584,0.7783004596840211,2.89939891747169,0.05116510504063977,0.44838720729488424,0.12926136363636362,0.1330600468553153,0.7795568268409472,2.8750390807200845,0.05162121780562564,0.4495051977479981,0.1304028003246753,0.13303237362902912,0.7793997809463313,2.8780840603140354,0.05156420371000241,0.4493654489413588,0.13026012073863635
49,2,100,rollout5,0.3,,all,0.0,False,generated,171.40547347068787,out/runs/49f_seed2_steps100/rollout5_s0.3,0.10661507135483658,0.6487547206284374,2.80980736058976,0.041852009874714644,0.3718369321020518,0.09019886363636362,0.11067622545093403,0.6607583602762924,2.796375023398405,0.04385622956873591,0.37731196861606214,0.10133421266233765,0.11016858118892184,0.6592579053203104,2.7980540655473245,0.04360570210698325,0.3766275890518108,0.0999422940340909
49,2,100,rollout5,1.0,,all,0.0,False,generated,175.66619873046875,out/runs/49f_seed2_steps100/rollout5_s1,0.11018092965502474,0.6007702597812847,2.676526089885781,0.050438650945848415,0.3672788701736845,0.08096590909090909,0.11065640754806075,0.6066656992719622,2.6970939730377004,0.05035225103749669,0.36837614902438454,0.08411120129870128,0.11059697281143124,0.6059287693356276,2.694522987643711,0.050363051026040655,0.3682389891680471,0.08371803977272727
49,2,100,rollout5,10.0,,all,0.0,False,generated,174.5292046070099,out/runs/49f_seed2_steps100/rollout5_s10,0.2565451371987484,0.9581038047751302,2.593622380637911,0.1868770890069293,0.7311504559905937,0.10742187499999999,0.2579362533862618,0.962310352938819,2.6262619854163725,0.18589777298802465,0.7148448348771627,0.10557021103896103,0.25776236386282264,0.961784534418358,2.6221820348190645,0.18602018749038773,0.7168830375163416,0.1058016690340909
49,2,100,rollout5,3.0,,all,0.0,False,generated,166.70431351661682,out/runs/49f_seed2_steps100/rollout5_s3,0.14471963028076962,0.6896860412325404,2.5965436653064415,0.08471399892010305,0.4698159421681755,0.08629261363636363,0.1451513190214911,0.6890887989677352,2.6523543344933285,0.0832108826753705,0.46369660974942967,0.09189833603896103,0.1450973579289009,0.6891634542508358,2.6453780008449677,0.08339877220596206,0.46446152630177284,0.09119762073863635
49,2,20,none,0.0,,all,0.0,False,generated,3.069819450378418,out/runs/49f_seed2_steps20/none,0.156295828870781,0.8757339330951595,2.940342423652913,0.06500510452483785,0.520969445362808,0.15074573863636365,0.15807548420624304,0.8793403876594371,2.902541853699127,0.06539314300887268,0.5194282315207636,0.1556158685064935,0.15785302728931028,0.8788895808389023,2.9072669249433503,0.06534463819836833,0.5196208832510191,0.15500710227272724
49,2,20,oracle,0.03,,all,0.0,False,generated,7.061538457870483,out/runs/49f_seed2_steps20/oracle_s0.03,0.15712367963219542,0.8770675188505901,2.800246619930126,0.06459736866212373,0.5218880951332734,0.1544744318181818,0.15731765866388286,0.8765363886404235,2.7714757876173644,0.06489023813989048,0.5177645846745547,0.15206473214285715,0.1572934112849219,0.8766027799166942,2.7750721416564588,0.06485362945516965,0.5182800234818945,0.1523659446022727
49,2,20,oracle,0.1,,all,0.0,False,generated,7.069604873657227,out/runs/49f_seed2_steps20/oracle_s0.1,0.15762974941943295,0.87030116340439,2.5039579766173974,0.06518084848580612,0.51472240593548,0.1496803977272727,0.15867918097147543,0.8735041845928253,2.4645335690619206,0.06590769228431342,0.5194913269770006,0.15467735389610388,0.1585480020274701,0.8731038069442709,2.4694616200063555,0.06581683680950001,0.5188952118468104,0.154052734375
49,2,20,oracle,0.3,,all,0.0,False,generated,7.07574725151062,out/runs/49f_seed2_steps20/oracle_s0.3,0.16191180123590818,0.8579474319400548,1.655763670692564,0.06930910400827994,0.5157621182390816,0.16246448863636362,0.159985101752709,0.8461291263097902,1.6282282822191392,0.06875571827695173,0.5095591825896857,0.1564275568181818,0.1602259391881089,0.8476064145135732,1.6316702057783172,0.06882489149336776,0.5103345495458601,0.15718217329545453
49,2,20,oracle,1.0,,all,0.0,False,generated,7.05937647819519,out/runs/49f_seed2_steps20/oracle_s1,0.0816402185813333,0.3991512599966787,0.1193797285597345,0.042904212746936676,0.2099871491701614,0.03746448863636363,0.07917812112515805,0.3883833631094301,0.11518096003049484,0.042043571162002726,0.20382532990434812,0.039163961038961026,0.07948588330717996,0.38972935022033617,0.11570580609664981,0.04215115136011947,0.20459555731257473,0.03895152698863636
49,2,20,oracle,10.0,,all,0.0,False,generated,7.054665803909302,out/runs/49f_seed2_steps20/oracle_s10,0.4605662454790554,1.3790222622322545,0.49813358924474194,0.28824052101411535,0.7998001617043144,0.2863991477272727,0.45661444081869146,1.3894399070675034,0.5021131816109966,0.2865074035309994,0.8099136024104198,0.27719155844155846,0.457108416401237,1.3881377014630971,0.5016157325652149,0.2867240432163889,0.8086494223221565,0.2783425071022727
49,2,20,oracle,3.0,,all,0.0,False,generated,7.059643983840942,out/runs/49f_seed2_steps20/oracle_s3,0.08722617741264539,0.3687803444318076,0.15505624610649757,0.05336414464969576,0.1863684341309142,0.05095880681818181,0.08288519680068088,0.34671577130737774,0.1497981889069004,0.051934992658269605,0.17258356122523083,0.04619013798701298,0.08342781937717644,0.3494738429479315,0.15045544605685002,0.05211363665719787,0.17430667033844127,0.04678622159090909
49,2,20,rollout1,0.03,,all,0.0,False,generated,15.737037181854248,out/runs/49f_seed2_steps20/rollout1_s0.03,0.15141952059175182,0.8541641986817081,2.9337280779933694,0.06177784743668077,0.5046588824165299,0.13813920454545456,0.15333505955781002,0.8617813194130629,2.8914975307439628,0.06316033879705624,0.5091189131768241,0.14521611201298698,0.15309561718705272,0.8608291793216436,2.896776349150139,0.0629875273770093,0.5085614093317874,0.14433149857954547
49,2,20,rollout1,0.1,,all,0.0,False,generated,15.41886305809021,out/runs/49f_seed2_steps20/rollout1_s0.1,0.1438264940498272,0.8266543169491561,2.930163267839286,0.0580855390738763,0.48545733436693783,0.125,0.14375844536573254,0.821195020859203,2.8707392686534,0.05847873071807187,0.48156536645187753,0.13070718344155843,0.14376695145124435,0.8218774328704471,2.8781672685516355,0.05842958176254743,0.48205186244126,0.12999378551136365
49,2,20,rollout1,0.3,,all,0.0,False,generated,15.964049339294434,out/runs/49f_seed2_steps20/rollout1_s0.3,0.12625857157166792,0.7438413016288477,2.889556644758847,0.052421331041781274,0.4423937355268372,0.10120738636363635,0.12703139743297148,0.7489626728458129,2.8397360531864644,0.05341304395894845,0.44388188045414595,0.1019429788961039,0.1269347942003085,0.7483225014436923,2.8459636271330124,0.05328907984430254,0.4436958623382324,0.10185102982954544
49,2,20,rollout1,1.0,,all,0.0,False,generated,15.630166292190552,out/runs/49f_seed2_steps20/rollout1_s1,0.12804536463879035,0.7060242334019814,2.841883812784394,0.06350955098310981,0.43072104638009173,0.10316051136363635,0.12992813385419683,0.7167497762095226,2.837971348555052,0.06413985113422736,0.4360740972283761,0.11021205357142856,0.129692787702271,0.71540908335858,2.8384604065837196,0.06406106361533767,0.43540496587234057,0.10933061079545453
49,2,20,rollout1,10.0,,all,0.0,False,generated,16.122908353805542,out/runs/49f_seed2_steps20/rollout1_s10,0.564103442183747,1.9630532889796712,3.506539643767108,0.40150444522934003,1.463150881967192,0.46271306818181823,0.5569246795322602,1.949776773474982,3.4648347210996717,0.3945042513983023,1.4513824690225514,0.4539113230519481,0.557822024863696,1.9514363379130684,3.4700478364331016,0.3953792756271821,1.4528535206406317,0.4550115411931819
49,2,20,rollout1,3.0,,all,0.0,False,generated,15.523713111877441,out/runs/49f_seed2_steps20/rollout1_s3,0.22733376674633318,1.033967485367331,3.0486822825887137,0.13042816534850638,0.6648500531518476,0.2238991477272727,0.2264966834755197,1.0231463371196972,3.043126562443741,0.13121414298272263,0.658482062609586,0.22506594967532464,0.2266013188843714,1.0244989806506515,3.043821027461862,0.13111589577844557,0.6592780614273688,0.22492009943181818
49,2,20,rollout5,0.03,,all,0.0,False,generated,35.56787323951721,out/runs/49f_seed2_steps20/rollout5_s0.03,0.14839031590801124,0.8396270576337028,2.921016485409945,0.06074695249366666,0.49459697993682006,0.13831676136363635,0.15189346266008805,0.8554135839264978,2.8854064368103165,0.06299696299118254,0.5039191590106753,0.14549512987012989,0.15145556931607845,0.8534402681398985,2.88985769288527,0.06271571167899306,0.5027538866264434,0.14459783380681818
49,2,20,rollout5,0.1,,all,0.0,False,generated,34.49561142921448,out/runs/49f_seed2_steps20/rollout5_s0.1,0.1392953090781347,0.7915807625567551,2.871276814619285,0.05713153308710271,0.459549279721845,0.13068181818181818,0.14150401161584994,0.8011764452637039,2.8489477150499525,0.05843371160557959,0.4659705637917588,0.13192471590909088,0.14122792379863552,0.7999769849253352,2.851738852496119,0.058270939290769985,0.4651679032830196,0.13176935369318182
49,2,20,rollout5,0.3,,all,0.0,False,generated,35.93593454360962,out/runs/49f_seed2_steps20/rollout5_s0.3,0.11632670212213926,0.6714471913127851,2.801078414185344,0.04956641088391932,0.38386683342367434,0.09730113636363635,0.11802859498061646,0.6788289066041414,2.7811799415865175,0.05064738458331029,0.38886464891062866,0.10092836850649349,0.11781585837330683,0.677906192192722,2.78366725066137,0.05051226287088642,0.38823992197475937,0.10047496448863635
49,2,20,rollout5,1.0,,all,0.0,False,generated,36.42346787452698,out/runs/49f_seed2_steps20/rollout5_s1,0.13848801233703745,0.6791737791130832,2.722636963201131,0.0691941878136978,0.39156345133301296,0.126953125,0.13650204866787718,0.6805959149455791,2.7230598025672292,0.0685062158725273,0.3955246290888687,0.12441659902597402,0.13675029412652223,0.6804181479665171,2.723006947646467,0.0685922123651736,0.3950294818693867,0.12473366477272727
49,2,20,rollout5,10.0,,all,0.0,False,generated,38.044745206832886,out/runs/49f_seed2_steps20/rollout5_s10,0.6644985624989835,1.866227274977835,3.0187539079284136,0.4766139351539952,1.3789628176963467,0.3528053977272727,0.6691608798079928,1.8781342206003708,2.9919531677460967,0.48001885525805,1.3760561179488355,0.33444094967532473,0.6685780901443668,1.8766458523975538,2.9953032602688863,0.47959324024504313,1.3764194554172744,0.3367365056818182
49,2,20,rollout5,3.0,,all,0.0,False,generated,35.46711611747742,out/runs/49f_seed2_steps20/rollout5_s3,0.25505281361360044,0.9875726026541272,2.772241147153723,0.15137493455875856,0.622120823978365,0.23188920454545453,0.25647367565428253,0.9929082516034525,2.817100637602465,0.15284386120180843,0.6184203143178141,0.21788758116883117,0.25629606789919734,0.9922412954847868,2.811493201296372,0.1526602453714272,0.618882878025383,0.2196377840909091
49,2,50,none,0.0,,all,0.0,False,generated,7.456611156463623,out/runs/49f_seed2_steps50/none,0.14999780709577804,0.8489375463934714,2.9637778863594635,0.060633217133224844,0.5079971048130156,0.15625,0.15278105600219508,0.8684468624097487,2.9284524665517346,0.06105112362106392,0.5089658367787078,0.15619926948051946,0.15243314988889292,0.8660081979077139,2.932868144027701,0.06099888531008404,0.5088447452829963,0.15620561079545453
49,2,50,oracle,0.03,,all,0.0,False,generated,17.428906679153442,out/runs/49f_seed2_steps50/oracle_s0.03,0.15374301130282292,0.8708962181305894,2.821620971349156,0.06142925051460157,0.5167674717128423,0.15962357954545453,0.15331632735036063,0.8691666990624685,2.792364554727487,0.06098103363737414,0.5107451491610316,0.1555397727272727,0.15336966284441844,0.8693828889459835,2.796021606805196,0.06103706074702757,0.511497939480008,0.15605024857954541
49,2,50,oracle,0.03,late,all,0.5,False,generated,12.44015622138977,out/runs/49f_seed2_steps50/oracle_s0.03_late,0.14860544542422646,0.8481936046920733,2.928020220308312,0.059822882918753525,0.5057922299828055,0.15198863636363635,0.1527600149144955,0.8653511189712361,2.8933829722004774,0.060938027036637754,0.5069908271918349,0.1570109577922078,0.15224069372821186,0.8632064296863409,2.8977126282139567,0.06079863402190222,0.5068410025407062,0.15638316761363635
49,2,50,oracle,0.03,pos,pos,0.0,False,generated,17.43645668029785,out/runs/49f_seed2_steps50/oracle_s0.03_pos,0.1540761881985892,0.8738468202576115,2.808513674349993,0.06176930163475344,0.517715713086182,0.1594460227272727,0.15465013118100293,0.8750391502127365,2.77303932653115,0.061375526683173656,0.514025306836038,0.1584314123376623,0.15457838830820125,0.8748901089683458,2.7774736200085055,0.06142474855212113,0.514486607617306,0.15855823863636365
49,2,50,oracle,0.03,x0,all,0.0,True,generated,7.496318101882935,out/runs/49f_seed2_steps50/oracle_s0.03_x0,0.14951070862768073,0.8659680719721343,2.865591810822042,0.06078611432556603,0.5107629972338974,0.15110085227272727,0.15328044617000755,0.8671149390260017,2.835647811338817,0.06092141751445357,0.50876467112705,0.15569196428571427,0.15280922897721672,0.8669715806442684,2.83939081127422,0.060904504615842625,0.509014461890406,0.15511807528409088
49,2,50,oracle,0.1,,all,0.0,False,generated,17.48002791404724,out/runs/49f_seed2_steps50/oracle_s0.1,0.15151176342529038,0.8532022427578855,2.5039661067967103,0.06038411706826092,0.505028291913886,0.150390625,0.15334453162031078,0.8603217676141272,2.4679699265163464,0.061233977213372745,0.5073396898887798,0.1571124188311688,0.15311543559593327,0.859431827007097,2.472469449051392,0.06112774469523376,0.507050765141918,0.1562721946022727
49,2,50,oracle,0.1,late,all,0.5,False,generated,12.454976797103882,out/runs/49f_seed2_steps50/oracle_s0.1_late,0.14707603691132975,0.8462801670062707,2.8474312421153685,0.05956288945433765,0.5017787208961675,0.14808238636363635,0.15397756175965518,0.8677078456054945,2.811878371143636,0.061286578439312005,0.5098657060505846,0.1553875811688312,0.1531148711536145,0.8650293857805917,2.8163224800151023,0.061071117316190214,0.5088548329062824,0.15447443181818182
49,2,50,oracle,0.1,pos,pos,0.0,False,generated,17.43283224105835,out/runs/49f_seed2_steps50/oracle_s0.1_pos,0.15964973946650657,0.8912789006049274,2.4477128376618866,0.06302950364038648,0.5272937043243806,0.16779119318181818,0.16343855595332155,0.9079574454546984,2.411218858572488,0.06501421341669827,0.5359691137653789,0.17327008928571427,0.16296495389246965,0.9058726273484771,2.415780605958663,0.06476612469465931,0.5348846875852542,0.17258522727272724
49,2,50,oracle,0.1,x0,all,0.0,True,generated,7.492909908294678,out/runs/49f_seed2_steps50/oracle_s0.1_x0,0.15771680340544514,0.8836867872402488,2.6316180341058164,0.06357044944907426,0.5280324149450215,0.15323153409090906,0.15632937807340472,0.8741988704738649,2.6099463100287585,0.0625127771107991,0.5157395094971504,0.15285105519480519,0.15650280623990975,0.8753848600696629,2.612655275538391,0.0626449861530835,0.5172761226781343,0.15289861505681818
49,2,50,oracle,0.3,,all,0.0,False,generated,17.43363094329834,out/runs/49f_seed2_steps50/oracle_s0.3,0.15226926747126485,0.8261593027026433,1.59983341394866,0.06270420813517946,0.4978449266300993,0.15926846590909094,0.1544783671939808,0.833574128106675,1.573859518725586,0.06363393078821433,0.5018086924450109,0.15690949675324672,0.15420222972864134,0.8326472749311709,1.57710625562847,0.06351771545658497,0.501313221718147,0.15720436789772727
49,2,50,oracle,0.3,late,all,0.5,False,generated,12.45656704902649,out/runs/49f_seed2_steps50/oracle_s0.3_late,0.16386265885557166,0.8884581517674041,2.6201128260201365,0.06679968478745137,0.5384887102542139,0.16388494318181818,0.16616339190061044,0.8989147520937186,2.585529953856088,0.06825433896312451,0.5377605866812293,0.17108867694805194,0.16587580026998058,0.8976076770529292,2.589852812876594,0.06807250719116537,0.5378516021278523,0.17018821022727273
49,2,50,oracle,0.3,pos,pos,0.0,False,generated,17.417154788970947,out/runs/49f_seed2_steps50/oracle_s0.3_pos,0.1815746733905635,0.945823228284216,1.5030145682456018,0.07459347850981313,0.5715654662988214,0.1875,0.17866388035274822,0.9293223121630046,1.4904161219213237,0.07471394278581435,0.5609952943330708,0.19642857142857142,0.1790277294824751,0.9313849266781561,1.4919909277118584,0.0746988847513142,0.5623165658287896,0.19531249999999997
49,2,50,oracle,0.3,x0,all,0.0,True,generated,7.492429256439209,out/runs/49f_seed2_steps50/oracle_s0.3_x0,0.1784191145305248,0.9322582438985432,1.8845412308482685,0.07282523489761958,0.570008569668317,0.16974431818181818,0.17565754127183486,0.915802983234907,1.8593245329498918,0.07215027498913876,0.5614073063782627,0.17159598214285715,0.17600273792917112,0.9178598908178616,1.862476620187189,0.07223464497769887,0.5624824642895194,0.17136452414772727
49,2,50,oracle,1.0,,all,0.0,False,generated,17.426095724105835,out/runs/49f_seed2_steps50/oracle_s1,0.03457588265087873,0.19747568634372564,0.044107703106132455,0.01803165493491511,0.0993727641916907,0.006924715909090908,0.03292586794822198,0.1872211677928565,0.04309009662672613,0.017357541046868243,0.09048700695340285,0.008091517857142858,0.03313211978605407,0.18850298261171516,0.04321729743665191,0.0174418052828741,0.09159772660818882,0.007945667613636364
49,2,50,oracle,10.0,,all,0.0,False,generated,17.4380464553833,out/runs/49f_seed2_steps50/oracle_s10,0.1156250560277853,0.4057088429344339,0.19399130957842062,0.07600164697580175,0.20378638930403267,0.04634232954545454,0.11011225262255171,0.37775828315131227,0.1929189177147045,0.07268752278561057,0.1887038826950025,0.04877739448051948,0.1108013530482059,0.3812521031242025,0.19305296669766903,0.07310178830938449,0.19058919602113128,0.04847301136363636
49,2,50,oracle,10.0,late,all,0.5,False,generated,12.451837301254272,out/runs/49f_seed2_steps50/oracle_s10_late,0.11943647278113265,0.4458533712268515,0.17861310526526836,0.07406293809502766,0.21461029009840063,0.057883522727272714,0.11637596661885939,0.43099655945028925,0.17673343922204357,0.07263226027296257,0.21162189395088501,0.05694500811688311,0.11675852988914355,0.43285366092235955,0.17696839747744664,0.07281109500072072,0.21199544346932447,0.05706232244318181
49,2,50,oracle,10.0,pos,pos,0.0,False,generated,17.423278331756592,out/runs/49f_seed2_steps50/oracle_s10_pos,0.19030338094709057,0.6778072452593942,0.3175573968298924,0.13373731106395187,0.3971034889307531,0.12269176136363637,0.19172730937653173,0.6850851181018809,0.31998571164085815,0.1328989295828317,0.3934734532800241,0.13126521915584416,0.1915493183228516,0.6841753839965701,0.3196821722894874,0.13300372726797172,0.39392720773636525,0.13019353693181818
49,2,50,oracle,10.0,x0,all,0.0,True,generated,7.481800556182861,out/runs/49f_seed2_steps50/oracle_s10_x0,0.03785796483283755,0.21664294199780643,0.18079828120957167,0.019142049340487983,0.10847213808606503,0.018821022727272728,0.036733422732375724,0.20377895041360952,0.18005663535000124,0.019052811474949194,0.09887458391737233,0.02150974025974026,0.03687399049493346,0.2053869493616341,0.1801493410824475,0.01906396620814154,0.10007427818845892,0.021173650568181816
49,2,50,oracle,1.0,late,all,0.5,False,generated,12.450620651245117,out/runs/49f_seed2_steps50/oracle_s1_late,0.2401498834689632,1.1033664049875682,1.9203752813855295,0.1174638887441472,0.7262201695806836,0.29350142045454547,0.23931119893132952,1.0973151176084621,1.8929272741971848,0.11622259803565896,0.7148216121241459,0.29931006493506496,0.23941603449853371,1.0980715285308507,1.896358275095728,0.11637775937421997,0.7162464318062131,0.298583984375
49,2,50,oracle,1.0,pos,pos,0.0,False,generated,17.435585260391235,out/runs/49f_seed2_steps50/oracle_s1_pos,0.10221929955029187,0.4697952665498536,0.09587310878677685,0.07096599908631837,0.32067994401744526,0.03533380681818181,0.09951857125993091,0.4515537408362755,0.0923070541845599,0.06975210912275293,0.3000604814131988,0.03360896915584415,0.09985616229622603,0.45383393155047275,0.09275281100983704,0.0699038453681986,0.30263791423872954,0.03382457386363637
49,2,50,oracle,1.0,x0,all,0.0,True,generated,7.480273008346558,out/runs/49f_seed2_steps50/oracle_s1_x0,0.017519291278014743,0.11526083599628156,0.025631477760516514,0.009929026109814956,0.04875313806433093,0.0,0.017638429318646398,0.11443659733488531,0.02628088794978194,0.010120342629058445,0.04685195307987692,0.0003804788961038961,0.017623537063567445,0.11453962716755983,0.02619971167612376,0.010096428064153007,0.047089601202933665,0.0003329190340909091
49,2,50,oracle,3.0,,all,0.0,False,generated,17.429636478424072,out/runs/49f_seed2_steps50/oracle_s3,0.03197231100925783,0.16399586540087074,0.06515457948010454,0.019579429855553023,0.06822445802096892,0.0024857954545454545,0.029825517567496074,0.15089153030194627,0.06205960770264628,0.018677025180741998,0.06188178568053299,0.0037286931818181815,0.03009386674771629,0.15252957218931185,0.062446479174828554,0.01878982576509338,0.0626746197230875,0.003573330965909091
49,2,50,oracle,3.0,late,all,0.5,False,generated,12.4488525390625,out/runs/49f_seed2_steps50/oracle_s3_late,0.1798794060051882,0.7633386154883359,0.3880740437833232,0.09241134252587224,0.49372109011364007,0.14595170454545456,0.18153914064365453,0.7824959454411421,0.392917511572827,0.09186081007304672,0.5033640626256651,0.13649046266233764,0.1813316738138462,0.7801012791970414,0.39231207809913904,0.09192962662964992,0.502158691061662,0.13767311789772724
49,2,50,oracle,3.0,pos,pos,0.0,False,generated,17.43505334854126,out/runs/49f_seed2_steps50/oracle_s3_pos,0.06794020269092614,0.32646173380345644,0.10794173739334505,0.048025712627965636,0.18664172790259648,0.03213778409090909,0.06875019885092717,0.32691729977496103,0.10679931264721655,0.046629942415423876,0.18006129965333256,0.03305093344155844,0.06864894933092704,0.326860354028523,0.10694211574048262,0.04680441369199159,0.18088385318449057,0.032936789772727265
49,2,50,oracle,3.0,x0,all,0.0,True,generated,7.636104106903076,out/runs/49f_seed2_steps50/oracle_s3_x0,0.021403650674500244,0.12963046034287984,0.05206545543472798,0.012013746722421198,0.05590164568041375,0.002130681818181818,0.020856776286558593,0.12774201526506052,0.0518860514093029,0.011858356376367915,0.05331295842667381,0.0016994724025974027,0.020925135585051297,0.1279780708997879,0.05190847691248103,0.011877780169624576,0.053636544333391295,0.0017533735795454545
49,2,50,rollout1,0.03,,all,0.0,False,generated,39.15095400810242,out/runs/49f_seed2_steps50/rollout1_s0.03,0.14470610782316148,0.8291690044003656,2.957828621705902,0.05835375343717657,0.49305987441544896,0.14595170454545453,0.14848947968158518,0.8515518327691708,2.9169297331701904,0.058929730545413846,0.49800646803182325,0.15082183441558442,0.1480165581992822,0.84875397922307,2.9220420942371543,0.05885773340688419,0.4973881438297765,0.15021306818181818
49,2,50,rollout1,0.03,late,all,0.5,False,generated,21.129721879959106,out/runs/49f_seed2_steps50/rollout1_s0.03_late,0.14800142515507775,0.8446977817756349,2.96213706933405,0.05930372985247048,0.5012874980263919,0.1477272727272727,0.15052765111094932,0.8616020688180165,2.9266904157426543,0.05967540027614617,0.5040617687851919,0.15181107954545453,0.15021187286646537,0.8594890329377188,2.9311212474415784,0.05962894147318672,0.503714984940342,0.15130060369318182
49,2,50,rollout1,0.03,paper,all,0.0,False,paper,55.89066457748413,out/runs/49f_seed2_steps50/rollout1_s0.03_paper,0.14677655528279565,0.8393919981440514,2.954548810429077,0.05892009029108024,0.49855319190791625,0.14985795454545453,0.1483956561820606,0.852698371510649,2.9164232272609807,0.05932074159735897,0.49868067115002657,0.15318080357142858,0.14819326856965254,0.8510350748398243,2.9211889251569922,0.059270660184074134,0.4986647362447628,0.15276544744318182
49,2,50,rollout1,0.03,pos,pos,0.0,False,generated,36.40774965286255,out/runs/49f_seed2_steps50/rollout1_s0.03_pos,0.13702180233579586,0.8027404428944569,2.966002537036659,0.05148457543204685,0.47173324134807115,0.11665482954545453,0.14241999714703063,0.8355631232920812,2.9233138497263114,0.05321614720096359,0.48020048057915965,0.12900771103896105,0.14174522279562632,0.8314602882423782,2.9286499356401046,0.052999700729849,0.47914207567527356,0.1274636008522727
49,2,50,rollout1,0.03,x0,all,0.0,True,generated,27.10439944267273,out/runs/49f_seed2_steps50/rollout1_s0.03_x0,0.14841690865640228,0.8411289827218646,2.961515957765866,0.06017377516995644,0.5053927082050206,0.1477272727272727,0.14998260912481795,0.860000090852047,2.9255414087309473,0.05965898910378858,0.5030992180688781,0.15209009740259738,0.14978689656626598,0.8576412023357742,2.930038227360312,0.05972333736205956,0.5033859043358959,0.15154474431818182
49,2,50,rollout1,0.1,,all,0.0,False,generated,39.43475008010864,out/runs/49f_seed2_steps50/rollout1_s0.1,0.13864011733128553,0.8175052176939134,2.9441273003753685,0.054240909815235494,0.4839612709546631,0.12677556818181818,0.13792653759414367,0.8083173941812886,2.8965708580184795,0.053836117955873876,0.4722315518729611,0.13106229707792205,0.13801573506128642,0.8094658721203667,2.9025154133130906,0.053886716938294076,0.4736977667581739,0.13052645596590906
49,2,50,rollout1,0.1,late,all,0.5,False,generated,21.267006158828735,out/runs/49f_seed2_steps50/rollout1_s0.1_late,0.14141223224641108,0.824405816964864,2.958587848557026,0.056050282436414474,0.48728785980915823,0.13121448863636362,0.14538134876774955,0.8440337324729595,2.9215088176780326,0.05704054833575713,0.49355812713284486,0.140625,0.14488520920258224,0.8415802430344476,2.9261436965379066,0.056916765098339296,0.49277434371738404,0.13944868607954544
49,2,50,rollout1,0.1,paper,all,0.0,False,paper,56.38110136985779,out/runs/49f_seed2_steps50/rollout1_s0.1_paper,0.1351147137112601,0.7942950070465635,2.920854313005262,0.05449924784536293,0.4709075947464604,0.1340553977272727,0.1378262193438897,0.8031488908209281,2.888589839544569,0.05532919921219544,0.4708386917627356,0.1373275162337662,0.137487281139811,0.8020421553491326,2.8926228987271556,0.055225455291341374,0.4708473046357012,0.13691850142045453
49,2,50,rollout1,0.1,pos,pos,0.0,False,generated,36.00080490112305,out/runs/49f_seed2_steps50/rollout1_s0.1_pos,0.12038347868006716,0.747239970318387,2.965223340373454,0.04019927533974965,0.4268005771127562,0.07120028409090909,0.12427753979703178,0.76930152263464,2.9128309008721116,0.041038289743900246,0.43543207661825695,0.07487824675324675,0.1237907821574112,0.7665438285951083,2.919379955809779,0.040933412943381424,0.43435313918006935,0.07441850142045453
49,2,50,rollout1,0.1,x0,all,0.0,True,generated,26.844525814056396,out/runs/49f_seed2_steps50/rollout1_s0.1_x0,0.14176565543868905,0.8137081499418795,2.956397716051004,0.05607811750368935,0.4855991931450243,0.13068181818181818,0.14477472826256,0.8400523184103044,2.9154268979409994,0.05621612235249059,0.4882103904216611,0.13755580357142855,0.14439859415957612,0.8367592973517513,2.92054825020475,0.05619887174639043,0.48788399076208144,0.13669655539772724
49,2,50,rollout1,0.3,,all,0.0,False,generated,38.924256801605225,out/runs/49f_seed2_steps50/rollout1_s0.3,0.12082289977401023,0.7383823017521052,2.9025398199715555,0.046808631451292854,0.4361869377087161,0.09996448863636362,0.12093144799147379,0.7363445130308229,2.857951531374064,0.04775368693257757,0.43452652331875846,0.09851866883116882,0.12091787946429082,0.7365992366209833,2.8635250674487507,0.04763555499741698,0.43473407511750317,0.09869939630681816
49,2,50,rollout1,0.3,late,all,0.5,False,generated,21.182169437408447,out/runs/49f_seed2_steps50/rollout1_s0.3_late,0.1336410984087735,0.7979943234818023,2.9465549506584385,0.052700201202626654,0.47617998183147203,0.10795454545454544,0.13740346458127886,0.8153787360323852,2.908800220647831,0.053803848371356336,0.47790756939684254,0.11820211038961038,0.13693316880971568,0.8132056844635622,2.9135195618991574,0.05366589247526512,0.47769162095117124,0.11692116477272727
49,2,50,rollout1,0.3,paper,all,0.0,False,paper,54.73024129867554,out/runs/49f_seed2_steps50/rollout1_s0.3_paper,0.11485748663070358,0.6969002334982444,2.8693469097059325,0.04872058611349829,0.412784177825024,0.11416903409090907,0.11940845533480819,0.7149940670920044,2.8406976523421568,0.05098699653436719,0.42318481384633955,0.12439123376623375,0.11883958424679512,0.7127323378927846,2.8442788095126286,0.05070369523175858,0.4218847343436751,0.12311345880681816
49,2,50,rollout1,0.3,pos,pos,0.0,False,generated,35.51888370513916,out/runs/49f_seed2_steps50/rollout1_s0.3_pos,0.11068223676932286,0.715976604675953,2.9686862150806372,0.027602958454194266,0.39571212844093023,0.009410511363636364,0.11170329542209052,0.7260542501303452,2.915057464808408,0.02811220092257258,0.4041388327656377,0.011008522727272726,0.11157566309049455,0.7247945444485461,2.9217610585924367,0.028048545614025294,0.4030854947250493,0.010808771306818182
49,2,50,rollout1,0.3,x0,all,0.0,True,generated,26.935174703598022,out/runs/49f_seed2_steps50/rollout1_s0.3_x0,0.1292124611465043,0.7820172465814919,2.932972812636841,0.050046062024452984,0.47576209144553616,0.08895596590909088,0.12903178737011917,0.7791379589653147,2.8938632298495697,0.05047561138237749,0.4687968400551479,0.09301440746753246,0.12905437159216732,0.7794978699173369,2.8987519276979787,0.05042191771263692,0.4696674964789464,0.09250710227272727
49,2,50,rollout1,1.0,,all,0.0,False,generated,37.800963401794434,out/runs/49f_seed2_steps50/rollout1_s1,0.11065652475755784,0.6668221196632594,2.82186135404248,0.05082063719556834,0.42062997350505793,0.08522727272727271,0.11121104183970723,0.670001642779941,2.82854730590221,0.05069913580186801,0.42184433688701367,0.0843648538961039,0.11114172720443855,0.6696042023903558,2.8277115619197444,0.05071432347608054,0.4216925414642692,0.08447265624999999
49,2,50,rollout1,10.0,,all,0.0,False,generated,37.779571294784546,out/runs/49f_seed2_steps50/rollout1_s10,0.28043049236092,1.2995761097571117,3.188384810957279,0.20984629933336313,1.052543039130288,0.15802556818181818,0.28601000200911303,1.3277963214807247,3.2338040447073757,0.21333616990149576,1.072201444788515,0.15287642045454544,0.2853125633030889,1.3242687950152732,3.228126640488613,0.2128999360804792,1.0697441440812367,0.15352006392045453
49,2,50,rollout1,10.0,late,all,0.5,False,generated,21.238586902618408,out/runs/49f_seed2_steps50/rollout1_s10_late,0.2723607661775357,1.242326562524259,3.000581462402508,0.19831932703267235,0.9823496952501636,0.1075994318181818,0.2778737047586581,1.2581092411672754,2.9488247952845184,0.2004722894489636,0.9981655616332891,0.1094257305194805,0.27718458743601776,1.256136406336898,2.955294378674267,0.20020316914692715,0.9961885783353983,0.10919744318181818
49,2,50,rollout1,10.0,paper,all,0.0,False,paper,52.83632850646973,out/runs/49f_seed2_steps50/rollout1_s10_paper,0.2843163130136519,1.2928485469962119,3.158568011004963,0.23418204093578804,1.109818081742471,0.17524857954545453,0.2886453052182027,1.3369995743879024,3.224523245436856,0.2389392887379112,1.152347626439789,0.175197849025974,0.2881041811926339,1.3314806959639411,3.216278841132869,0.2383446327626458,1.1470314333526241,0.1752041903409091
49,2,50,rollout1,10.0,pos,pos,0.0,False,generated,37.25597929954529,out/runs/49f_seed2_steps50/rollout1_s10_pos,0.6134790377934054,2.055703125706333,3.5462145438477712,0.20208167941410493,1.3529622985488974,0.06356534090909088,0.6125142341226775,2.0881412737702165,3.5091960281997854,0.20563529215101312,1.3731870514778746,0.05927861201298701,0.6126348345815185,2.0840865052622313,3.5138233426557837,0.2051910905588996,1.3706589573617527,0.059814453124999986
49,2,50,rollout1,10.0,x0,all,0.0,True,generated,24.12881088256836,out/runs/49f_seed2_steps50/rollout1_s10_x0,0.38952665244982865,1.7020818068888972,3.005982343349988,0.30116519541293507,1.5246985117680532,0.009232954545454544,0.39014465644586466,1.7160679975347992,2.994856502789695,0.301222974666339,1.524563325621558,0.008928571428571428,0.39006740594636014,1.7143197237040613,2.9962472328597323,0.3012157522596635,1.5245802238898698,0.00896661931818182
49,2,50,rollout1,1.0,late,all,0.5,False,generated,20.97534465789795,out/runs/49f_seed2_steps50/rollout1_s1_late,0.13339726105963332,0.7853116478200892,2.923645678176775,0.05741269383286541,0.4869982962343447,0.09037642045454543,0.13682746711491714,0.795047457605538,2.881523096519559,0.05972422511980587,0.4910954870386516,0.10592532467532467,0.13639869135800664,0.7938304813823569,2.8867884192267113,0.059435283708938316,0.49058333818811317,0.10398171164772727
49,2,50,rollout1,1.0,paper,all,0.0,False,paper,53.01482152938843,out/runs/49f_seed2_steps50/rollout1_s1_paper,0.11035910522298023,0.6399258507678072,2.789306035081623,0.05631165999404343,0.4120241140786982,0.10280539772727271,0.11014011875309875,0.6417263830638024,2.794466170532433,0.0561563756052832,0.4085584184058308,0.10965401785714286,0.11016749206183393,0.6415013165268029,2.7938211536010815,0.056175786153878235,0.4089916303649393,0.10879794034090909
49,2,50,rollout1,1.0,pos,pos,0.0,False,generated,35.13971018791199,out/runs/49f_seed2_steps50/rollout1_s1_pos,0.1587946480447161,0.9148840085107153,3.039113908879123,0.04147374128737957,0.5249681698491522,0.01651278409090909,0.16124102013583916,0.9344580988612367,2.9890541113348887,0.040808585039213294,0.5326839291646908,0.014965503246753248,0.16093522362444873,0.9320113375674215,2.9953115860279182,0.040891729570234084,0.5317194592502485,0.015158913352272728
49,2,50,rollout1,1.0,x0,all,0.0,True,generated,25.612898588180542,out/runs/49f_seed2_steps50/rollout1_s1_x0,0.11897897106768826,0.7454443499423954,2.8321215151266315,0.06681975278884394,0.5599764378300391,0.03355823863636363,0.11617154915875147,0.7396868070942089,2.815841744456787,0.06576645019059642,0.5568288283683704,0.03000710227272727,0.11652247689736858,0.7404064999502322,2.8178767157905176,0.06589811301537735,0.5572222795510791,0.030450994318181816
49,2,50,rollout1,3.0,,all,0.0,False,generated,37.522820711135864,out/runs/49f_seed2_steps50/rollout1_s3,0.14221121842126958,0.7814448259852029,2.939582189108875,0.08049616372395621,0.5490042558479974,0.09303977272727272,0.14595878414981886,0.7990865162719721,2.9446357399858454,0.081498399193311,0.556608316309747,0.10153713474025973,0.1454903384337502,0.7968813049861261,2.9440040461262242,0.08137311975964165,0.5556578087520283,0.10047496448863634
49,2,50,rollout1,3.0,late,all,0.5,False,generated,20.99018144607544,out/runs/49f_seed2_steps50/rollout1_s3_late,0.15949562350265223,0.8544727028689347,2.8772057579506765,0.08816598043298801,0.5884221965452603,0.10138494318181816,0.1662960664449685,0.876344246479973,2.8562755088010205,0.08960292910859032,0.5970702903676773,0.11274857954545452,0.165446011077179,0.8736103035285934,2.858891789944728,0.08942331052414002,0.5959892786398753,0.11132812499999999
49,2,50,rollout1,3.0,paper,all,0.0,False,paper,51.79198622703552,out/runs/49f_seed2_steps50/rollout1_s3_paper,0.14052344696357907,0.7552685560029877,2.8946784582662817,0.09180656829654074,0.5573614203650012,0.11079545454545453,0.1433911387185451,0.7631933281741082,2.899680995486731,0.09254869021386362,0.5587926645356701,0.11716213474025972,0.14303267724917434,0.7622027316527181,2.8990556783341743,0.09245592497419826,0.5586137590143364,0.11636629971590907
49,2,50,rollout1,3.0,pos,pos,0.0,False,generated,36.4208824634552,out/runs/49f_seed2_steps50/rollout1_s3_pos,0.2823316530506383,1.3518945569137353,3.184457767125953,0.09320863749152374,0.8239096709802067,0.045632102272727265,0.2875069738546454,1.3647122749084961,3.1765648145989798,0.09481176550726654,0.8268915999576156,0.04804180194805195,0.28686005875414455,1.363110060159151,3.1775514336648514,0.09461137450529869,0.8265188588354394,0.047740589488636354
49,2,50,rollout1,3.0,x0,all,0.0,True,generated,24.586369037628174,out/runs/49f_seed2_steps50/rollout1_s3_x0,0.17017433509031532,0.9960994442989652,2.81487508527141,0.12574150359114825,0.8685433356455015,0.009765625,0.17110401293877459,1.0083803995188454,2.8197130555378656,0.12562108411659792,0.8737803942989798,0.009816355519480522,0.17098780320771712,1.0068452801163605,2.8191083092545592,0.1256361365509167,0.8731257619672949,0.009810014204545454
49,2,50,rollout5,0.03,,all,0.0,False,generated,87.46235060691833,out/runs/49f_seed2_steps50/rollout5_s0.03,0.14449383935098542,0.8257607913806286,2.9417685208711526,0.05760841999828463,0.4902846518163557,0.14311079545454544,0.14749161298267252,0.8436464318631952,2.9102984235689178,0.05871229584624449,0.49077740378484463,0.1520140016233766,0.14711689127871166,0.8414107268028744,2.914232185731697,0.05857431136524951,0.4907158097887835,0.15090110085227273
49,2,50,rollout5,0.03,late,all,0.5,False,generated,43.85638499259949,out/runs/49f_seed2_steps50/rollout5_s0.03_late,0.14792707265310945,0.8418137847471361,2.9588073700205544,0.0595884510738394,0.4997765645112349,0.15021306818181818,0.15028276799301502,0.8580946555912968,2.9237386917339285,0.05960899765634386,0.5003161848429151,0.1522169237012987,0.1499883060755268,0.8560595467357768,2.928122276519757,0.0596064293335308,0.5002487323014551,0.15196644176136365
49,2,50,rollout5,0.03,paper,all,0.0,False,paper,100.37509179115295,out/runs/49f_seed2_steps50/rollout5_s0.03_paper,0.1454191953665513,0.8260108441191835,2.9451225724932577,0.057449528184957174,0.4861578337129976,0.14701704545454547,0.14742786381890674,0.841058503124035,2.9093496734717186,0.05863179374248188,0.491896994501376,0.1490716314935065,0.14717678026236225,0.8391775457484284,2.913821285849411,0.05848401054779129,0.4911795994028287,0.14881480823863635
49,2,50,rollout5,0.03,pos,pos,0.0,False,generated,81.43857979774475,out/runs/49f_seed2_steps50/rollout5_s0.03_pos,0.142924473157234,0.8212351853616607,2.953395035731968,0.05648528633635961,0.4835264405194347,0.14044744318181818,0.14531315730727767,0.8345091478088499,2.9149685883804883,0.05645852449737023,0.4818755852227182,0.14217228084415584,0.14501457178852223,0.8328499025029512,2.9197718942994237,0.0564618697272439,0.4820819421348077,0.14195667613636362
49,2,50,rollout5,0.03,x0,all,0.0,True,generated,72.54636311531067,out/runs/49f_seed2_steps50/rollout5_s0.03_x0,0.14796683514946146,0.840196190133222,2.955817353200156,0.059574675276134775,0.500128125176772,0.14932528409090906,0.149453849063149,0.8540564790448665,2.9213521049894777,0.05950814999681625,0.4972418740079105,0.15094866071428573,0.14926797232393807,0.8523239429309108,2.9256602610158127,0.05951646565673106,0.4976026554040181,0.15074573863636365
49,2,50,rollout5,0.1,,all,0.0,False,generated,87.14214015007019,out/runs/49f_seed2_steps50/rollout5_s0.1,0.13423628061321943,0.7816712335875741,2.8960554895794797,0.05222949168274624,0.45231955317576467,0.12606534090909088,0.13515154392400267,0.7856930116055064,2.868341246633314,0.053279195038324054,0.4538679240132358,0.13227982954545453,0.13503713601015477,0.785190289353265,2.871805527001585,0.05314798211887683,0.4536743776585519,0.1315030184659091
49,2,50,rollout5,0.1,late,all,0.5,False,generated,45.60959315299988,out/runs/49f_seed2_steps50/rollout5_s0.1_late,0.14163403613215436,0.8157531993316738,2.9493203774192662,0.05687257319465336,0.47747355548207143,0.1377840909090909,0.14445689303182932,0.8320938712663335,2.9128605487513113,0.057003527821328906,0.4832114316606854,0.14204545454545453,0.14410403591936996,0.830051287274501,2.9174180273348056,0.05698715849299447,0.4824941971383587,0.14151278409090906
49,2,50,rollout5,0.1,paper,all,0.0,False,paper,99.49604964256287,out/runs/49f_seed2_steps50/rollout5_s0.1_paper,0.13251291307063917,0.767448851957556,2.8910234959287497,0.05183999535615553,0.44606284006539865,0.1258877840909091,0.13567880257774753,0.7794446565386851,2.8655094202960427,0.05377837663722383,0.4538293613190612,0.12997159090909088,0.135283066389359,0.7779451809660438,2.868698679750131,0.053536078977090285,0.45285854616235344,0.12946111505681815
49,2,50,rollout5,0.1,pos,pos,0.0,False,generated,82.56881046295166,out/runs/49f_seed2_steps50/rollout5_s0.1_pos,0.1328784110575476,0.7781129015338196,2.9352357111675316,0.048143879698830064,0.43630493990993324,0.1104403409090909,0.13479274647091746,0.7839912709574575,2.895550799965541,0.04981124970031899,0.44117729230729985,0.11574168019480517,0.13455345454424622,0.7832564747795028,2.9005114138657895,0.04960282845013288,0.440568248257629,0.11507901278409088
49,2,50,rollout5,0.1,x0,all,0.0,True,generated,69.52215194702148,out/runs/49f_seed2_steps50/rollout5_s0.1_x0,0.1379199161861099,0.7953730904237993,2.9416421521712106,0.05473866715305352,0.464244529054629,0.12642045454545453,0.1438371076132529,0.8268782507682454,2.9032738953358526,0.05693551646581046,0.47595092263675726,0.13892552759740256,0.14309745868486,0.8229401057251897,2.908069927440272,0.05666091030171584,0.4744876234389912,0.1373623934659091
49,2,50,rollout5,0.3,,all,0.0,False,generated,86.47801685333252,out/runs/49f_seed2_steps50/rollout5_s0.3,0.10858065809337338,0.6471646183207178,2.8074203582614885,0.04357032677257203,0.37123948060906486,0.09747869318181818,0.11225922763428312,0.6635652270264715,2.7932196836361243,0.04527513905226782,0.3793282086301469,0.10318587662337662,0.1117994064416694,0.6615151509382522,2.794994767964295,0.04506203751730585,0.37831711762751163,0.1024724786931818
49,2,50,rollout5,0.3,late,all,0.5,False,generated,44.65824794769287,out/runs/49f_seed2_steps50/rollout5_s0.3_late,0.1288932868295503,0.75924979164558,2.9224265643596476,0.05113263361508213,0.4387169142645132,0.10653409090909088,0.1370589044278498,0.7921501312766892,2.8839146119946335,0.0543761506687253,0.45454039476195857,0.12639508928571427,0.13603820222806237,0.7880375888228006,2.88872860604026,0.053970711037019906,0.45256245969977793,0.12391246448863635
49,2,50,rollout5,0.3,paper,all,0.0,False,paper,93.92477679252625,out/runs/49f_seed2_steps50/rollout5_s0.3_paper,0.11479744627952847,0.6595034226718944,2.8090332464262073,0.04576109063880977,0.3839384554026578,0.09268465909090909,0.11436025166823759,0.661352028712988,2.781584816551455,0.04586993305015811,0.38120201429439715,0.09758015422077922,0.11441490099464895,0.6611209529578512,2.7850158702857986,0.04585632774873957,0.38154406943292973,0.09696821732954544
49,2,50,rollout5,0.3,pos,pos,0.0,False,generated,80.18520402908325,out/runs/49f_seed2_steps50/rollout5_s0.3_pos,0.1297445488212916,0.7251093798209141,2.925767263324383,0.04553850841370739,0.379319338252366,0.09303977272727271,0.13156142905040316,0.7389294368941722,2.8746571975138306,0.046310284937493104,0.3869254343898416,0.0979606331168831,0.1313343190217642,0.737201929760015,2.8810459557401495,0.046213812872019894,0.3859746723726572,0.0973455255681818
49,2,50,rollout5,0.3,x0,all,0.0,True,generated,70.42151474952698,out/runs/49f_seed2_steps50/rollout5_s0.3_x0,0.13276361478706383,0.760321549239426,2.894159724083373,0.05177409862480831,0.4411680224719652,0.10120738636363635,0.13196977186497177,0.7660403778691887,2.853208790433636,0.052666448409799296,0.4417822999667986,0.1025010146103896,0.1320690022302333,0.7653255242904683,2.858327657139853,0.052554904686675424,0.4417055152799444,0.10233931107954543
49,2,50,rollout5,1.0,,all,0.0,False,generated,86.30146145820618,out/runs/49f_seed2_steps50/rollout5_s1,0.11681737033549726,0.6229309020157354,2.697393147513953,0.05460893249398023,0.3763795175211553,0.0958806818181818,0.1167748599281748,0.6270850150719519,2.70272907920179,0.053836666853136025,0.37372847835276496,0.09785917207792207,0.11678017372909011,0.6265657509399248,2.70206208774081,0.05393320005824155,0.3740598582488137,0.09761186079545453
49,2,50,rollout5,10.0,,all,0.0,False,generated,84.98947668075562,out/runs/49f_seed2_steps50/rollout5_s10,0.3199557392026068,1.1576128995828823,2.628115248872836,0.23291849345119534,0.8568645580831424,0.1438210227272727,0.3188821588868321,1.1635840804226412,2.7246557556101783,0.2307633777682412,0.8621997282687411,0.13699776785714285,0.3190163564263039,1.1628376828176714,2.7125881922680106,0.2310327672286105,0.8615328319955413,0.1378506747159091
49,2,50,rollout5,10.0,late,all,0.5,False,generated,44.2468843460083,out/runs/49f_seed2_steps50/rollout5_s10_late,0.30833856758930916,1.1256214110436245,2.5889832362756398,0.22302807022330262,0.8343047061710687,0.1328125,0.31193195762685505,1.1351814028769975,2.566568842950885,0.22370209042970085,0.8385223130357566,0.1409547483766234,0.3114827838721619,1.133986403897826,2.5693706421164793,0.22361783790390105,0.8379951121776706,0.13993696732954544
49,2,50,rollout5,10.0,paper,all,0.0,False,paper,97.00730562210083,out/runs/49f_seed2_steps50/rollout5_s10_paper,0.48040922809231024,1.3916036332477772,2.8236467815892135,0.335807316611045,1.080253336816458,0.13174715909090906,0.4842000934753975,1.3910488358574062,2.846688079594309,0.33937541142458805,1.0903513488567629,0.1324320211038961,0.4837262353025116,1.391118185531203,2.843807917343672,0.3389293995728952,1.0890890973517249,0.1323464133522727
49,2,50,rollout5,10.0,pos,pos,0.0,False,generated,86.83323907852173,out/runs/49f_seed2_steps50/rollout5_s10_pos,1.2213832611962125,2.3125074963764884,2.8824535531016386,0.8599627265746594,1.0099273508776343,0.13884943181818182,1.2382199017011355,2.3246220441114156,2.8902407844721187,0.8714746578966145,0.9894838339264077,0.13129058441558442,1.23611532163802,2.32310772564455,2.889267380550809,0.8700356664813701,0.9920392735453111,0.13223544034090906
49,2,50,rollout5,10.0,x0,all,0.0,True,generated,62.56770944595337,out/runs/49f_seed2_steps50/rollout5_s10_x0,1.7295009594398945,2.593048127345482,2.7553127679674563,1.1427646813287715,1.0448002901798925,0.13920454545454544,1.7769738966397668,2.618558791195965,2.775191284396981,1.1666105953560166,1.03766829604174,0.14115767045454544,1.7710397794897825,2.6153699582146546,2.77270646984329,1.1636298561026108,1.0385597953090093,0.14091352982954544
49,2,50,rollout5,1.0,late,all,0.5,False,generated,43.91108822822571,out/runs/49f_seed2_steps50/rollout5_s1_late,0.15074265146536606,0.792893105050052,2.831272112074724,0.06676046312284685,0.46969637359638655,0.12180397727272727,0.15443906608077235,0.8028572948107754,2.805676161125023,0.06763915751755474,0.47354234665400324,0.12900771103896103,0.15397701425384655,0.801611771090685,2.8088756549937357,0.06752932071821627,0.4730616000218011,0.12810724431818182
49,2,50,rollout5,1.0,paper,all,0.0,False,paper,94.7026002407074,out/runs/49f_seed2_steps50/rollout5_s1_paper,0.11956434994573713,0.6035678336197798,2.6818265402785793,0.05488713493942695,0.36147457041947684,0.08824573863636362,0.11806529678442432,0.5999712000904049,2.6968402968025558,0.05419083726445341,0.3603981121612559,0.08525263798701298,0.11825267842958842,0.6004207792815768,2.694963577237059,0.0542778744738251,0.36053266944353357,0.08562677556818181
49,2,50,rollout5,1.0,pos,pos,0.0,False,generated,79.03060603141785,out/runs/49f_seed2_steps50/rollout5_s1_pos,0.22169933622790808,0.9737246942606103,2.9242932747621913,0.09790117438743481,0.44792266621246013,0.15571732954545453,0.22486816688249786,0.9857623675840793,2.8878932160236856,0.09867670378196099,0.4588229645599145,0.1514052353896104,0.22447206305067413,0.9842576584186457,2.8924432233659996,0.09857976260764521,0.4574604272664827,0.15194424715909088
49,2,50,rollout5,1.0,x0,all,0.0,True,generated,70.05267071723938,out/runs/49f_seed2_steps50/rollout5_s1_x0,0.1471363765182399,0.7577901274459257,2.7148791774362246,0.08117396005742589,0.5150302221623732,0.061967329545454544,0.14794119251082086,0.7585257956240664,2.7062919815906357,0.08118017433235868,0.5150355282433122,0.059126420454545456,0.14784059051174825,0.7584338371017988,2.7073653810713343,0.08117939754799208,0.5150348649831948,0.05948153409090909
49,2,50,rollout5,3.0,,all,0.0,False,generated,85.88310170173645,out/runs/49f_seed2_steps50/rollout5_s3,0.1705771442994209,0.7750288029349033,2.645295856246766,0.09952420442095722,0.5108592755042893,0.11541193181818181,0.16874610721025962,0.760518498617211,2.688791619594156,0.09644433830255418,0.49651261478307374,0.10932426948051947,0.16897498684640477,0.7623322866569227,2.6833546491757323,0.09682932156735455,0.49830594737322564,0.11008522727272727
49,2,50,rollout5,3.0,late,all,0.5,False,generated,44.22727417945862,out/runs/49f_seed2_steps50/rollout5_s3_late,0.2028815686997159,0.8900686865014997,2.6678033038768776,0.11189077209323556,0.5809600982586705,0.12872869318181818,0.20579096367928998,0.8954901026550954,2.666194856875978,0.11149455523366084,0.5715780581838393,0.14831067370129872,0.20542728930684323,0.894812425635896,2.6663959127510903,0.11154408234110767,0.5727508131931931,0.14586292613636365
49,2,50,rollout5,3.0,paper,all,0.0,False,paper,94.43796133995056,out/runs/49f_seed2_steps50/rollout5_s3_paper,0.18793840223843306,0.7741272493737265,2.7118693065223596,0.10876265326153878,0.5266922221177175,0.10245028409090906,0.1893855891096205,0.7786948211408786,2.7478731990959266,0.10753906791128727,0.5243456399299519,0.10082690746753246,0.18920469075072208,0.7781238746699846,2.7433727125242306,0.1076920160800687,0.5246389627034226,0.10102982954545453
49,2,50,rollout5,3.0,pos,pos,0.0,False,generated,81.00473141670227,out/runs/49f_seed2_steps50/rollout5_s3_pos,0.4421960415429588,1.512279392491954,2.9053814637871334,0.28012007136161654,0.6995867897594155,0.16796875,0.42348457272288986,1.4560672741556577,2.8661339193419835,0.26802748877799015,0.659984461122109,0.15815239448051946,0.42582350632539845,1.463093788947695,2.8710398623976277,0.26953906160094343,0.6649347522017723,0.15937943892045453
49,2,50,rollout5,3.0,x0,all,0.0,True,generated,66.03642058372498,out/runs/49f_seed2_steps50/rollout5_s3_x0,0.3359778902879637,1.1083798094229866,2.7928039778251907,0.22338149105750582,0.6743971493618575,0.08345170454545453,0.3416650829922704,1.1200002375038705,2.7755400954996454,0.22599406824108406,0.6848086338133564,0.08649553571428571,0.34095418390423204,1.1185476839937598,2.777698080790338,0.2256674960931368,0.683507198256919,0.08611505681818181
